Drug,Y
CC(=O)Nc1ccccc1,1
COc1cc(C)c(/C=C/C(C)=C/C=C/C(C)=CC(=O)O)c(C)c1C,1
CC(C)NC[C@H](O)COc1ccc(CC(N)=O)cc1,1
CC(C)Cc1ccc([C@H](C)C(=O)O)cc1,1
CCNC[C@H](C)c1cccc(C(F)(F)F)c1,1
CC(C)NC[C@@H](O)c1cc(O)cc(O)c1,1
CCN(CC)CC(=O)Nc1c(C)cccc1C,1
Cc1cccc(C)c1OC[C@H](C)N,1
OC[C@H](O)COc1ccc(Cl)cc1,1
C=CCOc1ccccc1OC[C@@H](O)CNC(C)C,1
CCN(C)C(=O)Oc1cccc([C@@H](C)N(C)C)c1,1
COc1cc(C)c([S+](C)[O-])cc1OC,1
CCN(CC)CCNC(=O)c1cc(Cl)c(N)cc1OC,1
CC(=O)Nc1c(I)c(NC(C)=O)c(I)c(C(=O)O)c1I,0
CCOC(=O)C(C)(C)Oc1ccc(Cl)cc1,1
COCCc1ccc(OC[C@@H](O)CNC(C)C)cc1,1
C[C@@H](NC(C)(C)C)C(=O)c1ccc(Cl)cc1,1
CC(=O)N(C[C@H](O)CO)c1c(I)c(C(=O)NC[C@H](O)CO)c(I)c(C(=O)NC[C@H](O)CO)c1I,0
CCCCNC(=O)NS(=O)(=O)c1ccc(C)cc1,1
O=C(N[C@H](CO)[C@@H](O)c1ccc([N+](=O)[O-])cc1)C(Cl)Cl,1
Cc1ccc(C)c(OCCCC(C)(C)C(=O)O)c1,1
CCCC(=O)Nc1ccc(OC[C@@H](O)CNC(C)C)c(C(C)=O)c1,1
CC(=O)Nc1ccc(O)cc1,1
CC(C)NC(=N)NC(=N)Nc1ccc(Cl)cc1,1
N[C@H](CCC(=O)O)c1ccc(Cl)cc1,1
CC(C)N[C@@H](O)c1ccc(O)c(O)c1,1
CCCNC(=O)NS(=O)(=O)c1ccc(Cl)cc1,1
CCN(CC)[C@H](C)C(=O)c1ccccc1,1
CC(C)(C)NC[C@@H](O)c1ccc(O)c(C(=O)O)c1,1
CC(=O)Oc1ccccc1C(=O)O,1
CCCCCCCN(CC)CCC[C@@H](O)c1ccc(NS(C)(=O)=O)cc1,1
COP(=O)(C[C@H](c1ccc(Cl)cc1)P(=O)(OC)OC)OC,1
O=P(O)(O)C(Cc1ccc(Cl)cc1)P(=O)(O)O,0
CC[N+](C)(C)Cc1ccccc1Br,0
Nc1ccc(O)c(C(=O)O)c1,1
COc1cccc(C[C@H](C)N)c1,1
C[C@H](N)[C@@H](O)c1ccccc1,1
CC(=O)Nc1ccc([C@H](O)CNC(C)C)cc1,1
CC[N+](C)(C)c1cccc(O)c1,0
CC[N+](CC)(CC)CCOc1cccc(OCC[N+](CC)(CC)CC)c1OCC[N+](CC)(CC)CC,0
CC(C)NC[C@H](O)COc1cccc(NS(C)(=O)=O)c1,1
CN(C)C(=O)Oc1cccc([N+](C)(C)C)c1,0
N=C(N)N/N=C/c1c(Cl)cccc1Cl,1
CCCN(CCC)S(=O)(=O)c1ccc(C(=O)O)cc1,1
CNNCc1ccc(C(=O)NC(C)C)cc1,1
CC(C)c1cccc(C(C)C)c1O,1
O=C(O)CCCc1ccc(N(CCCl)CCCl)cc1,1
CN[C@@H](C)[C@@H](O)c1ccccc1,1
C=CCc1ccccc1OC[C@@H](O)CNC(C)C,1
C#CCN(C)[C@@H](C)Cc1ccccc1,1
NC(N)=NC(=O)Cc1c(Cl)cccc1Cl,1
C[C@H](N)Cc1ccccc1,1
Cc1cccc(C)c1NC(=O)NCCCNC(C)C,1
N[C@H](CO)C(=O)NNCc1ccc(O)c(O)c1O,1
CC(C)NC[C@H](O)COc1ccc(COCCOC(C)C)cc1,1
Cc1cccc(C)c1NC(=O)[C@@H](C)N,1
COc1ccccc1OC[C@H](O)COC(N)=O,1
CC(=O)Oc1cc(C(C)C)c(OCCN(C)C)cc1C,1
CN(C(=O)C(Cl)Cl)c1ccc(O)cc1,1
CCC(=O)C(=O)c1ccc(OCC(=O)O)c(Cl)c1Cl,1
NC(=O)OCC(COC(N)=O)c1ccccc1,1
CC(C)C(=O)Nc1ccc([N+](=O)[O-])c(C(F)(F)F)c1,1
COCCCC/C(=N\OCCN)c1ccc(C(F)(F)F)cc1,1
CC(C)(C)NC[C@@H](O)c1cc(O)cc(O)c1,1
O=[P@@]1(N(CCCl)CCCl)OCCCN1CCCl,1
CN1CCC(=C2c3ccccc3CC(=O)c3sccc32)CC1,1
C[C@@H](CCc1ccccc1)NC[C@@H](O)c1ccc(O)c(C(N)=O)c1,1
COc1ccccc1OCCNC[C@@H](O)OCc1cccc2[nH]c3ccccc3c12,1
CCC1(c2ccccc2)C(=O)NC(=O)NC1=O,1
O=C(NC[C@@H]1CCCCN1)c1cc(OCC(F)(F)F)ccc1OCC(F)(F)F,1
CNCC[C@@H](Oc1ccc(C(F)(F)F)cc1)c1ccccc1,1
CCC[C@@H](N[C@H](C)C(=O)N1[C@H](C(=O)O)C[C@@H]2CCCC[C@@H]21)C(=O)OCC,1
C[C@H]1COc2c(N3CCN(C)CC3)c(F)cc3c(=O)c(C(=O)O)cn1c23,1
O=c1[nH]c2ccccc2n1CCCN1CCC(Nn2c(=O)[nH]c3cc(Cl)ccc32)CC1,1
Nc1c2c(nc3ccccc13)CCCC2,1
Cc1cccc(Nc2ccccc2C(=O)O)c1C,1
O=C(O)Cc1ccccc1Nc1ccc(Cl)cc1Cl,1
Cc1ccc(Cl)c(Nc2ccccc2C(=O)O)c1Cl,1
CN(C)CCC[C@@H]1c2ccccc2COc2ccccc21,1
CCCCc1nc(Cl)c(CO)n1Cc1ccc(-c2ccccc2-c2nnn[nH]2)cc1,1
CCO[C@H](Cc1ccc(OCCc2ccc(OS(C)(=O)=O)cc2)cc1)C(=O)O,1
CCN(C(C)=O)c1cccc(-c2ccnc3c(C#N)cnn23)c1,1
Cc1ccc(S(=O)(=O)NC(=O)NN2C[C@H]3CCC[C@H]3C2)cc1,1
NC(=O)N1C(=O)[C@@H](C(=O)c2cccs2)c2cc(Cl)ccc21,1
CN(C)[C@H]1C(O)=C(C(N)=O)C(=O)[C@@]2(O)C(=O)C3=C(O)c4c(O)cccc4[C@@](C)(O)[C@@H]3[C@H](O)[C@@H]12,1
CO/N=C(\C(=O)N[C@@H]1C(=O)N2C(C(=O)O)=CCS[C@@H]12)c1csc(N)n1,1
COCC1=C(C(=O)O[C@H](C)OC(=O)OC(C)C)N2C(=O)[C@H](NC(=O)C(=NOC)c3csc(N)n3)[C@@H]2SC1,1
C[C@@H]1[C@@H](NC(=O)/C(=N\OC(C)(C)C(=O)O)c2csc(N)n2)C(=O)N1S(=O)(=O)O,0
COc1ccc(C[C@H]2c3cc(OC)c(OC)cc3CC[N@@+]2(C)CCC(=O)OCCCCCOC(=O)CC[N@+]2(C)CCc3cc(OC)c(OC)cc3[C@@H]2Cc2ccc(OC)c(OC)c2)cc1OC,0
O=C(O)c1ccccc1C(=O)Nc1ccc(S(=O)(=O)Nc2nccs2)cc1,0
CC[C@]1(CCC(C)C)C(=O)N=C(O)N=C1O,1
CCOc1ccccc1OC[C@H]1COCCN1,1
CC(C)n1c(/C=C/[C@H](O)C[C@@H](O)CC(=O)O)c(-c2ccc(F)cc2)c2ccccc21,1
CCOC(=O)C1(c2ccccc2)CCN(C)CC1,1
CN1C(C(=O)Nc2ccccn2)=C(O)c2ccccc2S1(=O)=O,1
Cc1onc(-c2c(F)cccc2Cl)c1C(=O)N[C@@H]1C(=O)N2[C@H]1SC(C)(C)[C@H]2C(=O)O,1
O=C(COCCOCCOCC(=O)Nc1c(I)cc(I)c(C(=O)O)c1I)Nc1c(I)cc(I)c(C(=O)O)c1I,0
CCCC(=O)[C@]1(c2ccccc2)CCC=C[C@@H]1N(C)C,1
O=c1[nH]c2ccccc2n1C1CCN(CCC(c2ccc(F)cc2)c2ccc(F)cc2)CC1,1
C[N+]1(C)CCC(=C(c2ccccc2)c2ccccc2)CC1,0
C[C@H](c1cc2ccccc2s1)N(O)C(N)=O,1
C=C(N[C@@H]1C(=O)N2C(C(=O)O)=C(COC(C)=O)CS[C@@H]12)C(=NOC)c1csc(N)n1,0
COc1ccc2c(c1)c(CC(=O)O)cn2C(=O)c1ccccc1,1
C#C[C@@]1(OC(C)=O)CC[C@@H]2[C@@H]3CCC4=C[C@@H](OC(C)=O)CC[C@@H]4[C@@H]3CC[C@@]21C,1
C#C[C@@]1(O)CC[C@@H]2[C@@H]3CCC4=CCCC[C@@H]4[C@@H]3CC[C@@]21C,1
O=C1C(CC[S+]([O-])c2ccccc2)C(=O)N(c2ccccc2)N1c1ccccc1,1
Fc1ccc([C@H]2CCNC[C@@H]2COc2ccc3c(c2)OCO3)cc1,1
CCOC(=O)C1=C[C@H](OC(CC)CC)[C@H](NC(C)=O)[C@@H](N)C1,1
CC(=CCO)/C=C/C=C(C)\C=C\C1=C(C)CCCC1(C)C,1
CC(=CC(=O)O)/C=C/C=C(C)\C=C/C1=C(C)CCCC1(C)C,1
O=C(O)[C@@H]1C(=CCO)O[C@H]2CC(=O)N12,1
CC(C)NC[C@H](O)COc1ccc(CCOCC2CC2)cc1,1
CCN1CC[C@H](CNC(=O)c2cc(S(N)(=O)=O)ccc2OC)C1,1
CC(C)NC[C@@H]1CCc2cc(CO)c([N+](=O)[O-])cc2N1,1
CCOC(=O)Nc1ccc2c(c1)N(C(=O)CCN1CCOCC1)c1ccccc1S2,1
CNS(=O)(=O)Cc1ccc2[nH]cc(CCN(C)C)c2c1,1
CC(C)NC[C@H](O)COc1cccc2[nH]ccc12,1
Cc1ccc(NC(=O)c2ccc(CN3CCN(C)CC3)cc2)cc1Nc1nccc(-c2cccnc2)n1,1
CC(C)[C@H]1CC[C@@H](C(=O)N[C@H](Cc2ccccc2)C(=O)O)CC1,1
C[C@H]1C[C@H]2[C@H]([C@H](O)C[C@]3(C)[C@@H]2CC[C@@]3(O)C(=O)CO)[C@]2(C)C=CC(=O)C=C12,1
C[C@@]12C=CC(=O)C=C1CC[C@@H]1[C@H]3C[C@@H](O)[C@@](O)(C(=O)CO)[C@]3(C)C[C@@H](O)[C@@]12F,1
C[C@@]12C=CC(=O)C=C1CC[C@H]1[C@H]2[C@H](O)C[C@]2(C)[C@@H]1CC[C@@]2(O)C(=O)CO,1
C[C@@H]1C[C@@H]2[C@@H]3CCC4=CC(=O)C=C[C@]4(C)[C@]3(F)[C@@H](O)C[C@]2(C)[C@@]1(O)C(=O)CO,1
COc1ccc(CCN(C)CCC[C@](C#N)(c2cc(OC)c(OC)c(OC)c2)C(C)C)cc1OC,1
CN[C@H](CC(C)C)C(=O)N[C@@H]1C(=O)N[C@H](CC(N)=O)C(=O)N[C@H]2C(=O)N[C@@H]3C(=O)N[C@H](C(=O)N[C@@H](C(=O)O)c4cc(O)cc(O)c4-c4cc3ccc4O)[C@H](O)c3ccc(c(Cl)c3)Oc3cc2cc(c3O[C@@H]2O[C@@H](CO)[C@@H](O)[C@H](O)[C@H]2O[C@@H]2C[C@@](C)(N)[C@H](O)[C@H](C)O2)Oc2ccc(cc2Cl)[C@@H]1O,0
COc1cc2nc(N3CCN(C(=O)[C@@H]4COc5ccccc5O4)CC3)nc(N)c2cc1OC,1
CCCC[C@@H]1C(=O)C(=O)N(c2ccccc2)N1c1ccccc1,1
COC(=O)[C@H](c1ccccc1)[C@@H]1CCCCN1,1
Oc1ccc([C@H](O)[C@@H]2CCCCN2)cc1O,1
Cc1c(N(C)C)c(=N)n(-c2ccccc2)n1C,1
Cc1cnc(C(=O)NCCc2ccc(S(=O)(=O)NC(=O)NC3CCCCC3)cc2)cn1,1
CCC(=C(CC)c1ccc(O)cc1)c1ccc(O)cc1,1
N=C(NCCCCNC(=N)NC(=N)Nc1ccc(Cl)cc1)NC(=N)Nc1ccc(Cl)cc1,0
O=C(O)[C@H](CCc1ccccc1)N[C@@H]1CCCN2CCC[C@@H](C(=O)O)N2C1=O,0
CCOC(=O)[C@H](CCc1ccccc1)N[C@@H]1CCCN2CCC[C@@H](C(=O)O)N2C1=O,1
Cc1ccc(-c2c(-c3ccc(S(C)(=O)=O)cc3)cc(Cl)c[n+]2[O-])cn1,1
C[C@H](NCCc1ccc(O)cc1)[C@@H](O)c1ccc(O)cc1,1
C[C@@H](Cc1ccc(O)cc1)N[C@@H](O)Cc1cc(O)cc(O)c1,1
O=C1NS(=O)(=O)c2ccccc21,1
N#C[C@H](O[C@@H]1O[C@@H](CO[C@@H]2O[C@@H](CO)[C@@H](O)[C@H](O)[C@@H]2O)[C@@H](O)[C@H](O)[C@@H]1O)c1ccccc1,0
COc1cccc(C(=O)CCN[C@@H](C)[C@@H](O)c2ccccc2)c1,1
Cc1ccc(O)c([C@@H](CCN(C(C)C)C(C)C)c2ccccc2)c1,1
CCC(=O)C(C[C@H](C)N(C)C)(c1ccccc1)c1ccccc1,1
NC(=O)C[S+]([O-])C(c1ccccc1)c1ccccc1,1
Cc1ccccc1[C@@H](OCCN(C)C)c1ccccc1,1
CNCCCCOc1ccccc1Cc1ccccc1,1
COc1ccccc1N1CCN(CCCNc2cc(=O)n(C)c(=O)n2C)CC1,1
COc1ccc2cc(CCC(C)=O)ccc2c1,1
CC(C)N[C@@H](C)[C@@H](O)c1cccc2ccccc12,1
CN(C/C=C/C#CC(C)(C)C)Cc1cccc2ccccc12,1
COc1ccc2c(C(=S)N(C)CC(=O)O)ccc(C(F)(F)F)c2c1,1
COc1ccc2cc([C@H](C)C(=O)O)ccc2c1,1
CC(C)(Oc1ccc(CCNC(=O)c2ccccc2)cc1)C(=O)O,1
CN(C)CCC=C1c2ccccc2CCc2ccccc21,1
CNCCC=C1c2ccccc2CCc2ccccc21,1
CN1CCC(=C2c3ccccc3C=Cc3ccccc32)CC1,1
O=C(O[C@H]1C[C@@H]2C[C@H]3C[C@H](C1)N2CC3=O)c1c[nH]c2ccccc12,1
N=C(N)NC[C@@H]1COC2(CCCCC2)O1,1
C#C[C@@]1(OC(C)=O)CC[C@@H]2[C@@H]3CCC4=CC(=NO)CC[C@@H]4[C@@H]3CC[C@@]21CC,1
O=C1OC2(c3ccc(O)cc3Oc3cc(O)ccc32)c2ccccc21,1
NC(=O)c1cnccn1,1
CN1CCN(C(=O)O[C@@H]2c3nccnc3C(=O)N2c2ccc(Cl)cn2)CC1,1
C[C@@]12CCC3=C4CCC(=O)C=C4CC[C@@H]3[C@H]1CC[C@]2(O)CC#N,1
CN1C[C@@H](C(=O)N[C@]2(C)O[C@@]3(O)[C@@H]4CCCN4C(=O)[C@@H](Cc4ccccc4)N3C2=O)C[C@@H]2c3cccc4[nH]cc(c34)C[C@@H]21,1
CCCCC(=O)N(Cc1ccc(-c2ccccc2-c2nnn[nH]2)cc1)[C@H](C(=O)O)C(C)C,1
Cc1cccc(Nc2ccncc2S(=O)(=O)NC(=O)NC(C)C)c1,1
OCCN1CCN(CCCN2c3ccccc3Sc3ccc(Cl)cc32)CC1,1
CN1CCN(CCCN2c3ccccc3Sc3ccc(C(F)(F)F)cc32)CC1,1
CN(C)CCOC1=Cc2ccccc2Sc2ccc(Cl)cc21,1
CC(C)(Oc1ccc([C@@H]2CC2(Cl)Cl)cc1)C(=O)O,1
CCC1=C(C)CN(C(=O)NCCc2ccc(S(=O)(=O)NC(=O)N[C@H]3CC[C@H](C)CC3)cc2)C1=O,1
CC(=O)O[C@@H]1[C@H]([N+]2(C)CCCCC2)C[C@@H]2[C@@H]3CC[C@@H]4C[C@@H](OC(C)=O)[C@@H]([N+]5(C)CCCCC5)C[C@]4(C)[C@@H]3CC[C@]21C,0
COc1ccc([C@]2(C#N)CC[C@H](C(=O)O)CC2)cc1OC1CCCC1,1
CC1=Nc2ccc(Cl)cc2S(=O)(=O)N1,1
CC(C)(C)NC[C@H](O)COc1nsnc1N1CCOCC1,1
Cc1nnc2n1-c1ccc(Cl)cc1C(c1ccccc1)=NC2,1
O=c1[nH]cnc2[nH]ncc12,1
C[N+](C)(CCOc1ccccc1)Cc1ccccc1,0
CN1[C@@H]2CC[C@H]1C[C@H](OC(=O)[C@@H](CO)c1ccccc1)C2,1
CC(C)=CCN1CC[C@]2(C)c3cc(O)ccc3C[C@@H]1[C@H]2C,1
CCC1(c2ccccc2)C(=O)NCNC1=O,1
O=C1CN(/N=C/c2ccc(-c3ccc([N+](=O)[O-])cc3)o2)C(=O)N1,1
CN(Cc1cc(Br)cc(Br)c1N)C1CCCCC1,1
CC(=O)OCC(CCn1cnc2cnc(N)nc21)COC(C)=O,1
NS(=O)(=O)c1cc2c(cc1C(F)(F)F)N[C@H](Cc1ccccc1)NS2(=O)=O,1
CCC[C@@H]1C[C@H](C(=O)N[C@H]([C@@H]2O[C@@H](SC)[C@@H](O)[C@@H](O)[C@@H]2O)[C@H](C)O)N(C)C1,0
CCC[C@@H]1C[C@H](C(=O)N[C@H]([C@@H]2O[C@@H](SC)[C@@H](O)[C@@H](O)[C@@H]2O)[C@H](C)Cl)N(C)C1,1
Cc1nsc(NS(=O)(=O)c2ccc(N)cc2)c1C,1
NS(=O)(=O)c1cc(C(=O)O)cc(N2CCCC2)c1Oc1ccccc1,1
COC(=O)c1c(C)cc([N+](=O)[O-])c(C(=O)OCCN(C)Cc2ccccc2)c1C1C=C(C)NC(C)=C1,1
CNCCC[C@]12CC[C@H](c3ccccc31)c1ccccc12,1
NC1=NC(=O)N([C@H]2CS[C@H](CO)O2)CC1,1
Nc1ccc(S(=O)(=O)c2ccc(O)cc2)cc1,1
NS(=O)(=O)Cc1noc2ccccc12,1
O[C@](CCN1CCCCC1)(c1ccccc1)[C@@H]1C[C@H]2C=C[C@H]1C2,1
C[N+]1(C)CC[C@H](OC(=O)[C@@](O)(c2ccccc2)C2CCCC2)C1,0
CCCN1C[C@@H](NS(=O)(=O)N(CC)CC)C[C@@H]2Cc3c(O)cccc3C[C@@H]21,1
N=C1Cc2ccccc2N(C(N)=O)c2ccccc21,1
C[C@H](O)[C@H]1C(=O)N2C(C(=O)O)=C(S[C@@H]3CC[C@H](C(=O)N(C)C)N3)[C@@H](C)[C@H]12,0
CN1CCN(CCCCN2C(=O)CN(/N=C/c3ccc(-c4ccc(Cl)cc4)o3)C2=O)CC1,1
CC[C@@H]1OC(=O)[C@H](C)[C@@H](O[C@H]2C[C@@](C)(OC)[C@H](O)[C@H](C)O2)[C@H](C)[C@@H](O[C@@H]2O[C@@H](C)C[C@@H](N(C)C)[C@@H]2O)[C@](C)(O)C[C@@H](C)C(=O)[C@@H](C)[C@H](O)[C@]1(C)O,1
C=CC[N@+]12CC[C@]34c5ccccc5N5C=C6[C@H]7C[C@H]8[C@]9(CC[N@@+]8(CC=C)C/C7=C\CO)c7ccccc7N(C=C([C@H](C[C@H]31)/C(=C/CO)C2)[C@@H]54)[C@@H]69,0
COc1cc(N)c(Cl)cc1C(=O)N[C@@H]1CCN(CCCOc2ccc(F)cc2)C[C@@H]1OC,1
C=CCN1CC[C@@]23c4c5ccc(O)c4O[C@H]2C(=O)CC[C@@]3(O)[C@@H]1C5,1
COc1ccc2c3c1O[C@@H]1C(=O)CC[C@]4(O)[C@H](C2)N(C)CC[C@@]314,1
CC(C)(C)NC[C@H](O)COc1cccc2c1CCC(=O)N2,1
CCCCCc1cc(O)c2c(c1)OC(C)(C)[C@@H]1CCC(C)=C[C@@H]21,1
CC(C)COC[C@@H](CN1CCCC1)N(Cc1ccccc1)c1ccccc1,1
Cc1nc(NCc2cccnc2)c(C#N)c(=O)[nH]1,1
CN1CCN2c3ccccc3Cc3ccccc3[C@H]2C1,1
CC(C)(C)NC(=O)[C@@H]1CC[C@@H]2[C@@H]3CC[C@@H]4NC(=O)C=C[C@@]4(C)[C@@H]3CC[C@]21C,1
Oc1ccc2c3c1O[C@@H]1[C@@H](O)CC[C@]4(O)[C@@H](C2)N(CC2CCC2)CC[C@@]314,1
C[C@H](CN1CCOCC1)C(C(=O)N1CCCC1)(c1ccccc1)c1ccccc1,1
CC(=O)O[C@@H]1[C@H]([N+]2(C)CCCCC2)C[C@@H]2[C@@H]3CC[C@@H]4C[C@@H](OC(C)=O)[C@@H](N5CCCCC5)C[C@]4(C)[C@@H]3CC[C@]21C,0
CCN1CC[C@]23[C@@H]4C=C[C@H](O)[C@@H]2OC2=C(O)C=C[C@H](C[C@@H]41)[C@@H]23,1
OC(Cn1cncn1)(Cn1cncn1)c1ccc(F)cc1F,1
CNS(=O)(=O)CCc1ccc2[nH]c(C3CCN(C)CC3)cc2c1,1
Cc1cc(C)nc(NS(=O)(=O)c2ccc(N)cc2)n1,1
COCCOc1cnc(NS(=O)(=O)c2ccccc2)nc1,1
O=C1CC2(CCCC2)CC(=O)N1CCCCN1CCN(c2ncccn2)CC1,1
O=C1NNC(=O)C1(c1ccccc1)c1ccccc1,1
CCOC(=O)[C@@H](CCc1ccccc1)N[C@H](C)C(=O)N1[C@H](C(=O)O)C[C@@H]2CCC[C@@H]21,1
NC12CC3CC(CC(C3)C1)C2,1
CN(C)CC[C@H](c1ccccc1)c1ccccn1,1
O=C(O)CCC(=O)Nc1ccc(S(=O)(=O)Nc2nccs2)cc1,0
CCN(CC)CCOC(=O)C1(C2CCCCC2)CCCCC1,1
C[C@@](O)(CS(=O)(=O)c1ccc(F)cc1)C(=O)Nc1ccc(C#N)c(C(F)(F)F)c1,1
C[n+]1ccccc1/C=N/O,0
CN1c2ccccc2N(CCCCCCC(=O)O)c2ccc(Cl)cc2S1(=O)=O,1
Cc1cc(NS(=O)(=O)c2ccc(N)cc2)nc(C)n1,1
CCS(=O)(=O)CCn1c([N+](=O)[O-])cnc1C,1
Cc1ncc([N+](=O)[O-])n1CCO,1
C/N=C(\NC#N)NCCSCc1nc[nH]c1C,1
CN1CCC(=C2c3ccccc3CCc3sccc32)CC1,1
COc1ccc2c3c1O[C@@H]1C[C@@H](O)C=C[C@]31CCN(C)C2,1
C=C[C@@]12CC[C@@H](O[C@H]3C[C@@H](OC)[C@@H](O)[C@H](C)O3)C[C@]1(O)CC[C@@H]1[C@@H]2CC[C@]2(C)[C@H](C3=CC(=O)OC3)CC[C@@]12O,1
N#Cc1ccc(C(c2ccc(C#N)cc2)n2cncn2)cc1,1
CSc1ccc2ncn(/C=C/C(=O)O)c(=O)c2c1,1
CC[C@@H]1C[C@H](OC(=O)C(O)(c2ccccc2)c2ccccc2)C[C@H](C)[N+]12CCCC2,0
CN1CCC[C@@H]1c1cccnc1,1
c1ccc(CC2=NCCN2)cc1,1
O=C(c1ccccc1)c1ccc2n1CC[C@@H]2C(=O)O,1
C[C@H](C(=O)O)c1cccc(C(=O)c2ccccc2)c1,1
C[C@@H]1O[C@@H](O[C@H]2[C@@H](O)[C@H](O)[C@H](O[C@H]3[C@@H](O)[C@H](O)[C@@H](O)O[C@@H]3CO)O[C@@H]2CO)[C@@H](O)[C@@H](O)[C@@H]1N[C@@H]1C=C(CO)[C@H](O)[C@H](O)[C@H]1O,0
Cc1cnc(C[S+]([O-])c2nc3ccccc3[nH]2)cc1OCC(F)(F)F,1
COc1ccc2[nH]c([S+]([O-])Cc3ncc(C)c(OC)c3C)nc2c1,1
COc1ccnc(C[S+]([O-])c2nc3cc(OC(F)F)ccc3[nH]2)c1OC,1
COCCCOc1ccnc(C[S+]([O-])c2nc3ccccc3[nH]2)c1C,1
Nc1nc2ccc(OC(F)(F)F)cc2s1,1
CC(C)(C)NC[C@H](O)COc1ccccc1C1CCCC1,1
O=C1c2c(O)ccc(O)c2C(=O)c2c(NCCNCCO)ccc(NCCNCCO)c21,0
CCc1nn(CCCN2CCN(c3cccc(Cl)c3)CC2)c(=O)n1CCOc1ccccc1,1
Clc1ccc2c(c1)C(N1CCNCC1)=Nc1ccccc1O2,1
Nc1cc(-c2ccncc2)c[nH]c1=O,1
Cc1[nH]c(=O)c(C#N)cc1-c1ccncc1,1
Cc1cc(NS(=O)(=O)c2ccc(N)cc2)no1,1
CC(=O)Nc1ccc(OC(=O)c2ccccc2OC(C)=O)cc1,1
O=C(Oc1ccccc1C(=O)O)c1ccccc1O,1
CON=C(C(=O)N[C@H]1C(=O)N2C(C(=O)O)=C(CSc3nc(=O)c(O)nn3C)CS[C@@H]12)c1csc(N)n1,0
CC(C)CCC[C@H](C)[C@@H]1CC[C@@H]2[C@@H]3CC=C4C[C@@H](O)CC[C@]4(C)[C@@H]3CC[C@@]21C,1
CCCOC(C(=O)OC1CCN(C)CC1)(c1ccccc1)c1ccccc1,1
CCCc1c2oc(C(=O)O)cc(=O)c2cc2c(=O)cc(C(=O)O)n(CC)c12,0
CCC#CC[C@H](C)[C@@H](O)C#C[C@@H]1[C@H]2C/C(=C\COCC(=O)O)C[C@@H]2C[C@@H]1O,1
C=C1/C(=C\C=C2/CCC[C@]3(C)[C@@H]2CC[C@H]3[C@@H](C)CCCC(C)C)C[C@H](O)C[C@H]1O,1
CCOC(=O)[C@@H](CCc1ccccc1)N[C@H](C)C(=O)N1[C@H](C(=O)O)C[C@@H]2CCCC[C@@H]21,1
COc1cc2c(cc1OC)[C@@H]1CC(=O)[C@H](CC(C)C)CN1CC2,1
CCCc1nc2c(n1Cc1ccc(-c3ccccc3C(=O)O)cc1)=C[C@H](c1nc3ccccc3n1C)CC=2C,1
CCOC(=O)c1ncn2c1CN(C)C(=O)c1cc(F)ccc1-2,1
CN1CCC[C@@H](N2N[C@@H](Cc3ccc(Cl)cc3)c3ccccc3C2=O)CC1,1
NS(=O)(=O)c1cc(Cl)cc(NCc2ccco2)c1C(=O)O,1
CCC(=C(c1ccccc1)c1ccc(OCCN(C)C)cc1)c1ccccc1,1
CN(C)CCOc1ccc(C(=C(CCCl)c2ccccc2)c2ccccc2)cc1,1
CN[C@@H]1[C@H](O[C@H]2[C@@H](O[C@H]3[C@@H](O)[C@@H](O)[C@@H](NC(=N)N)[C@@H](O)[C@@H]3NC(=N)N)O[C@@H](C)[C@@]2(O)C=O)O[C@@H](CO)[C@@H](O)[C@H]1O,0
CC1(C)S[C@H]2[C@@H](NC(=O)[C@@H](C(=O)O)c3ccsc3)C(=O)N2[C@@H]1C(=O)O,0
C#C[C@@]1(O)CC[C@@H]2[C@@H]3CCC4=CC(=O)CC[C@@H]4[C@@H]3C=C[C@@]21CC,1
CCCCNc1cc(C(=O)O)cc(S(N)(=O)=O)c1Oc1ccccc1,1
C[C@H](C(=O)O)c1cccc(Oc2ccccc2)c1,1
O=C(O)Cc1ccccc1Oc1ccc(Cl)cc1Cl,1
Nc1nnc(-c2cccc(Cl)c2Cl)c(N)n1,1
Cn1cc[nH]c1=S,1
CCOC(=O)n1ccn(C)c1=S,1
O=c1[nH]c2ccccc2n1CCCN1CCN(C(c2ccccc2)c2ccccc2)CC1,1
CCC(=O)O[C@@](Cc1ccccc1)(c1ccccc1)[C@@H](C)CN(C)C,1
OC[C@@H]1O[C@@H](OC[C@@H]2O[C@@H](O[C@]3(CO)O[C@@H](CO)[C@H](O)[C@@H]3O)[C@@H](O)[C@@H](O)[C@@H]2O)[C@@H](O)[C@@H](O)[C@@H]1O,0
COc1cc2nc(N3CCN(C(=O)[C@@H]4CCCO4)CC3)nc(N)c2cc1OC,1
Clc1ccc(CO[C@H](Cn2ccnc2)c2ccc(Cl)cc2Cl)c(Cl)c1,1
COc1cc(Cc2cnc(N)nc2N)cc(OC)c1OC,1
C#C[C@@]1(O)CC[C@@H]2[C@@H]3CC[C@@H]4CC(=O)CCC4=C3[C@H](c3ccc(N(C)C)cc3)C[C@@]21C,1
C[N+]1(C)CCC[C@@H]1COC(=O)C(O)(c1ccccc1)c1ccccc1,0
Cc1cn([C@H]2C=C[C@H](CO)O2)c(=O)nc1N,1
COc1cc2c(cc1OC)[C@H](Cc1cc(OC)c(OC)c(OC)c1)[N@+](C)(CCCOC(=O)CC/C=C/CCC(=O)OCCC[N@+]1(C)CCc3cc(OC)c(OC)cc3[C@@H]1Cc1cc(OC)c(OC)c(OC)c1)CC2,0
Fc1ccc(C(c2ccc(F)cc2)N2CCN(CCCc3ccccc3)CC2)cc1,1
CC(=O)O[C@]1(C(C)=O)CC[C@@H]2[C@H]3C=C(C)C4=CC(=O)CC[C@@]4(C)[C@H]3CC[C@]21C,1
CCCCCC(=O)O[C@]1(C(C)=O)CC[C@@H]2[C@@H]3C=CC4=CC(=O)CC[C@]4(C)[C@@H]3CC[C@@]21C,1
C[C@H]1CC(=O)NN=C1c1ccc(NN=C(C#N)C#N)cc1,1
ON=Cc1cc[n+](COC[n+]2ccc(/C=N/O)cc2)cc1,0
N[C@H]1CONC1=O,1
OCCOCCN1CCN(C2=Nc3ccccc3Sc3ccccc32)CC1,1
CC[C@@H](C(=O)O)c1ccc(N2Cc3ccccc3C2=O)cc1,1
C[C@H](C(=O)O)c1ccc(N2Cc3ccccc3C2=O)cc1,1
NC[C@H]1CC[C@@H](C(=O)O)CC1,1
CN1C(=O)CC[C@@H]1c1cccnc1,1
COC(=O)C1=C(C)NC(C)=C(C(=O)OC(C)C)[C@H]1c1cccc2nonc12,1
Cc1ccc(C(=CCN2CCCC2)c2cccc(/C=C/C(=O)O)n2)cc1,1
OCCN(CCO)c1nc(N2CCCCC2)c2nc(N(CCO)CCO)nc(N3CCCCC3)c2n1,1
Cc1ccsc1C(=CCCN1CCC[C@H](C(=O)O)C1)c1sccc1C,1
NS(=O)(=O)c1cc([C@@]2(O)NC(=O)c3ccccc32)ccc1Cl,1
CC[C@H](c1ccccc1)c1c(O)c2ccccc2oc1=O,1
CCN(CC)CCCCN(C)c1ccnc2cc(Cl)ccc12,1
O=[N+]([O-])c1ccc(O)c2ncccc12,1
CCN(CCO)CC[C@H](C)Nc1ccnc2cc(Cl)ccc12,1
Cc1nc2n(c(=O)c1CCN1CCC(c3noc4cc(F)ccc34)CC1)CCCC2,1
Nc1ccc(/N=N/c2ccccc2)c(N)n1,1
CC(=O)[C@@H]1CC[C@@H]2[C@@H]3CCC4=CC(=O)CC[C@]4(C)[C@@H]3CC[C@]21C,1
CC(=O)OCC(=O)[C@@]1(O)CC[C@@H]2[C@@H]3CCC4=CC(=O)CC[C@]4(C)[C@]3(F)[C@@H](O)C[C@@]21C,1
C[C@@]12CCC(=O)C=C1CC[C@H]1[C@H]2[C@H](O)C[C@]2(C)[C@@H]1CC[C@@]2(O)C(=O)CO,1
C#C[C@@]1(O)CC[C@@H]2[C@@H]3CCC4=CC(=O)CC[C@@H]4[C@@H]3CC[C@@]21C,1
C[C@@]12CC[C@@H]3[C@H](CCC4=CC(=O)CC[C@]43C)[C@H]1CC[C@H]2O,1
C[C@@]12C[C@@H](O)[C@@H]3[C@H](CCC4=CC(=O)CC[C@]43C)[C@H]1CC[C@@H]2C(=O)CO,1
C#C[C@@]1(O)CC[C@@H]2[C@@H]3CCC4=CC(=O)CC[C@@H]4[C@@H]3CC[C@@]21CC,1
CN(C)CCC[C@@]1(c2ccc(F)cc2)OCc2cc(C#N)ccc21,1
CN1C(=O)[C@@](C)(C2=CCCCC2)C(=O)N=C1O,1
CC1=NNC2=CN=C(c3ccccc3Cl)c3cc(Cl)ccc3N21,1
O=C1CN=C(c2ccccc2Cl)c2cc([N+](=O)[O-])ccc2N1,1
O=C1Nc2ccc(Cl)cc2C(c2ccccc2Cl)=N[C@H]1O,1
CCN(CC)CCN1C(=O)CN=C(c2ccccc2F)c2cc(Cl)ccc21,1
O=C1CN=C(c2ccccc2)c2cc(Cl)ccc2N1,1
O=C1CN=C(c2ccccc2)c2cc([N+](=O)[O-])ccc2N1,1
CN(C)C(=O)O[C@@H]1N=C(c2ccccc2)c2cc(Cl)ccc2N(C)C1=O,1
CN1C(=O)[C@@H](O)N=C(c2ccccc2)c2cc(Cl)ccc21,1
CN1C(=O)[C@@H](O)N=C(c2ccccc2Cl)c2cc(Cl)ccc21,1
CN1C(=O)CN=C(c2ccccc2)c2cc(Cl)ccc21,1
O=C1Nc2ccc(Cl)cc2C(c2ccccc2)=N[C@H]1O,1
O=C(O)c1cccnc1,1
CC(C)(C)NC[C@@H](O)c1ccc(O)c(CO)n1,1
NNC(=O)c1ccncc1,1
O=C(NCCO[N+](=O)[O-])c1cccnc1,1
CCCc1cc(C(N)=S)ccn1,1
CNCCc1ccccn1,1
O=P(O)(O)C(O)(Cc1cccnc1)P(=O)(O)O,0
CCc1cc(C(N)=S)ccn1,1
N=C(N)NC[C@@H]1COc2ccccc2O1,1
CN(C)CCCOc1nn(Cc2ccccc2)c2ccccc12,1
Cc1nnc(NS(=O)(=O)c2ccc(N)cc2)s1,1
O[C@](CCN1CCCCC1)(c1ccccc1)C1CCCCC1,1
N=C(N)c1ccc(OCCCCCOc2ccc(C(=N)N)cc2)cc1,0
CC(C)(C#N)c1cc(Cn2cncn2)cc(C(C)(C)C#N)c1,1
CCN[C@@H]1C[C@H](N)[C@H](O[C@@H]2C[C@@H](N)C=C(CN)O2)[C@H](O)[C@@H]1O[C@@H]1OC[C@@](C)(O)[C@@H](NC)[C@@H]1O,0
CCOc1cc(CC(=O)N[C@H](CC(C)C)c2ccccc2N2CCCCC2)ccc1C(=O)O,1
CCCNC[C@H](O)COc1ccccc1C(=O)CCc1ccccc1,1
CCc1cccc2c1N[C@@H]1[C@H]2CCOC1(CC(=O)O)CC(=O)O,1
COC(=O)Nc1nc2ccc(C(=O)c3ccccc3)cc2[nH]1,1
COc1ccc2c3c1O[C@H]1[C@@H](O)CC[C@@H]4[C@H](C2)N(C)CC[C@]341,1
CC1(C)S[C@H]2[C@@H](NC(=O)[C@@H](NC(=O)N3CCN(S(C)(=O)=O)C3=O)c3ccccc3)C(=O)N2[C@@H]1C(=O)O,0
CC1(C)S[C@H]2[C@@H](NC(=O)[C@@H](NC(=O)N3CCNC3=O)c3ccccc3)C(=O)N2[C@@H]1C(=O)O,0
NNc1nncc2ccccc12,1
CC(=O)N1CCN(c2ccc(OC[C@@H]3CO[C@@](Cn4ccnc4)(c4ccc(Cl)cc4Cl)O3)cc2)CC1,1
Cc1cc(CC(=O)O)n(C)c1C(=O)c1ccc(Cl)cc1,1
Cc1ccc(C(=O)c2ccc(CC(=O)O)n2C)cc1,1
CN1[C@@H]2CCC[C@H]1C[C@@H](NC(=O)c1nn(C)c3ccccc13)C2,1
CC(C)(C)NC[C@H](O)COc1cccc2c1CCCC2=O,1
CNCCCC1c2ccccc2C=Cc2ccccc21,1
CN(C)CCc1c[nH]c2ccc(CS(=O)(=O)N3CCCC3)cc12,1
CN1CCN(C2=Nc3cc(Cl)ccc3Nc3ccccc32)CC1,1
C=C[C@@H]1CN2CC[C@@H]1C[C@H]2[C@@H](O)c1ccnc2ccccc12,1
C=C[C@H]1CN2CC[C@@H]1C[C@@H]2[C@@H](O)c1ccnc2ccc(OC)cc12,1
C=C[C@@H]1CN2CC[C@@H]1C[C@@H]2[C@@H](O)c1ccnc2ccc(OC)cc12,1
O=C1c2ccccc2C(=O)C1c1ccccc1,1
CN1[C@@H]2CC[C@@H]1CC(OC(=O)c1cn(C)c3ccccc13)C2,1
CN(C)CCN(c1ccc(Cl)cc1)c1ccccn1,1
CN1C[C@@H](C(=O)N[C@]2(C)O[C@@]3(O)[C@@H]4CCCN4C(=O)[C@@H](Cc4ccccc4)N3C2=O)C=C2c3cccc4[nH]cc(c34)C[C@@H]21,1
Cc1cc2nc3c(=O)[nH]c(=O)nc-3n(C[C@@H](O)[C@H](O)[C@H](O)CO)c2cc1C,1
Cc1cnc(C(=O)O)c[n+]1[O-],1
O=[N+]([O-])O[C@H]1CO[C@H]2[C@H]1OC[C@H]2O,1
O=[N+]([O-])O[C@@H]1CO[C@H]2[C@H]1OC[C@H]2O[N+](=O)[O-],1
O=C1Cc2cc(CCN3CCN(c4nsc5ccccc45)CC3)c(Cl)cc2N1,1
N=c1nc2n(cc1F)[C@H]1O[C@@H](CO)[C@H](O)[C@H]1O2,1
Cn1c2c(c3ccccc31)C(=O)[C@@H](Cn1ccnc1)CC2,1
O=C1CN2Cc3c(ccc(Cl)c3Cl)N=C2N1,1
CSc1ccc(C(=O)c2[nH]c(=O)[nH]c2C)cc1,1
COc1c2c(cc(F)c1N1C[C@@H]3CCCN[C@@H]3C1)C(=O)C(C(=O)O)=C[C@@H]2NC1CC1,1
CCc1oc2ccccc2c1C(=O)c1cc(Br)c(O)c(Br)c1,1
CC(=O)Nc1nnc(S(N)(=O)=O)s1,1
CC(=O)NC[C@H]1CN(c2ccc(N3CCOCC3)c(F)c2)C(=O)O1,1
CC(C)[N+](C)(CCOC(=O)C1c2ccccc2Oc2ccccc21)C(C)C,0
CN1C(=O)CC(=O)N(c2ccccc2)c2cc(Cl)ccc21,1
CC[C@@]1(c2ccc(N)cc2)CCC(=O)NC1=O,1
CCN(CC)CC[C@]1(c2ccccc2)CCC(=O)NC1=O,1
CC(=O)N[C@H]1[C@@H]([C@@H](O)[C@H](O)CO)OC(C(=O)O)=C[C@H]1NC(=N)N,0
CCn1nc(C(=O)O)c(=O)c2cc3c(cc21)OCO3,1
CN(C)CCc1c[nH]c2ccc(Cn3cncn3)cc12,1
Cc1ncc2n1-c1ccc(Cl)cc1C(c1ccccc1F)=NC2,1
COc1ccc(CCN2CCC(Nc3nc4ccccc4n3Cc3ccc(F)cc3)CC2)cc1,1
CCN(CC)c1cc(C)nc2ncnn12,1
CC(C)C[C@@H](N(C)C)C1(c2ccc(Cl)cc2)CCC1,1
c1ccc2[nH]c(-c3cscn3)nc2c1,1
C#C[C@@]1(O)CC[C@@H]2[C@H]3[C@@H](C)CC4=C(CCC(=O)C4)[C@@H]3CC[C@@]21C,1
Nc1nc(=O)[nH]cc1F,1
CCCC(CCC)CCC[C@@H]1COCCN1CCO,1
COc1ccc2c(c1)C(=O)N(CCc1ccc(S(=O)(=O)NC(=O)NC3CCCCC3)cc1)C(=O)C2(C)C,1
NS(=O)(=O)c1cc2c(cc1C(F)(F)F)NCNS2(=O)=O,1
NS(=O)(=O)c1cc2c(cc1Cl)NCNS2(=O)=O,1
CN1[C@H](CSCC(F)(F)F)Nc2cc(Cl)c(S(N)(=O)=O)cc2S1(=O)=O,1
CC[C@]1(c2cccc(O)c2)CCCCN(C)C1,1
CC(=O)Oc1ccc2c3c1O[C@H]1[C@H](OC(C)=O)C=C[C@H]4[C@H](C2)N(C)CCC[C@@]341,1
Cc1cc(NC(=O)C2=C(O)c3ccccc3S(=O)(=O)[C@@H]2C)no1,1
Cc1cc(C(=O)NNCc2ccccc2)no1,1
CC[C@@H](C)[C@H]1[C@H](C)[C@H]2C[C@]3(C[C@@H]4C[C@H](C/C=C(/C)[C@@H](O[C@@H]5C[C@@H](OC)[C@@H](O[C@H]6C[C@@H](OC)[C@@H](O)[C@H](C)O6)[C@H](C)O5)[C@@H](C)C=CC=C5CO[C@@H]6[C@@H](O)C(C)=C[C@H](C(=O)O4)[C@]56O)O3)O[C@H]21,1
COc1ccc([C@H](CN(C)C)C2(O)CCCCC2)cc1,1
CCN(CC)CC#CCOC(=O)[C@](O)(c1ccccc1)C1CCCCC1,1
CN(N=O)C(=O)N[C@@H]1[C@H](O)[C@H](O)[C@H](CO)O[C@@H]1O,0
C#C[C@@]1(O)C=C[C@@H]2[C@@H]3CCC4=CC(=O)CC[C@@H]4[C@@H]3CC[C@@]21CC,1
COc1nc(C)nc(Cl)c1NC1=NCCN1,1
CC(=O)c1ccc(S(=O)(=O)N=C(O)NC2CCCCC2)cc1,1
CC1=C(C(=O)O)N2C(=O)[C@H](NC(=O)[C@@H](N)C3=CCC=CC3)[C@@H]2SC1,1
CO[C@@]1(NC(=O)CSCC#N)C(=O)N2C(C(=O)O)=C(CSc3nnnn3C)CS[C@H]21,0
Nc1nc(N2CCCCC2)cc[n+]1[O-],1
C#C[C@@]1(O)CC[C@H]2[C@@H]3CCC4=CCCC[C@@H]4[C@@H]3C(=C)C[C@]21CC,1
O[C@@](CCN1CCCC1)(c1ccccc1)C1CCCCC1,1
CCC[C@H](C)C1(CC)C(=O)NC(=O)NC1=O,1
Clc1ccccc1CN1CCc2sccc2C1,1
CCCC[C@](C)(O)C/C=C/[C@H]1[C@H](O)CC(=O)[C@H]1CCCCCCC(=O)OC,1
CCC(=O)O[C@@]1(CCN(C)CCCc2nc3ccccc3[nH]2)CCc2cc(F)ccc2[C@@H]1C(C)C,1
NC[C@@H]1O[C@@H](O[C@@H]2[C@H](O[C@@H]3O[C@H](CO)[C@H](OC[C@@H]4O[C@@H](CN)[C@@H](O)[C@@H](O)[C@@H]4N)[C@H]3O)[C@@H](O)[C@@H](N)C[C@@H]2N)[C@@H](N)[C@H](O)[C@@H]1O,0
OC[C@@H]1O[C@@H](O[C@@H]2[C@H](CO)O[C@@](O)(CO)[C@H]2O)[C@@H](O)[C@@H](O)[C@@H]1O,0
CN(C)CCCN1c2ccccc2Sc2ccc(Cl)cc21,1
C[C@@H](CN(C)C)CN1c2ccccc2Sc2ccccc21,1
C[C@@H](CN1c2ccccc2Sc2ccccc21)N(C)C,1
OCCN1CCN(CC/C=C2\c3ccccc3Sc3ccc(Cl)cc32)CC1,1
OCCN1CCN(CC/C=C2\c3ccccc3Sc3ccc(C(F)(F)F)cc32)CC1,1
Clc1cccc(Cl)c1N=C1NCCN1,1
N[C@@H]1[C@H]2CN(c3nc4c(cc3F)c(=O)c(C(=O)O)cn4-c3ccc(F)cc3F)C[C@@H]12,1
CCCN(CCC)C(=O)Cc1c(-c2ccc(C)cc2)nc2ccc(C)cn12,1
O=C1NC(=O)N([C@H]2O[C@@H](CO)[C@@H](O)[C@@H]2O)C[C@H]1C=CBr,1
O=C(O)CCc1nc(-c2ccccc2)c(-c2ccccc2)o1,1
C#C[C@@]1(O)CC[C@@H]2[C@@H]3CCc4cc(O)ccc4[C@@H]3CC[C@@]21C,1
C[C@@]12CC[C@@H]3c4ccc(OC(=O)N(CCCl)CCCl)cc4CC[C@@H]3[C@H]1CC[C@@H]2O,1
C#C[C@@]1(O)CC[C@@H]2[C@@H]3CCc4cc(OC)ccc4[C@@H]3CC[C@@]21C,1
CN1[C@@H]2C[C@@H](OC(=O)[C@@H](CO)c3ccccc3)C[C@H]1[C@@H]1O[C@H]12,1
COc1cccc([C@@]2(O)CCCC[C@H]2CN(C)C)c1,1
CC1(C)[C@H](C(=O)O)N2C(=O)C[C@@H]2S1(=O)=O,0
CC(C)N(CC[C@](C(N)=O)(c1ccccc1)c1cccnc1)C(C)C,1
CO[C@@]1(NC(=O)[C@@H](C(=O)O)c2ccc(O)cc2)C(=O)N2C(C(=O)O)=C(CSc3nnnn3C)CO[C@H]21,0
O[C@@H](c1cc(C(F)(F)F)nc2c(C(F)(F)F)cccc12)[C@@H]1CCCCN1,1
CC(C)[N+]1(C)[C@@H]2CC[C@@H]1CC(OC(=O)[C@@H](CO)c1ccccc1)C2,0
Cc1ccccc1N1C(=O)c2cc(S(N)(=O)=O)c(Cl)cc2N[C@@H]1C,1
CC(C)(C)NC[C@H](O)COc1cccc2c1C[C@H](O)[C@@H](O)C2,1
CC(C)(C)c1ccc([C@H](O)CCCN2CCC(C(O)(c3ccccc3)c3ccccc3)CC2)cc1,1
C[C@@H]([C@](O)(Cn1cncn1)c1ccc(F)cc1F)S(C)(=O)=O,1
C[C@@H](CN(C)C)CN1c2ccccc2CCc2ccccc21,1
CN(C)CCCN1c2ccccc2CCc2ccccc21,1
CN(C)CCCN1c2ccccc2CCc2ccc(Cl)cc21,1
CNCCCN1c2ccccc2CCc2ccccc21,1
Cc1cc(=O)n(-c2ccccc2)n1C,1
CCN(CCCCOC(=O)c1ccc(OC)c(OC)c1)[C@@H](C)Cc1ccc(OC)cc1,1
C=CC[C@@]1([C@@H](C)CCC)C(=C)NC(O)=NC1=O,1
Cc1cnc(NC(=O)C2=C(O)c3ccccc3S(=O)(=O)N2C)s1,1
CN1C(C(=O)Nc2nccs2)=C(O)c2ccccc2S1(=O)=O,1
COc1ccc(Cc2nccc3cc(OC)c(OC)cc23)cc1OC,1
CCCN[C@@H]1CCc2nc(N)sc2C1,1
O=C(C1CCCCC1)N1CC(=O)N2CCc3ccccc3[C@@H]2C1,1
O=c1n(CCCN2CCN(c3cccc(Cl)c3)CC2)nc2ccccn12,1
CCN(CC)C(=O)N[C@H]1C=C2c3cccc4[nH]cc(c34)C[C@@H]2N(C)C1,1
CC[C@H](CO)NC(=O)[C@H]1C=C2c3cccc4[nH]cc(c34)C[C@@H]2N(C)C1,1
CC[C@H](CO)NC(=O)[C@H]1C=C2c3cccc4c3c(cn4C)C[C@@H]2N(C)C1,1
O=C(NCCN1CCOCC1)c1ccc(Cl)cc1,1
CCN(CC)CCOC(=O)[C@H](Cc1ccc2ccccc2c1)C[C@H]1CCCO1,1
c1ccc([C@@H]2CN3CCSC3=N2)cc1,1
CN1CCO[C@H](c2ccccc2)c2ccccc2C1,1
NS(=O)(=O)c1cc2c(cc1Cl)N[C@H](CN1CCCC1)NS2(=O)=O,1
CC(=O)O[C@H]1C[C@@]2(C)[C@@H](C[C@@H](O)[C@@H]3[C@]4(C)CC[C@@H](O)[C@@H](C)[C@@H]4CC[C@]32C)/C1=C(/CCC=C(C)C)C(=O)O,1
CNC1=Nc2ccc(Cl)cc2C(c2ccccc2)=[N+]([O-])C1,1
CN[C@@H](C)[C@H]1CC[C@H](N)[C@H](O[C@@H]2[C@H](O)[C@@H](O[C@@H]3OC[C@@](C)(O)[C@@H](NC)[C@@H]3O)[C@@H](N)C[C@@H]2N)O1,0
CC[C@@H]1CC[C@H](N)[C@H](O[C@H]2[C@H](O)[C@@H](O[C@@H]3OC[C@@](C)(O)[C@H](NC)[C@@H]3O)[C@@H](N)C[C@@H]2N)O1,0
NCC[C@@H](O)C(=O)N[C@@H]1C[C@H](N)[C@H](O[C@@H]2O[C@@H](CN)[C@@H](O)[C@H](O)[C@@H]2O)[C@H](O)[C@@H]1O[C@@H]1O[C@@H](CO)[C@@H](O)[C@H](N)[C@@H]1O,0
NCC[C@@H](O)C(=O)N[C@@H]1C[C@H](N)[C@H](O[C@@H]2O[C@@H](CN)CC[C@@H]2N)[C@H](O)[C@@H]1O[C@@H]1O[C@@H](CO)[C@@H](O)[C@H](N)[C@@H]1O,0
NC[C@@H]1O[C@@H](O[C@H]2[C@H](O)[C@@H](O[C@@H]3O[C@@H](CO)[C@@H](O)[C@H](N)[C@@H]3O)[C@@H](N)C[C@@H]2N)[C@@H](N)C[C@@H]1O,0
CC(=O)NC[C@@H]1O[C@@H](O[C@@H]2[C@@H](O)[C@@H](O[C@@H]3O[C@@H](CO)[C@@H](O)[C@H](N)[C@@H]3O)[C@@H](N)C[C@@H]2N)[C@@H](O)[C@@H](O)[C@@H]1O,0
CCN1C[C@@H](C(=O)O)C(=O)c2ccc(C)nc21,1
C[N+]1(CCCCC[N+]2(C)CCCC2)CCCC1,0
COc1cc2c3cc1Oc1cc(ccc1O)C[C@@H]1c4c(cc(OC)c(O)c4Oc4ccc(cc4)C[C@@H]3[N+](C)(C)CC2)CC[N+]1(C)C,0
O=C1CN(/N=C/c2ccc([N+](=O)[O-])o2)C(=O)N1,1
COc1cc2c(cc1OC)CN(C(=O)[C@@H](C)N[C@H](CCc1ccccc1)C(=O)O)[C@@H](C(=O)O)C2,0
O=C(CCCN1CCC(O)(c2cccc(Cl)c2)CC1)c1ccc(F)cc1,1
CC1=C(CC(=O)O)c2cc(F)ccc2/C1=C/c1ccc([S+](C)[O-])cc1,1
COC(=O)C1=C(C)NC(C)=C(OC(C)=O)[C@H]1c1ccccc1[N+](=O)[O-],1
CCOC(=O)C1=C(C)NC(C)=C(C(=O)OC)[C@@H]1c1cccc([N+](=O)[O-])c1,1
COC(=O)C1=C(C)NC(C)=C(C(=O)OCC(C)C)[C@H]1c1ccccc1[N+](=O)[O-],1
COC(=O)C1=C(C#N)NC(C)=C(C(=O)OC(C)C)[C@H]1c1cccc([N+](=O)[O-])c1,1
CCOC(=O)C1=C(C)NC(C)=C(C(=O)OCC)C1c1ccccc1/C=C/C(=O)OC(C)(C)C,1
CCOC(=O)C1=C(C)NC(C)=C(C(=O)OC)[C@@H]1c1cccc(Cl)c1Cl,1
CC#Cc1cn([C@@H]2O[C@H](CO)[C@@H](O)[C@H]2O)c(=O)[nH]c1=O,0
COc1ccc(CCN(C)CCCN2CCc3cc(OC)c(OC)cc3CC2=O)cc1OC,1
O=c1ccc2ccccc2o1,1
CN/C(=C\[N+](=O)[O-])NCCSCc1csc(CN(C)C)n1,1
Cc1ncsc1CCCl,1
NC(N)=Nc1nc(CSCCC(N)=NS(N)(=O)=O)cs1,1
CO/N=C(\C(=O)N[C@@H]1C(=O)N2C(C(=O)O)=C(C[n+]3ccccc3)CS[C@@H]12)c1csc(N)n1,0
CC(C)(O/N=C(\C(=O)N[C@@H]1C(=O)N2C(C(=O)O)=C(C[n+]3ccccc3)CS[C@@H]12)c1csc(N)n1)C(=O)O,0
O=c1[nH]c2cc(Cl)ccc2o1,1
COc1ccc2c3c1O[C@H]1[C@@H](O)C=C[C@@H]4[C@H](C2)N(C)CC[C@]341,1
CN1CC[C@@]23c4c5ccc(O)c4O[C@H]2[C@@H](O)C=C[C@@H]3[C@@H]1C5,1
CC[C@@H](C(N)=O)N1CCCC1=O,1
CC[C@@H]1OC(=O)[C@@H](C)C(=O)[C@H](C)[C@@H](O[C@@H]2O[C@@H](C)C[C@@H](N(C)C)[C@@H]2O)[C@](C)(OC)C[C@H](C)C(=O)[C@H](C)[C@H]2N(CCCCn3cnc(-c4cccnc4)c3)C(=O)O[C@]12C,1
CC1(C)O[C@@H]2[C@H](CO[C@]3(COS(N)(=O)=O)OC(C)(C)O[C@@H]23)O1,1
CCCc1cc(=O)[nH]c(=S)[nH]1,1
C=CCNc1nc(NCC=C)nc(N2CCN(C(c3ccc(F)cc3)c3ccc(F)cc3)CC2)n1,1
CC(=O)O[C@]1(C(C)=O)CC[C@@H]2[C@@H]3C=C(Cl)C4=CC(=O)[C@H]5C[C@@H]5[C@]4(C)[C@@H]3CC[C@@]21C,1
C[C@H](O)Cn1cnc2c1c(=O)n(C)c(=O)n2C,1
Cn1c(=O)c2c(ncn2C)n(C)c1=O,1
CC(=O)CCCCn1c(=O)c2c(ncn2C)n(C)c1=O,1
O=C1CC[C@]2(O)[C@H]3Cc4ccc(O)c5c4[C@]2(CCN3CC2CC2)[C@@H]1O5,1
CCOC(=O)N1CCC(=C2c3ccc(Cl)cc3CCc3cccnc32)CC1,1
CN1CCC(=C2c3ccccc3CCc3cccnc32)CC1,1
CCc1[nH]c(=O)[nH]c1C(=O)c1ccncc1,1
CCN1CCC[C@@H]1CNC(=O)c1cc(S(=O)(=O)CC)ccc1OC,1
CCN1CCC[C@@H]1CNC(=O)c1c(OC)ccc(Br)c1OC,1
CCOc1ccccc1OCCN[C@@H](C)Cc1ccc(OC)c(S(N)(=O)=O)c1,1
COc1ccccc1OCCNC[C@@H](O)c1ccc(C)cc1S(N)(=O)=O,1
CN(CCOc1ccc(NS(C)(=O)=O)cc1)CCc1ccc(NS(C)(=O)=O)cc1,1
C[C@H](C(=O)O)c1ccc(-c2cccc(F)c2)cc1,1
O=C(O)c1cc(-c2ccc(F)cc2F)ccc1O,1
CON=C(C(=O)N[C@H]1C(=O)N2C(C(=O)O)=C(CSc3nc(C)c(CC(=O)O)s3)CS[C@@H]12)c1csc(N)n1,0
CC[C@H](C)n1ncn(-c2ccc(N3CCN(c4ccc(OC[C@@H]5CO[C@@](Cn6cncn6)(c6ccc(Cl)cc6Cl)O5)cc4)CC3)cc2)c1=O,1
COc1ccc(Cl)cc1C(=O)NCCc1ccc(S(=O)(=O)NC(=O)NC2CCCCC2)cc1,1
CCCCCOC(=O)Nc1nc(=O)n([C@@H]2O[C@@H](C)[C@@H](O)[C@H]2O)cc1F,1
Nc1ccn([C@H]2CC[C@H](CO)O2)c(=O)n1,1
CC(C)(C(=O)c1cccnc1)c1cccnc1,1
CC1(C)NC(=O)N(c2ccc([N+](=O)[O-])c(C(F)(F)F)c2)C1=O,1
CCn1cc(C(=O)O)c(=O)c2cc(F)c(N3CCN[C@@H](C)C3)c(F)c21,1
CCn1cc(C(=O)O)c(=O)c2cc(F)c(N3CCN(C)CC3)cc21,1
C[C@H]1[C@@H](O)[C@H](C)C=CC=CC=CC=CC=CC=CC=C[C@](O)(O[C@@H]2O[C@@H](C)[C@@H](O)[C@H](N)[C@@H]2O)C[C@@H]2O[C@@](O)(C[C@@H](O)C[C@@H](O)[C@H](O)CC[C@@H](O)C[C@@H](O)CC(=O)O[C@H]1C)C[C@@H](O)[C@H]2C(=O)O,0
CC1(C)O[C@H]2C[C@H]3[C@@H]4CCC5=CC(=O)C=C[C@H]5[C@]4(F)[C@H](O)C[C@]3(C)[C@@]2(C(=O)CO)O1,1
CCC[C@@H]1O[C@@H]2C[C@@H]3[C@@H]4CCC5=CC(=O)C=C[C@]5(C)[C@@H]4[C@@H](O)C[C@]3(C)[C@]2(C(=O)CO)O1,1
CC1(C)O[C@H]2C[C@H]3[C@@H]4C[C@H](F)C5=CC(=O)C=C[C@]5(C)[C@H]4[C@H](O)C[C@@]3(C)[C@@]2(C(=O)CO)O1,1
CCCC[N+]1(C)[C@@H]2C[C@@H](OC(=O)[C@@H](CO)c3ccccc3)C[C@@H]1[C@H]1O[C@H]12,0
CC[N+]1(C)[C@@H]2C[C@@H](OC(=O)[C@@H](CO)c3ccccc3)C[C@@H]1[C@H]1O[C@H]12,0
O=C(O)c1cc(N=Nc2ccc(S(=O)(=O)Nc3ccccn3)cc2)ccc1O,1
CCCNC(Cc1cccc2c1CC(=O)N2)NCCC,1
Cc1ccc(S(=O)(=O)NC(=O)N[C@@H]2[C@H]3CC[C@](C)([C@H]2O)C3(C)C)cc1,1
O=C(c1ccc(F)cc1)C1CCN(CCn2c(=O)[nH]c3ccccc3c2=O)CC1,1
NC(=O)N1c2ccccc2C=Cc2ccccc21,1
NCCC[C@](N)(C(=O)O)C(F)F,1
CN(C)C(=N)NC(=N)N,1
O=NN(CCCl)C(=O)NCCCl,1
OC(O)C(Cl)(Cl)Cl,1
O=CN(O)CCCP(=O)(O)O,0
CCCC(CCC)C(=O)O,1
CC(=O)NCCCS(=O)(=O)O,0
CCN(CC)C(=S)SSC(=S)N(CC)CC,1
CCO,1
O=C(O)CN(CCN(CC(=O)O)CC(=O)O)CC(=O)O,0
CC(O)(P(=O)(O)O)P(=O)(O)O,0
NCCC(O)(P(=O)(O)O)P(=O)(O)O,0
NCC(=O)O,1
O=P(O)(O)C(Cl)(Cl)P(=O)(O)O,0
NCCCC(O)(P(=O)(O)O)P(=O)(O)O,0
CC[C@H](CO)NCCN[C@@H](CC)CO,1
C[C@@H](C[N+](C)(C)C)OC(N)=O,0
CC(=O)O[C@H](CC(=O)O)C[N+](C)(C)C,0
O=S(=O)(O)CC[S],1
O=C1CN=C(c2ccccn2)c2cc(Br)ccc2N1,1
NNC(=O)NNN1C(=O)c2cc(S(=O)(=O)O)cc3c(N)c(S(=O)(=O)O)cc(c23)C1=O,0
CCCCC1=NC2(CCCC2)C(=O)N1Cc1ccc(-c2ccccc2-c2nn[nH]n2)cc1,1
C[C@H](O)[C@@H]1C(=O)N2C(C(=O)O)=C(SCC/N=C/N)C[C@@H]12,0
C[C@H](C(=O)O)c1ccc([C@@H]2CCCC(=NO)C2)cc1,1
CN1C(C(=O)Nc2ccccn2)=Cc2sccc2S1(=O)=O,1
CN1C(C(=O)Nc2ccccn2)=C(O)c2sc(Cl)cc2S1(=O)=O,1
CC(C)=CCC1C(=O)N(c2ccccc2)N(c2ccccc2)C1=O,1
CCCC[C@@H]1C(=O)N(c2ccccc2)N(c2ccc(O)cc2)C1=O,1
O=C(O)Cc1ccc2c(c1)C(=O)c1ccccc1CO2,1
C[C@H]1CN(c2c(F)c(N)c3c(=O)c(C(=O)O)cn(C4CC4)c3c2F)C[C@H](C)N1,1
COc1c(N2CCN[C@@H](C)C2)c(F)cc2c(=O)c(C(=O)O)cn(C3CC3)c12,1
CN(C)CC/C=C1\c2ccccc2CSc2ccccc21,1
Cn1c(=O)c2c(ncn2CCCNC[C@@H](O)c2cc(O)cc(O)c2)n(C)c1=O,1
CCN(CC)CCCOC(=O)[C@@]1(c2ccccc2)C[C@@H]2CC[C@@H]1C2,1
CN1C(=O)C[C@@](C)(c2ccccc2)C1=O,1
CC1=CC(=O)N2CC(=O)N(C)c3ccc(Cl)cc3[C@]2(c2ccccc2)O1,1
CCCC(=O)Nc1ccc(OCC(O)CNC(C)C)c(C(C)=O)c1,1
CC(=O)Oc1ccccc1C(=O)O,1
Cc1ccc(/C(=C\CN2CCCC2)c2cccc(/C=C/C(=O)O)n2)cc1,1
Cc1nnc2n1-c1ccc(Cl)cc1C(c1ccccc1)=NC2,1
C=CCc1ccccc1OCC(O)CNC(C)C,1
Cc1c(N(C)C)c(=O)n(-c2ccccc2)n1C,1
CC1(C)S[C@@H]2[C@H](NC(=O)[C@H](N)c3ccc(O)cc3)C(=O)N2[C@H]1C(=O)O,1
Nc1cc(-c2ccncc2)c[nH]c1=O,1
Cc1cc(=O)n(-c2ccccc2)n1C,1
CN1C2CCC1CC(OC(=O)C(CO)c1ccccc1)C2,1
CC(C)NCC(O)COc1ccc(CCOCC2CC2)cc1,1
O=C1CN=C(c2ccccn2)c2cc(Br)ccc2N1,1
CCCCNc1cc(C(=O)O)cc(S(N)(=O)=O)c1Oc1ccccc1,1
CC(NC(C)(C)C)C(=O)c1cccc(Cl)c1,1
Cn1c(=O)c2c(ncn2C)n(C)c1=O,1
CN(C)C(=O)OC1N=C(c2ccccc2)c2cc(Cl)ccc2N(C)C1=O,1
C[C@H](CS)C(=O)N1CCC[C@H]1C(=O)O,1
CC1=C(C(=O)O)N2C(=O)[C@@H](NC(=O)[C@H](N)c3ccc(O)cc3)[C@H]2SC1,1
NC(C(=O)N[C@@H]1C(=O)N2C(C(=O)O)=C(CSc3cn[nH]n3)CS[C@H]12)c1ccc(O)cc1,1
CO/N=C(\C(=O)N[C@@H]1C(=O)N2C(C(=O)O)=CCS[C@H]12)c1csc(N)n1,1
CC1=C(C(=O)O)N2C(=O)[C@@H](NC(=O)[C@H](N)c3ccccc3)[C@H]2SC1,1
O=C(NC(CO)C(O)c1ccc([N+](=O)[O-])cc1)C(Cl)Cl,1
CCC#CC[C@H](C)[C@H](O)C#C[C@@H]1[C@H]2C/C(=C/COCC(=O)O)C[C@H]2C[C@H]1O,1
COc1cc(N)c(Cl)cc1C(=O)NC1CCN(CCCOc2ccc(F)cc2)CC1OC,1
Clc1cccc(Cl)c1NC1=NCCN1,1
COc1ccc2c3c1O[C@H]1[C@@H](O)C=C[C@H]4[C@@H](C2)N(C)CC[C@@]341,1
C[C@]12C[C@H](O)[C@H]3[C@@H](CCC4=CC(=O)CC[C@@]43C)[C@@H]1CC[C@@H]2C(=O)CO,1
NC1CONC1=O,1
CC(=O)OC1(C(C)=O)CCC2C3C=C(Cl)C4=CC(=O)C5CC5C4(C)C3CCC21C,1
CNCCCN1c2ccccc2CCc2ccccc21,1
C[C@@H]1C[C@H]2[C@@H]3CCC4=CC(=O)C=C[C@]4(C)[C@@]3(F)[C@@H](O)C[C@]2(C)[C@@]1(O)C(=O)CO,1
CN1C(=O)CN=C(c2ccccc2)c2cc(Cl)ccc21,1
O=C(O)Cc1ccccc1Nc1c(Cl)cccc1Cl,1
COc1ccc2c3c1O[C@H]1[C@@H](O)CC[C@H]4[C@@H](C2)N(C)CC[C@@]341,1
CC[C@@H](CO)NCCN[C@@H](CC)CO,1
C#C[C@]1(O)CC[C@H]2[C@@H]3CCc4cc(O)ccc4[C@H]3CC[C@@]21C,1
CC(=O)OCC(CCn1cnc2cnc(N)nc21)COC(C)=O,1
CCOC(=O)C1=C(C)NC(C)=C(C(=O)OC)C1c1cccc(Cl)c1Cl,1
O=C(O)Cc1ccccc1Oc1ccc(Cl)cc1Cl,1
O=C(NCC1CCCCN1)c1cc(OCC(F)(F)F)ccc1OCC(F)(F)F,1
OC(Cn1cncn1)(Cn1cncn1)c1ccc(F)cc1F,1
CCOC(=O)c1ncn2c1CN(C)C(=O)c1cc(F)ccc1-2,1
CC(C)n1c(/C=C/[C@@H](O)C[C@H](O)CC(=O)O)c(-c2ccc(F)cc2)c2ccccc21,1
COc1ccc(CCN(C)CCCC(C#N)(c2cc(OC)c(OC)c(OC)c2)C(C)C)cc1OC,1
COc1ccc(Cl)cc1C(=O)NCCc1ccc(S(=O)(=O)NC(=O)NC2CCCCC2)cc1,1
CN1[C@@H]2CCC[C@H]1CC(NC(=O)c1nn(C)c3ccccc13)C2,1
NC(N)=N/N=C/c1c(Cl)cccc1Cl,1
C[C@]12CCC(=O)C=C1CC[C@@H]1[C@@H]2[C@@H](O)C[C@@]2(C)[C@H]1CC[C@]2(O)C(=O)CO,1
CC(C)Cc1ccc(C(C)C(=O)O)cc1,1
CN(C)CCCN1c2ccccc2CCc2ccccc21,1
Cc1cc(N/C(O)=C2\C(=O)c3ccccc3S(=O)(=O)N2C)no1,1
COC(=O)C1=C(C)NC(C)=C(C(=O)OC(C)C)C1c1cccc2nonc12,1
CC(C(=O)O)c1cccc(C(=O)c2ccccc2)c1,1
O=C(c1ccccc1)c1ccc2n1CCC2C(=O)O,1
CC(CCc1ccccc1)NCC(O)c1ccc(O)c(C(N)=O)c1,1
Nc1ccn([C@@H]2CS[C@H](CO)O2)c(=O)n1,1
Nc1nnc(-c2cccc(Cl)c2Cl)c(N)n1,1
Cc1c(OCC(F)(F)F)ccnc1C[S+]([O-])c1nc2ccccc2[nH]1,1
N[C@@H](Cc1ccc(O)c(O)c1)C(=O)O,1
C#C[C@]1(O)CC[C@H]2[C@@H]3CCC4=CC(=O)CC[C@@H]4[C@H]3CC[C@@]21CC,1
N[C@@H](C(=O)NC1C(=O)N2C(C(=O)O)=C(Cl)CCC12)c1ccccc1,1
CN1C(=O)C(O)N=C(c2ccccc2Cl)c2cc(Cl)ccc21,1
CN1/C(=C(/O)Nc2ccccn2)C(=O)c2sc(Cl)cc2S1(=O)=O,1
Cc1cnc(N/C(O)=C2/C(=O)c3ccccc3S(=O)(=O)N2C)s1,1
CC(S)S(=O)(=O)O,1
CCC(=O)C(CC(C)N(C)C)(c1ccccc1)c1ccccc1,1
CN(Cc1cnc2nc(N)nc(N)c2n1)c1ccc(C(=O)N[C@@H](CCC(=O)O)C(=O)O)cc1,1
C[C@H]1C[C@@H]2[C@H]([C@@H](O)C[C@@]3(C)[C@H]2CC[C@]3(O)C(=O)CO)[C@@]2(C)C=CC(=O)C=C12,1
COCCc1ccc(OCC(O)CNC(C)C)cc1,1
Cc1cccc(C)c1OCC(C)N,1
CN1CC[C@]23c4c5ccc(O)c4O[C@H]2[C@@H](O)C=C[C@H]3[C@H]1C5,1
COc1nc(C)nc(Cl)c1NC1=NCCN1,1
C=CCN1CC[C@]23c4c5ccc(O)c4O[C@H]2C(=O)CC[C@@]3(O)[C@H]1C5,1
COc1ccc2cc(C(C)C(=O)O)ccc2c1,1
CCc1nn(CCCN2CCN(c3cccc(Cl)c3)CC2)c(=O)n1CCOc1ccccc1,1
CN1CCCC1c1cccnc1,1
O=C(O)c1cccnc1,1
COC(=O)C1=C(C)NC(C)=C(C(=O)OCC(C)C)C1c1ccccc1[N+](=O)[O-],1
CCOC(=O)C1=C(C)NC(C)=C(C(=O)OC)C1c1cccc([N+](=O)[O-])c1,1
CN/C(=C\[N+](=O)[O-])NCCSCc1csc(CN(C)C)n1,1
O=C1CN=C(c2ccccc2)c2cc(Cl)ccc2N1,1
CCn1cc(C(=O)O)c(=O)c2cc(F)c(N3CCNCC3)cc21,1
CC1COc2c(N3CCN(C)CC3)c(F)cc3c(=O)c(C(=O)O)cn1c23,1
COc1ccc2nc([S+]([O-])Cc3ncc(C)c(OC)c3C)[nH]c2c1,1
Cc1nccn1CC1CCc2c(c3ccccc3n2C)C1=O,1
O=c1[nH]c2ccccc2n1CCCN1CCN(C(c2ccccc2)c2ccccc2)CC1,1
O=C1Nc2ccc(Cl)cc2C(c2ccccc2)=NC1O,1
C=CCOc1ccccc1OCC(O)CNC(C)C,1
COc1cccc(C(=O)CCNC(C)C(O)c2ccccc2)c1,1
CCN(CC)CCC1(c2ccccc2)CCC(=O)NC1=O,1
O=C1NC(=O)C(c2ccccc2)(c2ccccc2)N1,1
CC(C)NCC(O)COc1cccc2[nH]ccc12,1
CN1/C(=C(/O)Nc2ccccn2)C(=O)c2ccccc2S1(=O)=O,1
CCc1[nH]c(=O)[nH]c1C(=O)c1ccncc1,1
CC(=O)Nc1ccc(OC[C@@H](O)CNC(C)C)cc1,1
O=C(C1CCCCC1)N1CC(=O)N2CCc3ccccc3C2C1,1
COc1cc2nc(N3CCN(C(=O)c4ccco4)CC3)nc(N)c2cc1OC,1
CC(=O)[C@H]1CC[C@H]2[C@@H]3CCC4=CC(=O)CC[C@]4(C)[C@H]3CC[C@]12C,1
CCCOC(C(=O)OC1CCN(C)CC1)(c1ccccc1)c1ccccc1,1
CC(C)NCC(O)COc1cccc2ccccc12,1
CCCn1c(=O)cc[nH]c1=S,1
C=C[C@H]1CN2CC[C@H]1C[C@@H]2[C@@H](O)c1ccnc2ccc(OC)cc12,1
Cc1cccc(C)c1NC(=O)NCCCNC(C)C,1
O=C1NS(=O)(=O)c2ccccc21,1
O=C(O)c1ccccc1O,1
O=c1[nH]c(=O)n([C@@H]2O[C@H](CO)[C@@H](O)[C@@H]2O)cc1/C=C/Br,1
CC(C)NCC(O)c1ccc(NS(C)(=O)=O)cc1,1
CC(=O)S[C@@H]1CC2=CC(=O)CC[C@]2(C)[C@H]2CC[C@@]3(C)[C@@H](CC[C@@]34CCC(=O)O4)[C@H]12,1
Cc1cn([C@H]2C=C[C@@H](CO)O2)c(=O)[nH]c1=O,1
CN1/C(=C(\O)Nc2nccs2)C(=O)c2ccccc2S1(=O)=O,1
CC1=C(CC(=O)O)c2cc(F)ccc2/C1=C\c1ccc([S+](C)[O-])cc1,1
CCN1CCCC1CNC(=O)c1cc(S(=O)(=O)CC)ccc1OC,1
CCCc1nc2c(C)cc(-c3nc4ccccc4n3C)cc2n1Cc1ccc(-c2ccccc2C(=O)O)cc1,1
NC(=O)n1c(O)c(C(=O)c2cccs2)c2cc(Cl)ccc21,1
CN1/C(=C(\O)Nc2ccccn2)C(=O)c2sccc2S1(=O)=O,1
COc1cc2nc(N3CCN(C(=O)C4CCCO4)CC3)nc(N)c2cc1OC,1
C[C@]12CC[C@H]3[C@@H](CCC4=CC(=O)CC[C@@]43C)[C@@H]1CC[C@@H]2O,1
Cn1c(=O)c2[nH]cnc2n(C)c1=O,1
Cc1ccsc1C(=CCCN1CCC[C@@H](C(=O)O)C1)c1sccc1C,1
CC(C)(C)NC[C@H](O)COc1nsnc1N1CCOCC1,1
CCCCNC(=O)NS(=O)(=O)c1ccc(C)cc1,1
COc1cc(C)c([S+](C)[O-])cc1OC,1
CC1(C)O[C@@H]2[C@@H](CO[C@@]3(COS(N)(=O)=O)OC(C)(C)O[C@@H]23)O1,1
Cc1cccc(Nc2ccncc2S(=O)(=O)NC(=O)NC(C)C)c1,1
CN(C)CCOc1ccc(/C(=C(/CCCl)c2ccccc2)c2ccccc2)cc1,1
COc1cccc([C@@]2(O)CCCC[C@@H]2CN(C)C)c1,1
C[C@H]1O[C@H](O[C@H]2[C@H](O)[C@@H](O)[C@@H](O[C@H]3[C@H](O)[C@@H](O)[C@H](O)O[C@@H]3CO)O[C@@H]2CO)[C@H](O)[C@@H](O)[C@@H]1N[C@H]1C=C(CO)[C@H](O)[C@H](O)[C@H]1O,0
Nc1nc(=O)c2ncn(COCCO)c2[nH]1,0
NC(N)=NC(=O)c1nc(Cl)c(N)nc1N,0
CC1(C)S[C@@H]2[C@H](NC(=O)[C@H](N)c3ccccc3)C(=O)N2[C@H]1C(=O)O,0
O=C1OC(C(O)CO)C(O)=C1O,0
CC(C)NCC(O)COc1ccc(CC(N)=O)cc1,0
CC[C@H]1OC(=O)[C@H](C)[C@@H](O[C@H]2C[C@@](C)(OC)[C@@H](O)[C@H](C)O2)C(C)[C@@H](O[C@@H]2O[C@H](C)C[C@H](N(C)C)[C@H]2O)[C@](C)(O)C[C@@H](C)CN(C)[C@H](C)[C@@H](O)[C@]1(C)O,0
NS(=O)(=O)c1cc(-c2nn[nH]n2)c(NCc2cccs2)cc1Cl,0
C[C@H]1[C@H](NC(=O)/C(=N\OC(C)(C)C(=O)O)c2csc([NH3+])n2)C(=O)N1S(=O)(=O)[O-],0
CCOC(=O)[C@H](CCc1ccccc1)N[C@H]1CCc2ccccc2N(CC(=O)O)C1=O,0
CC1(C)S[C@@H]2[C@H](NC(=O)Cc3ccccc3)C(=O)N2[C@H]1C(=O)O,0
CC[N+](C)(C)Cc1ccccc1Br,0
CC(C)C[C@H]1C(=O)N2CCC[C@H]2[C@]2(O)O[C@](NC(=O)[C@@H]3C=C4c5cccc6[nH]c(Br)c(c56)C[C@H]4N(C)C3)(C(C)C)C(=O)N12,0
NCCC[C@H](N)CC(=O)NC[C@@H]1NC(=O)[C@H](CO)NC(=O)[C@@H](N)CNC(=O)[C@H]([C@H]2CCN=C(N)N2)NC(=O)/C(=C\NC(N)=O)NC1=O,0
CON=C(C(=O)NC1C(=O)N2C(C(=O)OCOC(=O)C(C)(C)C)=C(C)CSC12)c1csc(N)n1,0
CO/N=C(\C(=O)N[C@@H]1C(=O)N2C(C(=O)O)=C(CSc3nc(=O)c(=O)[nH]n3C)CS[C@H]12)c1csc(N)n1,0
CO/N=C(\C(=O)N[C@@H]1C(=O)N2C(C(=O)O)=C(COC(N)=O)CS[C@H]12)c1ccco1,0
NS(=O)(=O)c1cc2c(cc1Cl)NC=NS2(=O)=O,0
CN=C(NC#N)NCCSCc1nc[nH]c1C,0
O=C(O)c1cn(C2CC2)c2cc(N3CCNCC3)c(F)cc2c1=O,0
COc1cccc2c1C(=O)c1c(O)c3c(c(O)c1C2=O)C[C@@](O)(C(=O)CO)C[C@@H]3O[C@H]1C[C@H](N)[C@H](O)[C@H](C)O1,0
NCCCC(N)(C(=O)O)C(F)F,0
CCOC(=O)[C@H](CCc1ccccc1)N[C@@H](C)C(=O)N1CCC[C@H]1C(=O)O,0
CC[C@H]1OC(=O)[C@H](C)[C@@H](O[C@H]2C[C@@](C)(OC)[C@@H](O)[C@H](C)O2)[C@H](C)[C@@H](O[C@@H]2O[C@H](C)C[C@H](N(C)C)[C@H]2O)[C@](C)(O)C[C@@H](C)C(=O)[C@H](C)[C@@H](O)[C@]1(C)O,0
COc1cc([C@@H]2c3cc4c(cc3[C@@H](O[C@@H]3O[C@@H]5CO[C@@H](C)O[C@H]5[C@H](O)[C@H]3O)C3COC(=O)[C@@H]32)OCO4)cc(OC)c1O,0
NC(N)=Nc1nc(CSCCC(N)=NS(N)(=O)=O)cs1,0
CC(Cc1ccc(O)cc1)NCC(O)c1cc(O)cc(O)c1,0
NS(=O)(=O)c1cc(C(=O)O)c(NCc2ccco2)cc1Cl,0
NCC1(CC(=O)O)CCCCC1,0
Nc1nc(=O)c2ncn(COC(CO)CO)c2[nH]1,0
Cc1ccc(S(=O)(=O)NC(=O)NN2CC3CCCC3C2)cc1,0
NC(N)=NCC1COc2ccccc2O1,0
NS(=O)(=O)c1cc2c(cc1Cl)NCNS2(=O)=O,0
NCC1OC(OC2C(N)CC(N)C(OC3OC(CO)C(O)C(N)C3O)C2O)C(O)C(O)C1O,0
OC[C@H]1O[C@@H](O[C@@H]2[C@@H](CO)O[C@](O)(CO)[C@H]2O)[C@H](O)[C@@H](O)[C@H]1O,0
CCCC1CC(C(=O)NC(C(C)O)C2OC(SC)C(O)C(O)C2O)N(C)C1,0
NCCCC[C@H](N[C@@H](CCc1ccccc1)C(=O)O)C(=O)N1CCC[C@H]1C(=O)O,0
CC[C@H](C)C(=O)O[C@H]1C[C@@H](C)C=C2C=C[C@H](C)[C@H](CC[C@@H]3C[C@@H](O)CC(=O)O3)[C@H]21,0
OC[C@@H](O)[C@@H](O)[C@H](O)[C@H](O)CO,0
CC(C)NCC(O)c1cc(O)cc(O)c1,0
CN(C)C(=N)N=C(N)N,0
COC(=O)[C@@H](N)Cc1ccc(O)c(O)c1,0
Cc1ccccc1N1C(=O)c2cc(S(N)(=O)=O)c(Cl)cc2NC1C,0
COCC(=O)O[C@]1(CCN(C)CCCc2nc3ccccc3[nH]2)CCc2cc(F)ccc2[C@@H]1C(C)C,0
CC(C)(C)NCC(O)COc1cccc2c1C[C@H](O)[C@H](O)C2,0
NC[C@@H]1O[C@H](O[C@H]2[C@@H](O)[C@H](O[C@@H]3[C@@H](O)[C@H](N)C[C@H](N)[C@H]3O[C@H]3O[C@H](CN)[C@@H](O)[C@H](O)[C@H]3N)O[C@@H]2CO)[C@H](N)[C@@H](O)[C@@H]1O,0
CC#Cc1cn([C@@H]2O[C@H](CO)[C@@H](O)[C@@H]2O)c(=O)[nH]c1=O,0
O=C(O)C1=C/C(=N\Nc2ccc(O)c(C(=O)O)c2)C=CC1=O,0
C[C@@H]1O[C@@H](O[C@H]2C[C@@H](O)[C@]3(CO)C4C(CC[C@]3(O)C2)[C@@]2(O)CC[C@H](C3=CC(=O)OC3)[C@@]2(C)C[C@H]4O)[C@H](O)[C@H](O)[C@H]1O,0
CC(C)NCC(O)COc1ccc(CCNC(=O)NC(C)C)cc1,0
CC1(C)S[C@@H]2[C@H](NC(=O)COc3ccccc3)C(=O)N2[C@H]1C(=O)[O-],0
CC(C)(C)NCC(O)c1ccc(O)c(CO)n1,0
CC[C@H](C)C(=O)O[C@H]1C[C@H](O)C=C2C=C[C@H](C)[C@H](CC[C@@H](O)C[C@@H](O)CC(=O)O)[C@H]21,0
OC[C@H]1O[C@H](OC[C@H]2O[C@H](O[C@]3(CO)O[C@H](CO)[C@@H](O)[C@@H]3O)[C@H](O)[C@@H](O)[C@@H]2O)[C@H](O)[C@@H](O)[C@H]1O,0
CN/C(=C\[N+](=O)[O-])NCCSCc1ccc(CN(C)C)o1,0
Cn1c(=O)c2c(ncn2CCCNCC(O)c2cc(O)cc(O)c2)n(C)c1=O,0
NC(=O)c1ncn([C@@H]2O[C@H](CO)[C@@H](O)[C@H]2O)n1,0
Oc1ccc([C@H](O)[C@H]2CCCCN2)cc1O,0
CN[C@@H]1[C@H](O[C@H]2[C@H](O[C@H]3[C@H](O)[C@@H](O)[C@H](N=C(N)N)[C@@H](O)[C@@H]3N=C(N)N)O[C@@H](C)[C@]2(O)C=O)O[C@@H](CO)[C@H](O)[C@H]1O,0
O=C(O)C1=C/C(=N\Nc2ccc(S(=O)(=O)Nc3ccccn3)cc2)C=CC1=O,0
CCN1CCCC1CNC(=O)c1cc(S(N)(=O)=O)ccc1OC,0
CNS(=O)(=O)Cc1ccc2[nH]cc(CCN(C)C)c2c1,0
CC(C)(C)NCC(O)c1cc(O)cc(O)c1,0
CC(=O)Nc1ccc(/C=N/NC(N)=S)cc1,0
NCC1CCC(C(=O)O)CC1,0
