Smiles,PPB
C(N1CCCNCCNCCCNCC1)C1=CC=C(CN2CCCNCCNCCCNCC2)C=C1,58.0000000
NC(=O)CC1=CC=CC(C(=O)C2=CC=CC=C2)=C1N,99.0999985
HC(O)(C(NC(=O)OC(C)(C)C)C1=CC=CC=C1)C(=O)OC1(H)CC2(O)C(H)(OC(=O)C3=CC=CC=C3)C3(H)C4(COC4(H)CC(H)(OC)C3(C)C(=O)C(H)(OC)C(=C1C)C2(C)C)OC(C)=O,82.0000000
CN1CCC(CC1)=C1C2=NC=C(C=O)N2CCC2=CC=CC=C12,50.9500008
CN1S(=O)(=O)C2=C(SC(Cl)=C2)C(=O)\C1=C(/O)NC1=NC=CC=C1,99.0000000
CC(OC1OCCN(CC2=NC(=O)N(N2)P(O)(O)=O)C1C1=CC=C(F)C=C1)C1=CC(=CC(=C1)C(F)(F)F)C(F)(F)F,95.0000000
CC1(O)CCC2C3CCC4=CC(=O)CCC4(C)C3CCC12C,40.0000000
CCCCN(CCCC)CC(O)C1=C2C(=CC(Cl)=C1)\C(=C/C1=CC=C(Cl)C=C1)C1=C2C=CC(Cl)=C1,99.5000000
CC(C)CC(NC(=O)C(CC1=CC=C(NC(N)=O)C=C1)NC(=O)C(CC1=CC=C(NC(=O)C2CC(=O)NC(=O)N2)C=C1)NC(=O)C(CO)NC(=O)C(CC1=CC=CN=C1)NC(=O)C(CC1=CC=C(Cl)C=C1)NC(=O)C(CC1=CC2=C(C=CC=C2)C=C1)NC(C)=O)C(=O)NC(CCCCNC(C)C)C(=O)N1CCCC1C(=O)NC(C)C(N)=O,90.0000000
CCCCCCOC(=O)N=C(N)C1=CC=C(NCC2=NC3=C(C=CC(=C3)C(=O)N(CCC(=O)OCC)C3=CC=CC=N3)N2C)C=C1,34.5000000
HC12CCC(C)C(O)(O1)C(=O)C(=O)N1CCCCC1C(=O)OC(H)(CC(=O)C(C)\C=C(C)\C(O)C(OC)C(=O)C(C)CC(C)\C=C\C=C\C=C(C)\C(C2)OC)C(C)CC1CCC(OC(=O)C(C)(CO)CO)C(C1)OC,87.0000000
CC1CN(CC(CC2=CC=CC=C2)C(=O)NCC(O)=O)CCC1(C)C1=CC(O)=CC=C1,85.0000000
CC1=NOC(NS(=O)(=O)C2=C(SC=C2)C(=O)CC2=C(C)C=C3OCOC3=C2)=C1Cl,99.0000000
CC1=C(N(N=C1C(=O)NN1CCCCC1)C1=C(Cl)C=C(Cl)C=C1)C1=CC=C(Cl)C=C1,99.5000000
CC1(C)CCC(C)(C)C2=C1C=CC(NC(=O)C1=CC=C(C=C1)C(O)=O)=C2,99.0000000
HC12CC(NC(=O)CC(O)C(C)(C)C(=O)C(C)C(O)C(C)CCCC1(C)O2)C(\C)=C\C1=CSC(C)=N1,72.0000000
HC12CCC(H)(CC(C1)N1C(C)=NN=C1C(C)C)N2CCC(NC(=O)C1CCC(F)(F)CC1)C1=CC=CC=C1,76.0000000
OC(=O)C1=CC=CN=C1NC1=CC(=CC=C1)C(F)(F)F,90.0000000
OC1=CC=C(\C=C\C2=CC(O)=CC(O)=C2)C=C1,90.0000000
HC12CC(O)C3(H)C4(C)CCC(O)C(C)C4(H)CCC3(C)C1(C)CC(OC(C)=O)\C2=C(\CCC=C(C)C)C(O)=O,98.0000000
NCCCCC(NC(=O)C1CCCN1C(=O)C1CSSCC(NC(=O)CNC(=O)CNC(=O)CN)C(=O)NC(CC2=CC=C(O)C=C2)C(=O)NC(CC2=CC=CC=C2)C(=O)NC(CCC(N)=O)C(=O)NC(CC(N)=O)C(=O)N1)C(=O)NCC(N)=O,30.0000000
HC1(CCN2C1C(=O)OC(C(C)C)C(C)\C=C/C(=O)NC\C=C/C(C)=C\C(O)CC(=O)CC1=NC(=CO1)C2=O)S(=O)(=O)CCN(CC)CC,50.0000000
OCCN1CCN(CC\C=C2\C3=C(SC4=C2C=C(Cl)C=C4)C=CC=C3)CC1,98.0000000
CC(C)C(N)C(=O)OCC(CO)OCN1C=NC2=C1NC(N)=NC2=O,1.5000000
OC(=O)C1=CC=C(C=C1)N1N=C(N=C1C1=CC=CC=C1O)C1=CC=CC=C1O,99.0000000
HC12CC(SCC\N=C\N)=C(N1C(=O)C2(H)C(C)O)C(O)=O,20.0000000
OC(=O)CCC(O)=O.O=C(OC1CN2CCC1CC2)N1CCC2=C(C=CC=C2)C1C1=CC=CC=C1,98.0000000
CCC1=CC2=C(S1)N(C)C(=O)CN=C2C1=C(Cl)C=CC=C1,99.0000000
HC12CCC(OC(=O)CC)C1(C)CCC1(H)C2(H)CCC2=CC(=O)CCC12C,40.0000000
CC(=O)CC(C1=CC=C(C=C1)[N+]([O-])=O)C1=C(O)OC2=C(C=CC=C2)C1=O,98.6999969
HC12SCC(COC)=C(N1C(=O)C2NC(=O)C(=N/OC)\C1=CSC(N)=N1)C(O)=O,25.0000000
HC12SCC=C(N1C(=O)C2NC(=O)C(=C/CC(O)=O)\C1=CSC(N)=N1)C(O)=O,65.0000000
HC12CC3(H)C4(H)CCC5=CC(=O)C=CC5(C)C4(H)C(O)CC3(C)C1(OC(O2)C1CCCCC1)C(=O)COC(=O)C(C)C,99.0000000
CN(C)C(=O)OC1=CC(=CC=C1)[N+](C)(C)C,20.0000000
C#CCNC1CCC2=C1C=CC=C2,91.0000000
HC12SCC(CSC3=NN=NN3C)=C(N1C(=O)C2NC(=O)C(NC(=O)N1CCN(CC)C(=O)C1=O)C1=CC=C(O)C=C1)C(O)=O,88.0000000
CC1=NN=C(SCC2=C(N3C(SC2)C(NC(=O)CN2C=NN=N2)C3=O)C(O)=O)S1,80.0000000
CC(C)CN(CC(OP(O)(O)=O)C(CC1=CC=CC=C1)NC(=O)OC1CCOC1)S(=O)(=O)C1=CC=C(N)C=C1,90.0000000
CC1=CC(CC(O)=O)=C(NC2=C(Cl)C=CC=C2F)C=C1,98.0000000
COC1=NC(N)=NC2=C1N=CN2C1OC(CO)C(O)C1O,25.0000000
HC12CC(H)(CNC1)C1=C2C=C2N=CC=NC2=C1,20.0000000
CCN(CC)CCNC(=O)C1=C(C)NC(\C=C2/C(=O)NC3=C2C=C(F)C=C3)=C1C,95.0000000
CC1=CN(C2CC(O)C(CO)O2)C(=O)NC1=O,3.3000000
HC12OCCC1(H)C(CO2)OC(=O)NC(CC1=CC=CC=C1)C(O)CN(CC(C)C)S(=O)(=O)C1=CC=C(N)C=C1,95.0000000
CCC(C(C)O)N1N=CN(C1=O)C1=CC=C(C=C1)N1CCN(CC1)C1=CC=C(OCC2COC(CN3C=NC=N3)(C2)C2=C(F)C=C(F)C=C2)C=C1,98.0000000
NC(CC(=O)N1CCN2C(C1)=NN=C2C(F)(F)F)CC1=C(F)C=C(F)C(F)=C1,38.0000000
CS(=O)(=O)CCNCC1=CC=C(O1)C1=CC2=C(C=C1)N=CN=C2NC1=CC(Cl)=C(OCC2=CC(F)=CC=C2)C=C1,99.0000000
COCCCOC1=C(OC)C=CC(CC(CC(N)C(O)CC(C(C)C)C(=O)NCC(C)(C)C(N)=O)C(C)C)=C1,49.5000000
CC1CCC23CCC(=O)C2C1(C)C(CC(C)(C=C)C(O)C3C)OC(=O)CSC1CC2CCC(C1)N2C,94.0000000
CCC(OC(C)=O)C(CC(C)N(C)C)(C1=CC=CC=C1)C1=CC=CC=C1,80.0000000
CC(=O)NC1C(O)OC(COS(O)(=O)=O)C(OC2OC(C(OC3OC(CO)C(OC4OC(C(O)C(O)C4OS(O)(=O)=O)C(O)=O)C(OS(O)(=O)=O)C3NS(O)(=O)=O)C(O)C2OS(O)(=O)=O)C(O)=O)C1O,80.0000000
CCCCN(CCCC)CCC(O)C1=CC2=C(C=C(Cl)C=C2Cl)C2=C1C=CC(=C2)C(F)(F)F,65.0000000
CCC1OC(=O)C(C)C(OC2CC(C)(OC)C(O)C(C)O2)C(C)C(OC2OC(C)CC(C2O)N(C)C)C(C)(CC(C)C(=O)C(C)C(O)C1(C)O)OC,70.0000000
OC(=O)CCCCO\N=C(\C1=CC=CN=C1)C1=CC(=CC=C1)C(F)(F)F,60.0000000
COC1\C=C\OC2(C)OC3=C(C2=O)C2=C(C(O)=C3C)C(O)=C(NC(=O)\C(C)=C/C=C/C(C)C(O)C(C)C(O)C(C)C(OC(C)=O)C1C)C(\C=N\N1CCN(CC1)C1CCCC1)=C2O,97.6999969
CN1CCN(CC1)C(=O)OC1N(C(=O)C2=NC=CN=C12)C1=NC=C(Cl)C=C1,45.0000000
CCNC1CN(CCCOC)S(=O)(=O)C2=C1C=C(S2)S(N)(=O)=O,60.0000000
CC1=CC(=O)N(O)C(=C1)C1CCCCC1,95.5000000
HC12CCC(C)(O)C1(C)CC(O)C1(F)C2(H)CCC2=CC(=O)CCC12C,99.0000000
ClC1=CC(Cl)=C(C=C1)C(CN1C=CN=C1)OCC1=CSC2=C1C=CC=C2Cl,99.0000000
CN1CCC(CC1)OC(C1=CC=CC=C1)C1=CC=CC=C1,99.0000000
CN(C)CC\C=C1/C2=C(COC3=C1C=CC=C3)C=CC=C2,90.0000000
CCCCCOC1=CC=C(C=C1)C1=CC(=NO1)C1=CC=C(C=C1)C(=O)NC1CC(O)C(O)NC(=O)C2C(O)C(C)CN2C(=O)C(NC(=O)C(NC(=O)C2CC(O)CN2C(=O)C(NC1=O)C(C)O)C(O)C(O)C1=CC=C(O)C(OS(O)(=O)=O)=C1)C(O)CC(N)=O,99.0000000
HC12CCC(C(=O)NC3=C(C=CC(=C3)C(F)(F)F)C(F)(F)F)C1(C)CCC1C2(H)CCC2(H)NC(=O)C=CC12C,99.0000000
COC(=O)C1=C(C)NC(C)=C(C1C1=C(C=CC=C1)[N+]([O-])=O)C(=O)OC,95.0000000
HC12SCC(COC(N)=O)=C(N1C(=O)C2NC(=O)C(=N\OC)\C1=CC=CO1)C(O)=O,50.0000000
CC(C)C1=NC(=NC(C2=CC=C(F)C=C2)=C1\C=C\C(O)CC(O)CC(O)=O)N(C)S(C)(=O)=O,90.0000000
CCOC(=O)C1(CCN(CCC(C#N)(C2=CC=CC=C2)C2=CC=CC=C2)CC1)C1=CC=CC=C1,84.5000000
C(C(C1CCCCC1)C1CCCCC1)C1CCCCN1,90.0000000
NC1=NC(F)=NC2=C1N=CN2C1OC(COP(O)(O)=O)C(O)C1O,24.0000000
CC(C)C(C)\C=C\C(C)C1CCC2C1(C)CCC\C2=C/C=C1/CC(O)CCC1C,99.0000000
HC12SCC(\C=C/C3=C(C)N=CS3)=C(N1C(=O)C2NC(=O)C(=N/OC)\C1=CSC(N)=N1)C(=O)OCOC(=O)C(C)(C)C,88.0000000
CCOC(=O)C1=C(C)NC(C)=C(C1C1=CC(=CC=C1)[N+]([O-])=O)C(=O)OC,99.0000000
CC(C)CC1=CC=C(C=C1)C(C)C(O)=O,94.5000000
CCC(C)(C)C1N2C(=O)C(NC(=O)C3CC4C(CC5=CNC6=C5C4=CC=C6)N(C)C3)(OC2(O)C2CCCN2C1=O)C(C)C,98.5000000
CCOC(=O)C1=C(C)NC(C)=C(C1C1=C(Cl)C(Cl)=CC=C1)C(=O)OC,99.0000000
CC(NCCCC1=CC(=CC=C1)C(F)(F)F)C1=CC=CC2=C1C=CC=C2,95.0000000
NCC1(CC(O)=O)CCCCC1,3.0000000
CN1C=NC(=C1SC1=NC=NC2=C1NC=N2)[N+]([O-])=O,30.0000000
OC(=O)CCC1=NC(=C(O1)C1=CC=CC=C1)C1=CC=CC=C1,99.5000000
CCC(=O)NCCC1CCC2=C1C1=C(OCC1)C=C2,82.0000000
CCC1OC(=O)C(C)C(=O)C(C)C(OC2OC(C)CC(C2O)N(C)C)C(C)(CC(C)C(=O)C(C)C2N(CCCCN3C=NC(=C3)C3=CC=CN=C3)C(=O)OC12C)OC,65.0000000
HC12OC3=C(OC)C=CC4=C3C11CCN(C)C(H)(C4)C1(H)CCC2=O,19.0000000
CCC1OC(=O)C(C)C(OC2CC(C)(OC)C(O)C(C)O2)C(C)C(OC2OC(C)CC(C2O)N(C)C)C(C)(O)CC(C)C2NC(COCCOC)OC(C2C)C1(C)O,22.5000000
HC12CCC(O)C1(C)CCC1(H)C3=C(CC(CCCCCCCCCS(=O)CCCC(F)(F)C(F)(F)F)C21H)C=C(O)C=C3,99.0000000
OC(CCN1CCCCC1)(C1CCCC1)C1=CC=CC=C1,17.5000000
CC1=CC=C(Cl)C(NC2=C(C=CC=C2)C(O)=O)=C1Cl,99.0000000
CCCC1(CCC2=CC=CC=C2)CC(=O)C(C(CC)C2=CC(NS(=O)(=O)C3=NC=C(C=C3)C(F)(F)F)=CC=C2)=C(O)O1,99.5000000
CN(C)C1C2C(O)C3C(=C)C4=C(C(O)=CC=C4)C(=O)C3=C(O)C2(O)C(=O)C(C(N)=O)C1=O,76.5000000
CCCCCC(O)\C=C\C1C(O)CC(=O)C1C\C=C/CCCC(O)=O,73.0000000
CC1=NC=C(N1CCO)[N+]([O-])=O,20.0000000
CCOC(=O)C1(CCN(CCC2=CC=C(N)C=C2)CC1)C1=CC=CC=C1,95.0000000
CCS(=O)(=O)CCN1C(C)=NC=C1[N+]([O-])=O,12.0000000
CCNC(=O)CCC\C=C/CC1C(O)CC(O)C1\C=C\C(O)CCC1=CC=CC=C1,88.0000000
HC12CCC3=CC(=O)C=CC3(C)C1(H)CCC1(C)OC(=O)CCC21H,85.0000000
CC=C(C(=CC)C1=CC=C(O)C=C1)C1=CC=C(O)C=C1,65.0000000
OC(CC1=CC=CN=C1)(P(O)(O)=O)P(O)(O)=O,24.0000000
HC12OCC(O[N+]([O-])=O)C1(H)OCC2O[N+]([O-])=O,5.0000000
NC1=NC(=O)N(C=C1F)C1CSC(CO)O1,4.0000000
CCCCC1=NC=C(C=C(CC2=CC=CS2)C(O)=O)N1CC1=CC=C(C=C1)C(O)=O,98.0000000
CC(CC1=CC=CC=C1)N(C)CC1=CC=CC=C1,87.0000000
COC1CC(CCC1O)\C=C(/C)C1OC(=O)C2CCCCN2C(=O)C(=O)C2(O)OC(C(CC2C)OC)C(CC(C)C\C(C)=C\C(CC=C)C(=O)CC(O)C1C)OC,87.0000000
CC(C)(S)C(N)C(O)=O,80.0000000
C1CN2CC(N=C2S1)C1=CC=CC=C1,22.5000000
HC12CC3=C4C(OC5C(O)CCC1(O)C45CCN2CC1CCC1)=C(O)C=C3,0.5000000
HC12CCC(OC(C)=O)(C#C)C1(C)CCC1(H)C3(H)CCC(OC(C)=O)C=C3CCC21H,67.5000000
CCN(CC)CCOC(=O)C1(CCCCC1)C1CCCCC1,99.0000000
CCOC(=O)C1=CN=C(C=C1)C#CC1=CC2=C(SCCC2(C)C)C=C1,99.5000000
HC12CC(C)C(O)(C(=O)CCl)C1(C)CC(O)C1(Cl)C2CCC2=CC(=O)C=CC12C,98.5000000
CC(C=CC1=C(C)CCCC1(C)C)=CC=CC(C)=CC(O)=O,95.0000000
CC(=O)N(O)CCCCCNC(=O)CCC(=O)N(O)CCCCCNC(=O)CCC(=O)N(O)CCCCCN,10.0000000
[Gd+3].CNCC(O)C(O)C(O)C(O)CO.CNCC(O)C(O)C(O)C(O)CO.OC(=O)CN(CCN(CCN(CC(O)=O)C(COCC1=CC=CC=C1)C([O-])=O)CC([O-])=O)CC([O-])=O,5.0000000
COC1=CC(C(O)C(C)N)=C(OC)C=C1,15.0000000
CC(C)(C)C(=O)OCOP(=O)(COCCN1C=NC2=C1N=CN=C2N)OCOC(=O)C(C)(C)C,4.0000000
HC12CC3=C(C(O)=C(O)C=C3)C3=CC=CC(CCN1C)=C23,50.0000000
CC(O)C1=C2NC(\C=C3/N=C(/C=C4\N=C(\C=C5NC(=C/2)\C(C)=C/5C(C)OC(C)C2=C(C)/C5=C/C6=N/C(=C\C7=N\C(=C/C8=C(C(C)O)C(C)=C(N8)\C=C\2N5)\C(C)=C7CCC(O)=O)/C(CCC(O)=O)=C6C)C(C)=C\4CCC(O)=O)C(CCC(O)=O)=C/3C)=C1C,90.0000000
[O-][N+](=O)C1=CC=C(O1)\C=N/N1CC(=O)NC1=O,40.0000000
COC1=CC=CC2=C1C(=O)C1=C(O)C3=C(CC(O)(CC3OC3CC(N)C(O)C(C)O3)C(C)=O)C(O)=C1C2=O,97.0000000
CCOC(=O)C(CCC1=CC=CC=C1)NC(C)C(=O)N1CC2=C(CC1C(O)=O)C=C(OC)C(OC)=C2,50.0000000
HC12CC(OC3OC(C)C(O)C(N)C3O)\C=C\C=C\C=C\C=C\C=C\C=C\C=C\C(C)C(O)C(C)C(C)OC(=O)CC(O)CC(O)CCC(O)C(O)CC(O)CC(O)(CC(O)C1C(O)=O)O2,90.0000000
CC(OC1OCCN(CC2=NC(=O)NN2)C1C1=CC=C(F)C=C1)C1=CC(=CC(=C1)C(F)(F)F)C(F)(F)F,95.0000000
HC12CCC(=O)C1(C)CCC1(H)C3=C(CCC21H)C=C(O)C=C3,95.0000000
HC1(F)C(O)C(CO)OC1N1C=NC2=C1N=C(Cl)N=C2N,47.0000000
COC(=O)C1=C(C)NC(C)=C(C1C1=CC(=CC=C1)[N+]([O-])=O)C(=O)OCCN(C)CC1=CC=CC=C1,95.0000000
CC(N)C(O)C1=CC(O)=CC=C1,45.0000000
CC1=C(CC(O)=O)C2=C(C=CC(F)=C2)C1=CC1=CC=C(C=C1)S(C)=O,93.0000000
[Na+].[Na+].[Na+].[Na+].[Na+].[Na+].[Na+].[Na+].[Na+].[Na+].COC1OC(COS([O-])(=O)=O)C(OC2OC(C(OC3OC(COS([O-])(=O)=O)C(OC4OC(C(OC5OC(COS([O-])(=O)=O)C(O)C(O)C5NS([O-])(=O)=O)C(O)C4O)C([O-])=O)C(OS([O-])(=O)=O)C3NS([O-])(=O)=O)C(O)C2OS([O-])(=O)=O)C([O-])=O)C(O)C1NS([O-])(=O)=O,94.0000000
HC12N3CCC11C4=C(C=C(OC)C(=C4)C4(CC5(H)CN(CC(O)(CC)C5)CCC5=C4NC4=C5C=CC=C4)C(=O)OC)N(C=O)C1(H)C(O)(C(OC(C)=O)C2(CC)C=CC3)C(=O)OC,75.0000000
CN(C)CCOC1=CC=C(C=C1)C(\C1=CC=CC=C1)=C(\CCCl)C1=CC=CC=C1,94.0000000
COCCOC1=C(OCCOC)C=C2C(NC3=CC(=CC=C3)C#C)=NC=NC2=C1,93.0000000
CN(C)CCCN1C2=C(SC3=C1C=C(C=C3)C(F)(F)F)C=CC=C2,95.0000000
CC(=O)OC1=C(C=CC=C1)C(=O)NC1=NC=C(S1)[N+]([O-])=O,99.0000000
C\N=C(\NCCSCC1=C(C)NC=N1)NC#N,17.5000000
CC(C)C(=O)NC1=CC(=C(C=C1)[N+]([O-])=O)C(F)(F)F,95.0000000
NC(=O)C(C1CCN(CCC2=CC3=C(OCC3)C=C2)C1)(C1=CC=CC=C1)C1=CC=CC=C1,98.0000000
CC1=CN(C2CC(N=[N+]=[N-])C(CO)O2)C(=O)NC1=O,34.0000000
CCN(CC)C(=O)C(\C#N)=C\C1=CC(=C(O)C(O)=C1)[N+]([O-])=O,98.0000000
OCC(NC(=O)C(Cl)Cl)C(O)C1=CC=C(C=C1)[N+]([O-])=O,55.0000000
NC1=NC(=O)C2=C(N1)N(C=N2)C1CC(O)C(CO)C1=C,13.0000000
HC12SCC(C[N+]3=CC=CC=C3)=C(N1C(=O)C2NC(=O)C(=N/OC(C)(C)C(O)=O)\C1=CSC(N)=N1)C([O-])=O,10.0000000
CN1CCC(CC1)=C1C2=C(C=CC=C2)C=CC2=C1C=CC=C2,97.5000000
CN1CCN(CCCN2C3=C(SC4=C2C=C(Cl)C=C4)C=CC=C3)CC1,95.0000000
HC12CCC3(CCC(=O)O3)C1(C)CCC1(H)C2(H)C(H)(CC2=CC(=O)CCC12C)SC(C)=O,90.0000000
HC12CC(C)C(O)(C(=O)CO)C1(C)CC(O)C1(Cl)C2(H)CCC2=CC(=O)C=CC12C,87.0000000
CCCCC(=O)OCC(=O)C1(O)CC(OC2CC(NC(=O)C(F)(F)F)C(O)C(C)O2)C2=C(C1)C(O)=C1C(=O)C3=C(C(=O)C1=C2O)C(OC)=CC=C3,99.0000000
HC12CC(O)C(CCC(O)CCCCC)C1(H)CC1=C(C2)C(OCC(O)=O)=CC=C1,91.0000000
ClC1=CC2=C(OC(=O)N2)C=C1,15.5000000
NC1=NC(=CC(N)=[N+]1[O-])N1CCCCC1,0.5000000
HC12OC(O)(C(C)CC1OC)C(=O)C(=O)N1CCCCC1(H)C(=O)OC(C(C)C(O)CC(=O)C(CC)\C=C(C)/CC(C)CC2OC)C(\C)=C\C1CCC(Cl)C(C1)OC,80.5000000
CC1=CC=C(C=C1)C(=O)C1=CC(=C(O)C(O)=C1)[N+]([O-])=O,99.5000000
CCOC1=CC2=C(C=C1)N=C(S2)S(N)(=O)=O,89.0000000
HC12N3CCC11C4=C(C=C(OC)C(=C4)C4(CC5(H)CN(CC(O)(CC)C5)CCC5=C4NC4=C5C=CC=C4)C(=O)OC)N(C)C1(H)C(O)(C(O)C2(CC)C=CC3)C(N)=O,70.0000000
CC(CN1C=NC2=C1N=CN=C2N)OCP(O)(O)=O,0.7000000
[Na+].HC12CCC(=O)C1(C)CCC1(H)C3=CC=C(OS([O-])(=O)=O)C=C3CCC21H,90.0000000
CCCC1=NC(=C(N1CC1=CC=C(C=C1)C1=C(C=CC=C1)C1=NNN=N1)C(=O)OCC1=C(C)OC(=O)O1)C(C)(C)O,99.0000000
COC1=CC=C(C=C1)C(Cl)=C(C1=CC=C(OC)C=C1)C1=CC=C(OC)C=C1,65.0000000
HC12SCC(CSC3=NN=NN3C)=C(N1C(=O)C2NC(=O)C(=N\OC)\C1=CSC(N)=N1)C(O)=O,60.0000000
HC12CCC(H)(CC(C1)OC(C1=CC=CC=C1)C1=CC=CC=C1)N2C,95.0000000
HC12C(CC(C)C=C1C=CC(C)C2CCC1CC(O)CC(=O)O1)OC(=O)C(C)CC,95.0000000
NC(N)=NCC1COC2(CCCCC2)O1,20.0000000
CC[N+](C)(CC)CCOC(=O)C(O)(C1CCCCC1)C1=CC=CC=C1,93.0000000
CN1CCCC1CC1=CNC2=C1C=C(CCS(=O)(=O)C1=CC=CC=C1)C=C2,85.0000000
OC(C(=O)OC1CC2CCC(C1)[N+]21CCCC1)(C1=CC=CC=C1)C1=CC=CC=C1,67.5000000
O.NC1=NC=NC2=C1N=CN2C1OC(CO)C(O)C1O,31.0000000
CCC(O)(\C=C\Cl)C#C,42.5000000
HC1(CCC2(H)C(CCCC12C)=CC=C1CC(O)CCC1=C)C(C)CCCC(C)C,65.0000000
HC1(CCC2(H)C1(C)CCC\C2=C/C=C1/CC(O)CCC1=C)C(C)\C=C\C(C)C(C)C,99.5000000
CC1=C(CCO)SC=[N+]1CC1=CN=C(C)N=C1N,92.0000000
C1CC(CCNC1)N2C(=O)C3=CC=CC=C3C(=N2)CC4=CC=C(C=C4)Cl,97.0000000
C123OOC4(OC1OC(O)C(C2CCC(C3CC4)C)C)C,62.5000000
C23(CCC(=O)C4OC1=C5C(=CC=C1OC)CC2N(CCC345)C)O,45.0000000
O=C1NC(=O)N=C2NNC=C12,0.5000000
C12N(C(CC1CCC2)C(O)=O)C(C(NC(CCC3=CC=CC=C3)C(O)=O)C)=O,56.0000000
Clc1c(N)c(Cl)c(Cl)nc1C(O)=O,99.5000000
Clc1nc(nc(n1)N)NCC,54.1156006
Clc1nn(C)c(S(=O)(=O)NC(=O)Nc2nc(OC)cc(OC)n2)c1C(OC)=O,99.0538025
Clc1ccccc1Nc1nc(Cl)nc(Cl)n1,99.5000000
Clc1cc(OC(C(O)=O)C)ccc1,97.7614975
Clc1cc(NC(OC(C)C)=O)ccc1,99.5000000
Fc1cc2OCC(=O)N(c2cc1-n1c(O)c2c(C=CCC2)c1O)CC#C,97.1928024
O=C1NC(=NC1(C(C)C)C)c1ncc(cc1C(O)=O)C,45.3224983
S(=O)(=O)(C)c1cc([N+](=O)[O-])c(cc1)C(=O)C1C(=O)CCCC1=O,64.5245972
o1cc(cc1Cc1ccccc1)COC(=O)C1C(C)(C)C1\C=C(\C)/C,99.5000000
Clc1ccc(cc1)/C(=C/C(=O)N1CCOCC1)/c1cc(OC)c(OC)cc1,90.5724030
Clc1ncc(cc1)CN/1CCS\C\1=N/C#N,71.4302979
Clc1cc(Cl)ccc1C(Cn1ncnc1)COC(F)(F)C(F)F,97.5161972
O=C(N(NC(=O)c1ccc(cc1)CC)C(C)(C)C)c1cc(cc(c1)C)C,96.6214981
Clc1cc(Cl)ccc1NC(=O)C1(CC1)C(O)=O,1.5985000
S(CC)C(=O)N(CC)C1CCCCC1,99.5000000
Oc1n(CC(CCCC)CC)c(O)c2c1C1CC2C=C1,99.5000000
O(C(C)C)c1ccccc1OC(=O)NC,78.4050980
O=C1N=C(NC1(C(C)C)C)c1ncc(cc1C(O)=O)COC,54.5176010
Clc1ccc(cc1)CCC(C#N)(Cn1ncnc1)c1ccccc1,99.5000000
ClC12C3C(COS(OC3)=O)C(Cl)(C1(Cl)Cl)C(Cl)=C2Cl,99.5000000
Clc1ccc(cc1)C(O)(C(Cl)(Cl)Cl)c1ccc(Cl)cc1,99.5000000
S(C(\C=N\OC(=O)NC)(C)C)C,51.9082985
Clc1cc(NC(=O)NC(=O)c2c(F)cccc2F)ccc1OC(F)(F)C(F)OC(F)(F)F,99.5000000
S1CCN=C1c1c(CC(C)C)c(C(OC)=O)c(nc1C(F)(F)F)C(F)F,98.8949966
O(C(=O)c1ccccc1C(OCC(CCCC)CC)=O)CC(CCCC)CC,6.7145000
O1C(COC12CCC(CC2)C(C)(C)C)CN(CCC)CC,99.4553986
Clc1c(n(nc1CC)C)C(=O)NCc1ccc(cc1)C(C)(C)C,99.5000000
Clc1cc(Oc2ccc(Cl)cc2)ccc1C1(OC(CO1)C)Cn1ncnc1,99.5000000
Clc1cccc(Cl)c1C#N,93.7779999
O(C(CC)C)C(=O)N1CCCCC1CCO,71.5820007
Clc1cc(cc(Cl)c1-n1nc(C#N)c(S(=O)C(F)(F)F)c1N)C(F)(F)F,99.5000000
Clc1cc(Cc2ccccc2)c(O)cc1,99.5000000
Clc1cc(Cl)ccc1OC(C(O)=O)C,99.1471024
n1c(cc(nc1Nc1ccccc1)C)C1CC1,99.5000000
S(P(=S)(OC)OC)C(CC(OCC)=O)C(OCC)=O,99.5000000
S=P(Oc1cc(C)c([N+](=O)[O-])cc1)(OC)OC,99.5000000
Clc1nc(nc(n1)NCC)NCC,71.5501022
N(c1ccccc1)c1ccccc1,99.5000000
Clc1cc(Cl)c(NS(=O)(=O)C)cc1N1N=C(N(C(F)F)C1=O)C,0.6696000
S(=O)(=O)(CC)c1cccnc1S(=O)(=O)NC(=O)Nc1nc(OC)cc(OC)n1,37.2211990
O(CCO)c1ccccc1,70.4287033
O=C1NN=C(CN1\N=C\c1cccnc1)C,0.5385000
Clc1cccc(Sc2nc(OC)cc(OC)n2)c1C(O)=O,97.1993027
Clc1c2c(nccc2Oc2ccc(F)cc2)cc(Cl)c1,99.5000000
S(=O)(=O)(NC(=O)Nc1nc(nc(OCC(F)(F)F)n1)N(C)C)c1c(cccc1C)C(OC)=O,67.0764999
Clc1c(Cl)c(O)ccc1NC(=O)C1(CCCCC1)C,94.2806015
O(C(=O)c1ccccc1C(OC)=O)C,34.3969002
FC1(F)Oc2c(O1)cccc2-c1c[nH]cc1C#N,99.5000000
O(C(=O)c1ccccc1C(O)=O)CCCC,79.2288971
O(c1ccccc1C#N)c1ncnc(Oc2ccccc2/C(=C/OC)/C(OC)=O)c1,95.2366028
S(P(SCCC)(OCC)=O)CCC,90.6540985
Clc1ccc(cc1)\C=C\1/CCC(C)(C)C/1(O)Cn1ncnc1,86.2742996
O=C(N(CC)CC)c1cc(ccc1)C,64.4113998
Clc1ncc(cc1)CN(\C(=N\C#N)\C)C,42.4049988
Clc1ncc(cc1)CN1CCN=C1N[N+](=O)[O-],34.4149017
Clc1nc(nc(n1)NC(C)C)NC(C)C,96.3488998
S(=O)(=O)(C)c1cc(ccc1C(=O)c1cnoc1C1CC1)C(F)(F)F,99.1699982
P(OC)(OC)(O\C(=C\C(=O)N(C)C)\C)=O,17.6650009
s1c(nnc1OCC(=O)N(C(C)C)c1ccc(F)cc1)C(F)(F)F,86.2527008
Ic1cc(S(=O)(=O)NC(=O)Nc2nc(nc(OC)n2)C)c(cc1)C(OC)=O,99.3319016
S(=O)(=O)(NC(=O)Nc1nc(cc(n1)C)C)c1ccccc1C(OC1COC1)=O,93.9160995
Clc1cccc(Cl)c1NS(=O)(=O)c1nc2n(n1)C(OCC)=NC(F)=C2,99.3519974
s1cc(nc1)-c1[nH]c2c(n1)cccc2,86.1839981
O(C)c1ccc(cc1NNC(OC(C)C)=O)-c1ccccc1,16.3999996
Cl\C=C\CO\N=C(/CC)\C=1C(=O)CC(CC=1O)C1CCOCC1,61.6567001
O(C(C(=O)N(CC)CC)C)c1c2c(ccc1)cccc2,99.5000000
Fc1cccc(F)c1C=1OCC(N=1)c1ccc(cc1OCC)C(C)(C)C,99.5000000
Clc1sc(cn1)CN\1COCN(C)/C/1=N\[N+](=O)[O-],17.1434002
O1C(C(CC)C)C(C=CC12OC1CC(OC(=O)C3=CC(C)C(O)C4OC\C(=C/C=C/C(C)C(OC5OC(C)C(OC6OC(C)C(NC)C(OC)C6)C(OC)C5)/C(=C/C1)/C)\C34O)C2)C,99.5000000
Clc1cc(cc(Cl)c1C)C(=O)NC(C(=O)CCl)(CC)C,99.4850006
FC(F)(F)c1cc([N+](=O)[O-])c(N(CCC)CCC)c([N+](=O)[O-])c1,99.5000000
ClCC(=O)N(COC)c1c(cccc1CC)CC,85.9049988
O(C)c1nc(nc(n1)NC(C)C)NC(C)C,99.5000000
O(C)c1cccc(C(=O)NN(C(=O)c2cc(cc(c2)C)C)C(C)(C)C)c1C,93.8806000
S(C)C1=NC(C)(c2ccccc2)C(=O)N1Nc1ccccc1,97.5637970
Brc1cc(cc(Br)c1O)C#N,50.0000000
ClC=1C(=O)N(N=CC=1N)c1ccccc1,57.2673988
S(=O)(=O)(NC(=O)Nc1nc(OC)cc(OC)n1)c1cc(NC=O)ccc1C(=O)N(C)C,93.5101013
Clc1cc2CC3(OCN(N=C3c2cc1)C(=O)N(C(OC)=O)c1ccc(OC(F)(F)F)cc1)C(OC)=O,99.5000000
Clc1ccc(-n2nc(OCc3ccccc3N(OC)C(OC)=O)cc2)cc1,99.5000000
S(O)(=O)(=O)C(F)(F)C(F)(F)C(F)(F)C(F)(F)C(F)(F)C(F)(F)C(F)(F)C(F)(F)F,99.5000000
O(C(=O)Nc1nc2c(n1C(=O)NCCCC)cccc2)C,99.5000000
FC(F)(F)c1cc([N+](=O)[O-])c(N(CCCC)CC)c([N+](=O)[O-])c1,99.5000000
Clc1ncccc1C(=O)Nc1ccccc1-c1ccc(Cl)cc1,96.7985992
S(=O)(=O)(N)c1cc([N+](=O)[O-])c(N(CCC)CCC)c([N+](=O)[O-])c1,99.5000000
Clc1nc(nc(n1)NCC)NC(C)C,88.7949982
Clc1ccc(Cl)c(OC)c1C(O)=O,81.9815979
Clc1nc(ccc1)C(Cl)(Cl)Cl,99.5000000
Clc1cc(Cl)c(OC(C)C)cc1N1N=C(OC1=O)C(C)(C)C,99.5000000
S(=O)(=O)(NC(=O)Nc1nc(OC)cc(OC)n1)c1ncccc1OCC(F)(F)F,99.5000000
S(CC)C(=O)N(CC(C)C)CC(C)C,99.5000000
S(=O)(=O)(NC(=O)Nc1nc(OC)cc(OC)n1)c1cc(ccc1C(OC)=O)CNS(=O)(=O)C,99.5000000
S(C)C1=NN=C(C(C)(C)C)C(=O)N1N,46.2949982
Clc1sc(cn1)CN\C(=N\C)\N[N+](=O)[O-],48.2799988
FC(F)(F)c1cc(NC(=O)N(C)C)ccc1,74.1083984
Clc1nc(nc(n1)NCC)NC(C#N)(C)C,68.4477997
S(=O)(=O)(Nc1nc2n(n1)C(OC)=NC=C2OC)c1c(cccc1OCC(F)F)C(F)(F)F,98.9910965
S(CC)C(=O)N1CCCCCC1,90.2854996
S(C)c1ccc(OP(OCC)(=O)NC(C)C)cc1C,96.4300003
O1c2c(OC1(C)C)cccc2OC(=O)NC,80.2895966
Cl\C(=C(/Cl)\Cl)\CSC(=O)N(C(C)C)C(C)C,99.5000000
Clc1cc2OC(=O)N(c2cc1)CSP(=S)(OCC)OCC,99.5000000
O(C(=O)N(C)C)c1nc(nc(C)c1C)N(C)C,83.6662979
S(\C(=N/OC(=O)NC)\C(=O)N(C)C)C,20.7423000
ClCC(=O)N(COCCCC)c1c(cccc1CC)CC,99.5000000
O(C(=O)NC)c1cc(\N=C\N(C)C)ccc1,11.4686003
S=C(Nc1ccccc1NC(=S)NC(OC)=O)NC(OC)=O,57.2993011
Clc1cc(cc(Cl)c1)C(=O)NC(C#C)(C)C,93.2444000
S1(=O)(=O)Nc2c(cccc2)C(=O)N1C(C)C,97.9250031
O(CCC)C(=O)NCCCN(C)C,15.6515999
ClC(Cl)(Cl)c1nc(sn1)OCC,99.5000000
S(Oc1cc2c(OC(OCC)C2(C)C)cc1)(=O)(=O)C,86.8730011
Clc1cc(OC)c(Cl)cc1OC,42.2611008
ClC=1C(=O)N(N=CC=1NC)c1cc(ccc1)C(F)(F)F,81.5942993
Clc1ccc(cc1)CSC(=O)N(CC)CC,99.5000000
O(C(=O)C1C(C)(C)C1\C=C(\C)/C)C1=CC(=O)C(CC=C)C1C,76.2733994
FC(F)(F)c1cc([N+](=O)[O-])c(N(CCC)CCC)c([N+](=O)[O-])c1N,99.5000000
S=P(Oc1nc(nc(c1)C)N(CC)CC)(OC)OC,99.5000000
ClC(Cl)(Cl)C(c1ccc(O)cc1)c1ccc(O)cc1,99.5000000
S=P(Oc1ccc([N+](=O)[O-])cc1)(OC)OC,98.5849991
S(CCSP(=S)(OCC)OCC)CC,99.5000000
S(P(OC)(=O)NC(=O)C)C,13.1626997
S=P(OC)(O\C(=C\C(OC(C)C)=O)\C)NCC,98.4100037
BrC=1C(=O)N(C(CC)C)C(=O)NC=1C,90.0849991
Clc1cc(NC(=O)N(C)C)ccc1Cl,81.4355011
Clc1cc(NC(=O)N(OC)C)ccc1Cl,89.4877014
N(=C\N(\C=N\c1ccc(cc1C)C)C)/c1ccc(cc1C)C,99.5000000
S=P(Oc1nc(nc(c1)C)C(C)C)(OCC)OCC,99.5000000
FC(F)(C(F)(F)C(F)(F)C(F)(F)C(F)(F)F)C(F)(F)C(F)(F)C(O)=O,99.5000000
O=[N+]([O-])c1cc(cc([N+](=O)[O-])c1NC(CC)C)C(C)(C)C,99.5000000
Clc1cc(Cl)ccc1Oc1ccc(Cl)cc1O,99.5000000
s1c(nnc1N(C(=O)NC)C)C(C)(C)C,58.2778015
ClCC(=O)N(COCC)c1c(cccc1C)CC,85.2600021
Clc1cc(Cl)ccc1C(OCC=C)Cn1ccnc1,97.0441971
Clc1ccccc1Oc1ncnc(Oc2ccccc2\C(=N\OC)\C=2OCCON=2)c1F,96.3798981
Clc1cc(N2C(O)=CN(C(=O)NC(C)C)C2=O)cc(Cl)c1,99.5000000
O=[N+]([O-])c1c(C)c(cc([N+](=O)[O-])c1NC(CC)CC)C,99.5000000
Clc1nc(OP(=S)(OCC)OCC)nn1C(C)C,93.4609985
Clc1cc(ccc1Oc1cc(OCC)c([N+](=O)[O-])cc1)C(F)(F)F,87.8242035
Clc1ccc(OC(n2ncnc2)C(=O)C(C)(C)C)cc1,94.2900009
[n+]1(n(C)c(cc1-c1ccccc1)-c1ccccc1)C,14.8720999
Clc1cc(N2C(=O)C(OC2=O)(C=C)C)cc(Cl)c1,40.6413994
Clc1cc(ccc1Oc1cc(C(O)=O)c([N+](=O)[O-])cc1)C(F)(F)F,99.5000000
Clc1cc([N+](=O)[O-])ccc1NC(=O)c1cc(Cl)ccc1O,95.8344421
O1c2cc(CCC)c(cc2OC1)COCCOCCOCCCC,99.5000000
ClCC(=O)N(C(COC)C)c1c(cccc1C)CC,82.2659988
O=C1N(C2CCCCC2)C(=O)N=C(N(C)C)N1C,38.7018013
Clc1cc(Cl)ccc1Oc1ccc(OC(C(OC)=O)C)cc1,99.5000000
O1C(CC)C(CCC12OC1CC(OC(=O)C3=CC(C)C(O)C4OC\C(=C/C=C/C(C\C(=C\C1)\C)C)\C34O)C2)C,99.5000000
s1nncc1NC(=O)Nc1ccccc1,97.1624985
S1CCOC(C)=C1C(=O)Nc1ccccc1,82.4962997
Cl\C(\Cl)=C\C1C(C)(C)C1C(OCc1cc(Oc2ccccc2)ccc1)=O,99.5000000
n1c(cc(nc1Nc1ccccc1)C)C,98.3266983
S1CN(CN(C)C1=S)C,10.8572998
ClC(OP(=S)(OCC)OCC)C(Cl)(Cl)Cl,99.5000000
Clc1ccc(OC(n2ncnc2)C(O)C(C)(C)C)cc1,87.4190979
FC(F)(F)c1cc([N+](=O)[O-])c(N(CC(C)=C)CC)c([N+](=O)[O-])c1,99.5000000
Clc1cc(Cl)c(Cl)nc1OCC(O)=O,97.7631989
S(C)c1ccc(OP(=S)(OC)OC)cc1C,99.5000000
Clc1cc(Cl)c(Cl)nc1OP(=S)(OC)OC,99.5000000
S=P(Oc1ccc([N+](=O)[O-])cc1)(OCC)OCC,99.5000000
ClC=1C(Oc2c(ccc(OP(=S)(OCC)OCC)c2)C=1C)=O,99.5000000
O(C(=O)C(N(C(=O)COC)c1c(cccc1C)C)C)C,26.9440002
O(C(=O)C1C(C)(C)C1\C=C(\C)/C)C1=CC(=O)C(CC=C)C1C,70.9819031
ClC1C(Cl)C(Cl)C(Cl)C(Cl)C1Cl,99.5000000
ClC=1C(=O)N(C(C)(C)C)C(=O)NC=1C,89.7109985
Clc1ccccc1C(O)(c1ccc(Cl)cc1)c1cncnc1,96.3290024
S(P(=S)(OC)OC)CC(=O)NC,3.5081999
OC12C(C(N(C)C)C(=O)C(C(=O)N)C1=O)C(O)C1C(C2=O)C(=O)c2c(cccc2O)C1(O)C,61.5149994
Clc1cccc(F)c1CN(CC)c1c([N+](=O)[O-])cc(cc1[N+](=O)[O-])C(F)(F)F,99.5000000
O(C(=O)NC)c1c2c(ccc1)cccc2,30.7754002
n1c(nc(nc1N)N)NC1CC1,6.4766002
Clc1ccc(cc1)C(C(C)C)C(OC(C#N)c1cc(Oc2ccccc2)ccc1)=O,99.5000000
FC(F)(F)c1ccccc1C(=O)Nc1cc(OC(C)C)ccc1,98.1181030
Clc1cc2oc(Oc3ccc(OC(C(OCC)=O)C)cc3)nc2cc1,99.5000000
Clc1cc(Cl)cc(Cl)c1OCCN(CCC)C(=O)n1ccnc1,97.7630005
Clc1nccc(NC(=O)Nc2ccccc2)c1,96.3349991
Clc1cc(C(F)(F)F)c(\N=C(\n2ccnc2)/COCCC)cc1,99.5000000
S\1CN(c2ccccc2)C(=O)N(C(C)C)/C/1=N/C(C)(C)C,99.5000000
Clc1c(N)c(Cl)c(F)nc1OCC(O)=O,90.8059006
Clc1cc(NC(=O)CC)ccc1Cl,99.5000000
O1C(C(CC)C)C(C=CC12OC1CC(OC(=O)C3=CC(C)C(O)C4OC\C(=C/C=C/C(C)C(OC5OC(C)C(OC6OC(C)C(O)C(OC)C6)C(OC)C5)/C(=C/C1)/C)\C34O)C2)C,93.3099976
ClC(Cl)(Cl)C(c1ccc(OC)cc1)c1ccc(OC)cc1,99.5000000
O(c1ccc(OCCNC(OCC)=O)cc1)c1ccccc1,99.5000000
S(C)c1nc(nc(n1)NC(C)C)NC(C)C,99.5000000
S(C(CC1CC(=O)C(/C(=N/OCC)/CCC)=C(O)C1)C)CC,94.5279999
Clc1ccccc1-c1nnc(nn1)-c1ccccc1Cl,99.5000000
S(=O)(=O)(NCCSP(=S)(OC(C)C)OC(C)C)c1ccccc1,99.5000000
S(=O)(=O)(NC(=O)Nc1nc(nc(OC)n1)C)c1ccccc1C(OC)=O,91.4004974
S(CC)C(=O)N(CCC)CCC,99.5000000
Clc1ccc(cc1)CC(n1ncnc1)C(O)C(C)(C)C,84.6232986
Oc1n(COC(=O)C2C(C)(C)C2\C=C(\C)/C)c(O)c2c1CCC=C2,99.5000000
Clc1cc(ccc1Oc1cc(C(OC(C(OCC)=O)C)=O)c([N+](=O)[O-])cc1)C(F)(F)F,99.5000000
S(P(SCCCC)(SCCCC)=O)CCCC,93.3492966
Clc1ccc(cc1)C1SC(=O)N(C(=O)NC2CCCCC2)C1C,99.5000000
FC(F)(F)c1ccc(Oc2ccc(OC(C(OCCCC)=O)C)cc2)nc1,99.5000000
Cl\C(=C/C1C(C)(C)C1C(OCc1c(F)c(F)c(C)c(F)c1F)=O)\C(F)(F)F,99.5000000
Clc1c([N+](=O)[O-])c(Nc2ncc(cc2Cl)C(F)(F)F)c([N+](=O)[O-])cc1C(F)(F)F,99.5000000
Clc1cc(Cl)ccc1C(O)(CCCC)Cn1ncnc1,95.9000015
Oc1ccc(cc1)C(C)(C)c1ccc(O)cc1,83.7350998
O=C1NC(=NC1(C(C)C)C)c1ncccc1C(O)=O,7.6876998
O=C1NC(=NC1(C(C)C)C)c1nc2c(cc1C(O)=O)cccc2,84.8727036
O=C1N=C(NC1(C(C)C)C)c1ncc(cc1C(O)=O)CC,71.0491028
Clc1c(N)c(Cl)c(F)nc1OCC(OC(CCCCCC)C)=O,99.5000000
Clc1ccccc1CN1OCC(C)(C)C1=O,82.6641006
ClCCOc1ccccc1S(=O)(=O)NC(=O)Nc1nc(nc(OC)n1)C,97.6951981
o1nc(cc1NC(=O)c1c(OC)cccc1OC)C(CC)(CC)C,95.6999969
Cl\C(=C/C1C(C)(C)C1C(OCc1cccc(-c2ccccc2)c1C)=O)\C(F)(F)F,99.5000000
Clc1c([N+](=O)[O-])c(Cl)c(Cl)c(Cl)c1Cl,99.5000000
S(=O)(=O)(NC(=O)Nc1nc(OC)cc(OC)n1)Cc1ccccc1C(OC)=O,99.5000000
S(C)c1nc(nc(n1)NCC)NC(C)C,99.5000000
Clc1cc(Cl)ccc1\C=C(\n1ncnc1)/C(O)C(C)(C)C,98.0531998
O1c2c(CC1C(C)=C)c1OC3C(c4cc(OC)c(OC)cc4OC3)C(=O)c1cc2,95.9079971
Clc1ccc2c(ncc(Cl)c2)c1C(O)=O,97.2005997
O(C(=O)c1ccccc1C(OCCCC)=O)CCCC,95.4529724
S(P(=S)(OC)OC)CN1N=Nc2c(cccc2)C1=O,78.6321030
ClCC(=O)N(C(COC)C)c1c(csc1C)C,76.8227005
O1C2(CCC1(CC2OCc1ccccc1C)C(C)C)C,99.5000000
Clc1ccc(cc1)C(CCCC)(C#N)Cn1ncnc1,91.5712967
Oc1ccccc1-c1ccccc1,95.8947983
S(=O)(=O)(NC(=O)Nc1nc(nc(OC)n1)C)c1ccccc1CCC(F)(F)F,99.5000000
Clc1ccc(cc1)C(O)(C(C)C1CC1)Cn1ncnc1,89.1444016
Clc1cc(C)c(OCC(O)=O)cc1,98.2029037
Clc1cc(Cl)ccc1OCC(O)=O,95.5899963
Clc1cc(Cl)ccc1OCCCC(O)=O,99.3376694
S1C(=O)N(N=C1OC)CSP(=S)(OC)OC,73.1516037
O(c1ccc(OCC(Oc2ncccc2)C)cc1)c1ccccc1,99.5000000
S=P(Oc1cnc(nc1)C(C)(C)C)(OC(C)C)OCC,99.5000000
P(Oc1nc(nc(c1)C)C(C)C)(OCC)(OCC)=O,68.9400024
ClC=1C(=O)N(N=CC=1SCc1ccc(cc1)C(C)(C)C)C(C)(C)C,99.5000000
S(=O)(=O)(NC(=O)Nc1nc(nc(OCC)n1)NC)c1ccccc1C(OC)=O,98.4337997
S(C(=O)c1c(CC(C)C)c(C(SC)=O)c(nc1C(F)(F)F)C(F)F)C,99.5000000
S1CCN(P(SC(CC)C)(OCC)=O)C1=O,54.0096016
S(=O)(=O)(Nc1c(F)cccc1F)c1nc2n(n1)C=CC(=N2)C,98.2733002
Clc1cc([N+](=O)[O-])cc(Cl)c1N,99.5000000