Canonical SMILES,Class
[Zn+2],0
CC(C=CC1=C(C)CCCC1(C)C)=CC=CC(C)=CC(=O)O,0
Oc1c(Cl)cc(Cl)c(Cl)c1Cc1c(O)c(Cl)cc(Cl)c1Cl,0
Oc1cc(Cl)ccc1Oc1ccc(Cl)cc1Cl,0
OCCOc1ccccc1,0
NC(=NCCCCCCN=C(N)N=C(N)Nc1ccc(Cl)cc1)N=C(N)Nc1ccc(Cl)cc1,0
CN(C)CCCN1c2ccccc2Sc2ccc(Cl)cc21,0
Cl/C=C\C[N+]12CN3CN(CN(C3)C1)C2,0
CCCCOc1c(OCCCC)c(=O)c1=O,0
Oc1ccccc1,0
CC(=O)CC(=O)c1ccccc1,0
CCCCCCCCCCCCCCCC[N+](C)(C)C,0
OCC1OC(O)C(O)C(O)C1O,0
Cc1ccccc1C,0
O=C1OC(=O)C2CCCCC12,1
CCOc1c(OCC)c(=O)c1=O,1
CN(C)c1ccc(N=O)cc1,1
O=[N+]([O-])c1ccc(S(=O)(=O)[O-])c([N+](=O)[O-])c1,1
CN(C)C=O,0
CCCCCCCCC(=O)O,1
Cc1cc(C(C)(C)C)c(O)c(C(C)(C)C)c1,0
OCCCCCCCCCCCCBr,0
OCCOCCO,0
OCCCC1CCCC1,0
OCCCCCCCl,0
S=c1[nH]c2ccccc2s1,1
OCCc1ccc(Cl)cc1,0
O=C(Nc1ccccc1)c1cc(Cl)ccc1O,0
O=C(CS)OCC(O)CO,0
C=CC(=O)OCCO,1
O=C(OCc1ccccc1)c1ccccc1O,0
Oc1cccc(O)c1O,0
OCCc1ccccc1,0
OCC(O)CS,0
OCC(O)CO,1
O=C(O)c1ccccc1,1
Oc1cccc(O)c1,1
C=C(C)C1CC=C(C)C(=O)C1,0
Oc1ccc(O)cc1,1
O=C(O)CCCCCCCCCCCBr,0
O=CC(=O)O,0
O=C(O)CCCCC(=O)O,0
O=C(O)CCC(=O)O,0
O=C(O)COc1cc(Cl)c(Cl)cc1Cl,0
O=C(O)C(=O)O,1
O=C(O)c1nc(Cl)ccc1Cl,0
O=C(O)C=CC(=O)O,0
O=C1CCc2ccccc2O1,1
O=C(O)c1ccc([N+](=O)[O-])c(O)c1,0
O=C1NS(=O)(=O)c2ccccc21,1
O=CC=C(c1ccccc1)c1ccccc1,0
O=c1ccc2ccccc2o1,1
O=c1[nH]c(=S)[nH]c2c1CCC2,0
O=C1C=CC(=O)C=C1,1
NCCNCCN,0
O=CCCCC=O,1
Cc1cc(F)ccc1C1CC(=O)C=CN1C(=O)OCc1ccccc1,0
CS(=O)(=O)CCN,0
O=CC=Cc1ccccc1,1
O=C(OOC(=O)c1ccccc1)c1ccccc1,1
O=C(Oc1ccccc1)c1ccccc1,0
Nc1ccc(NCCO)c([N+](=O)[O-])c1,0
CC(C)N(C(=O)CNc1ccccc1Nc1ccccc1)c1ccccc1,0
Nc1ccccc1Nc1ccccc1,0
O=C(C(=O)c1ccco1)c1ccco1,0
CCCCCCCCC=CCCCCCCCC(=O)OCCOCC(OCCO)C1OCC(OCCO)C1OCCO,0
[Mn+2],0
Nc1cccc(O)c1,1
O=C1CCO1,1
NCc1cccc(CN)c1,0
Nc1ccccc1O,1
Fc1ccc(Oc2ccnc3cc(Cl)cc(Cl)c23)cc1,0
Nc1ccc(N(CCO)CCO)cc1[N+](=O)[O-],0
C=CC(=O)OCC(CO)(COC(=O)C=C)COC(=O)C=C,0
NC1=CC(=Nc2ccc(N)cc2)C(N)=CC1=Nc1ccc(N)cc1,1
Nc1ccc(N)cc1,1
Nc1ccc(N)c([N+](=O)[O-])c1,1
Nc1ccc(S(N)(=O)=O)cc1,1
Nc1ccc(Cl)c(Cl)c1,0
C=CCc1ccc(OC)cc1,1
NCC1OC(OC2C(N)CC(N)C(OC3OC(CO)C(O)C(N)C3O)C2O)C(O)C(O)C1O,0
O=Cc1ccc(-c2ccc(C(F)(F)F)cc2)cc1,0
N#CCCOc1ccccc1,1
Nc1ccc(C(=O)O)cc1,0
Nc1ccc(S(=O)(=O)O)cc1,1
Nc1cc(Cl)nc(C(=O)O)c1Cl,0
O=C1C=CC(=O)O1,1
O=Cc1ccccc1,1
Nc1nc(=S)[nH][nH]1,0
COc1ccc(CO)cc1,0
COc1ccc2cc(C=O)ccc2c1,0
COc1ccc(C(C)=O)cc1,1
COc1ccc(C=O)cc1O,0
COc1ccc(C)cc1[N+](=O)[O-],0
COc1ccc(C=O)cc1Cl,1
COc1cc(C)c2c(Oc3cccc(C(F)(F)F)c3)c(OC)cc(NC(C)CCCN3C(=O)c4ccccc4C3=O)c2n1,0
COc1ccc(NC(=O)CC(C)=O)cc1,0
CCCCCCCCCCCCCCCc1cccc(O)c1O,0
COc1ccc(C2(C#N)CCC(C(=O)O)CC2)cc1OC1CCCC1,0
COc1cc2c(cc1C(F)(F)F)NCC2,0
Cc1ccc(-n2[nH]c(C)c(NN=C3C=CC=C(c4cccc(C(=O)O)c4)C3=O)c2=O)cc1C,0
CC(C)C1=CC2=CCC3C(C)(C(=O)O)CCCC3(C)C2CC1,1
CC(=O)C(C)C(=O)c1ccccc1,0
CN(N=O)C(N)=N[N+](=O)[O-],0
O=CC(O)C(O)C(O)C(O)COC1OC(COC2OC(CO)C(O)C(O)C2O)C(O)C(O)C1O,0
C=C1CC(C)(C)OC1=O,0
CCCCNC(=O)OC#CCI,0
Nc1ccc([N+](=O)[O-])cc1N,0
CC12CCC(C(=O)C1=O)C2(C)C,0
Cc1cc(O)ccc1N,1
CCC=CCC=CCC=CCCCCCCCC(=O)O,0
O=CNc1cc(C(O)CBr)ccc1OCc1ccccc1,0
CC(O)CCO,0
C=CCc1cc(C)c(O)c(OC)c1,0
C=C(C)C(=O)OCC(C)O,1
CN(C)C(=S)SSC(=S)N(C)C,1
CC=Cc1ccc(O)c(OC)c1C,0
CCCCBr,0
CC(C=O)Cc1ccc2c(c1)OCO2,0
CCC=CCCCCC=O,1
CC1CC2C3CCC4=CC(=O)C=CC4(C)C3=CCC2(C)C1(O)C(=O)CO,0
CCNc1nc(Cl)nc(NC(C)C)n1,0
O=c1[nH]sc2ccccc12,1
Cc1ccc(Nc2nccc(N(C)c3ccc4c(C)n(C)nc4c3)n2)cc1S(N)(=O)=O,0
CC(O)CO,1
ClCc1ccc2ccc3cccc4ccc1c2c34,0
CC(O)(CC(=O)O)C(=O)O,0
CC(CC=O)CCCC(C)(C)O,1
CC(C)N(C(=O)Cn1c(=O)c(=NOCc2ccccc2)c(=O)n(-c2ccccc2)c2ccccc21)c1ccccc1,0
CCCCCn1c(=O)[nH]c(=O)c2[nH]c(Cl)nc21,0
Cc1nc(COc2ccc(CC(NC(=O)OC3COC4OCCC34)C(O)CN(CC(C)C)S(=O)(=O)c3ccc4c(c3)OCO4)cc2)cs1,0
CCOC(=O)c1ncn[nH]1,0
CC(CC(=O)Cl)CC(C)(C)C,0
CC(=O)C(=O)CC(C)C,1
O=[N+]([O-])c1ncccc1O,0
Cc1ncccc1Oc1ccc(N)cn1,0
CC(O)C(=O)O,1
Cc1cccc(O)c1O,1
O=S(=O)([O-])OOS(=O)(=O)[O-],0
CC(C=O)Cc1ccc(C(C)C)cc1,1
O=C(NCNC(=O)NC1C(=O)NC(=O)N1CO)NC1C(=O)NC(=O)N1CO,1
CC(C)N(C(=O)CN1C(=O)C(NC(=O)Nc2cccc(C(=O)OC(C)(C)C)c2)C(=O)N(c2ccccc2)c2ccccc21)c1ccccc1,0
CC(C)N(C#N)C#N,0
O=S(=O)([O-])[O-],0
CC(C)CCCCCC(=O)Cl,0
CC(C)(C)N(Cc1ccccc1)CC(O)c1ccc(O)c(CO)c1,0
CC(C=O)=Cc1ccccc1,1
CC=CC=CC=O,0
CCOC=C1N=C(c2ccccc2)OC1=O,1
C=C1C=CC(C(C)C)CC1,0
CC(=O)OCCCc1ccccc1,0
CC1=NN(c2ccc(C)c(C)c2)C(=O)C1,0
CC(=O)c1ccc(Cc2ccc(F)cc2)o1,0
CC(=O)Oc1ccc(C(=O)O)cc1,1
CCCCCCCCC=CCCCCCCCCOS(C)(=O)=O,0
O=C(C=Cc1ccc(O)cc1)c1ccccc1O,0
Nc1ccnc(=O)[nH]1,0
CC1=CC=C(C(C)C)CC1,0
CCC(C)(C)C1CCC(CC=O)CC1,0
NCCCNCCCN,0
CC(C)(C)CC(C)(C)c1ccc(OCCO)cc1,0
O=C(O)C(=NOCc1ccccc1)C(=O)O,0
CCc1cccc(CC)c1N(COC)C(=O)CCl,0
CC(C)(C)C(=O)CC(=O)C(C)(C)C,1
O=S(=O)([O-])[O-],0
CC1=CCC(C(C)C)C=C1,0
CCCCCCCCCCCCCCCCCCBr,0
O=C(O)c1ccccc1O,1
CC=Cc1cc(C)c(O)c(OC)c1,0
CCCCCCCCCCCCCCCCCBr,0
CCCCCCCCCCCC(=O)OC(C)C(=O)OC(C)C(=O)[O-],0
Oc1ccc(C2COc3cc(O)ccc3C2)cc1,0
C=C(C)C1CC=C(C)C(=O)C1,0
O=C1C=CC2(O)C3Cc4ccc(O)c5c4C2(CCN3)C1O5,0
COc1ccc2[nH]c(=O)cc(C)c2c1,0
c1ccncc1,0
CC(=O)OC(C)(C)C1CC=C(C)C(=O)C1,0
OCc1ccccc1,0
COc1cc(C)c2c(Oc3cccc(C(F)(F)F)c3)c(OC)cc([N+](=O)[O-])c2n1,0
O=[N+]([O-])c1cc(O)ccc1NCCO,0
CC(=O)C(C)=O,1
O=C(C=Cc1ccccc1)c1ccc(O)c(O)c1O,0
CC=Cc1ccc(O)c(OC)c1,1
CC(=O)C(C)=CC1C(C)=CCCC1(C)C,0
CC(=O)N1CCN(C2CCN(C(=O)N(C)C(C)c3cc(C(F)(F)F)cc(C(F)(F)F)c3)C(c3ccc(F)cc3C)C2)CC1,0
c1ccc2c(c1)cc1ccc3cccc4ccc2c1c34,0
O=c1[nH]c2ccccc2s1,0
O=C(OCc1ccccc1)c1ccccc1,1
CCCOC(=O)c1ccc(O)cc1,1
CCCCCCI,0
[S-]c1nc2ccccc2s1,0
Nc1ccccc1C(=O)O,0
CC1(C)SC2C(NC(=O)Cc3ccccc3)C(=O)N2C1C(=O)O,1
NCC1OC(OC2C(N)CC(N)C(OC3OC(CO)C(O)C(N)C3O)C2O)C(O)C(O)C1O,0
Oc1c(Cl)c(Cl)c(Cl)c(Cl)c1Cl,1
CCCc1ccc(O)c(OC)c1,1
c1ccccc1,0
O=C(C=Cc1ccccc1)OCc1ccccc1,0
CCNCC,0
CC=Cc1ccc(OC)cc1,0
Cc1nc2ccccc2c(=O)o1,0
NCCN,1
NC1CCCCC1N,0
O=[N+]([O-])c1ccc(F)c([N+](=O)[O-])c1,0
CC(C)(C)N(CC(=O)c1ccc(O)c(CO)c1)Cc1ccccc1,0
Nc1cc([N+](=O)[O-])ccc1F,0
CC(CC(=O)Oc1ccc(S(=O)(=O)[O-])cc1)CC(C)(C)C,0
C=CC(C)(O)CCC=C(C)C,1
CCCCCCCC#N,1
CC(C)(c1ccc(OCC2CO2)cc1)c1ccc(OCC2CO2)cc1,1
O=[N+]([O-])c1ccc(Cl)c([N+](=O)[O-])c1,1
O=[N+]([O-])c1ccc(S(=O)(=O)O)c([N+](=O)[O-])c1,0
CC(C)=CCCC(C)CCO,0
CC(C)(O)CCCC1=CCC(C=O)CC1,1
C=C(C)C1CC=C(C)CC1,0
BrCCc1ccccc1,0
COc1ccc2nc(Cl)cc(C)c2c1,0
CN(C)CCCN,1
C=C(C)C1CC=C(C=O)CC1,1
Clc1ccnc(Cl)n1,0
O=CC=O,1
C=CC(=O)OCC,1
CC(C)=CCCC(C)=CC#N,0
CC(C)CC=C(C=O)c1ccccc1,0
O=C(O)C(O)C(O)C(=O)O,1
CCCCCCCCCCCCCCCBr,0
CC(C)(C)OC(=O)c1cccc(N)c1,0
Nc1cc([N+](=O)[O-])cc(Cl)c1O,0
CC(Br)CCCN1C(=O)c2ccccc2C1=O,0
[NH4+],0
O=C1OC(=O)c2ccccc21,1
CN(C)CCOC(C)(c1ccccc1)c1ccc(Br)cc1,0
CC=C(C)C(=O)OCC=C(C)CCC=C(C)C,0
ClCCCI,0
N#CC1CC(F)CN1C(=O)C(N)C(c1ccc(F)cc1)c1ccc(F)cc1,0
NS(=O)(=O)c1cccc(CCCCOCCCCCCBr)c1,0
CC1=C(C=O)C(C)(C)CC=C1,0
O=S(=O)([O-])[O-],0
COc1cc(C)c2c(Cl)c(OC)cc([N+](=O)[O-])c2n1,0
CCCSc1ccc(N)c([N+](=O)[O-])c1,0
Nc1ccccc1,1
O=[N+]([O-])c1ccc(CBr)cc1,1
CC(C)Nc1ccc(Nc2ccccc2)cc1,0
OCCN(CCO)CCO,0
COC(=O)CCBr,1
O=c1nc[nH]c2ccc(I)cc12,0
C=CCc1ccc(O)c(OC)c1,1
NC(=O)C1CC(F)CN1,0
Clc1ccccc1,1
O=c1cccccc1O,0
O=Cc1cc(O)ccc1C=C(CC(=O)O)C(=O)O,0
C=O,1
CC(C)=CCCC(C)CC=O,0
Cn1sccc1=O,1
CC(C)=CCCC(C)=CCCC(C)=CCO,0
O=C1C=CC=CC1=NNc1ccccc1O,0
CCCCNC(=O)OCC#CI,1
O=C(NC(=O)c1c(F)cccc1F)Nc1cc(Cl)c(OC(F)(F)C(F)F)c(Cl)c1,0
CC(C)(C)c1ccc(OCC2CO2)cc1,0
CC(C)N=C(N)N=C(N)Nc1ccc(Cl)c(Cl)c1,0
C=CCc1ccc(O)c(OC)c1C,0
CC(C)O,1
CC(C=O)Cc1ccc(C(C)(C)C)cc1,1
CCCCCCCCCCCCOS(C)(=O)=O,0
CCOc1ccc(C(=O)Cc2ccc(S(C)(=O)=O)cc2)cc1,0
COC1C(=O)CCC(C)(O)C1(O)C1(C)OC1CC=C(C)C,0
OCC(O)C(O)C(O)C(O)CO,0
CC(=O)C1=C(C)C2CC3(C1)C(C)CCC3C2(C)C,0
O=C(O)C=CC(=O)O,0
C#CC(O)CCCCC,0
CCC=CC=CC=O,1
CC1=CC(C)C(CO)C(C)C1,0
CCCCCCCCCCCCCCCCCl,0
N#CSc1ccc(N)c([N+](=O)[O-])c1,0
CC(=O)C(=O)c1ccccc1,1
CC(C)=CCCC(C)=CCO,1
O=C1OC2(c3ccc(O)cc3Oc3cc(O)ccc32)c2ccc(N=C=S)cc21,1
CC=CC=CC(=O)O,0
O=S(=O)([O-])OOS(=O)(=O)[O-],0
O=Cc1cc(O)ccc1Br,0
N#Cc1c(Cl)c(Cl)c(Cl)c(C#N)c1Cl,1
Cn1sc(Cl)cc1=O,1
CC(C)CC(=O)OCCc1ccccc1,0
CC(=O)C1CCCCC1=O,1
CCCCCCCCCBr,0
COc1nc(OC)c(N)cc1N,0
CC1C(c2ccccc2)NC(=O)N1C,0
CCCN(CCC)c1c([N+](=O)[O-])cc(C(F)(F)F)cc1[N+](=O)[O-],0
O=C(O)c1c(O)c(-c2ccccc2)nc2ccccc12,0
CC(C)(C)OC(=O)N1CC(F)CC1C(N)=O,0
C=CCCCCCCCCC=O,0
CCCCCCCCCCCCCCCCCCCCBr,0
CCOc1cc(C=O)ccc1O,1
COc1cc([N+](=O)[O-])c2[nH]c(=O)cc(C)c2c1Cl,0
CC(C)=CCCC(C)=CCCC(C)=CC=O,1
O=C(O)c1cccc(-c2cc(Cl)cc([N+](=O)[O-])c2O)c1,0
N#CCCC(Br)(C#N)CBr,1
C=CCc1ccc(OC(C)C)c(OC)c1,0
C=C(C)C(=O)OCC(O)COc1ccc(C(C)(C)c2ccc(OCC(O)COC(=O)C(=C)C)cc2)cc1,0
CC=C(C)C=O,0
CCC1OC(=O)C(C)C(OC2CC(C)(OC)C(O)C(C)O2)C(C)C(OC2OC(C)CC(N(C)C)C2O)C(C)(O)CC(C)CN(C)C(C)C(O)C1(C)O,0
CC(C)=CCCC(C)=CC=O,1
Nc1cc(F)cc(-c2cccnc2)c1,0
C=C(C)C(=O)OCCOC(=O)C(=C)C,1
C=CS(=O)(=O)CCOCCNc1nc(F)nc(Nc2ccc(N=Nc3cc4c(S(=O)(=O)[O-])cc(S(=O)(=O)[O-])cc4cc3S(=O)(=O)[O-])c(NC(N)=O)c2)n1,0
OC1COC2OCCC12,0
O=C(O)c1ccc2c(c1)C(=O)OC2=O,1
CN1C2CCC1CC(OS(C)(=O)=O)C2,0
CCC(=O)Nc1ccc(Cl)c(Cl)c1,0
O=S(=O)([O-])OOS(=O)(=O)[O-],0
CC12CCC(=O)C=C1CCC1C2C(O)CC2(C)C1CCC2(O)C(=O)CO,0
C(CCCOCC1CO1)CCOCC1CO1,0
CC(=O)C=Cc1ccccc1,1
O=[N+]([O-])c1cc([N+](=O)[O-])c(Cl)c([N+](=O)[O-])c1,0
CC(=O)OCC(=O)C1(O)C(C)CC2C3CCC4=CC(=O)C=CC4(C)C3=CCC21C,0
COC(=O)OC,0
Nc1ccc(Cl)cc1,0
CC(I)CCCN1C(=O)c2ccccc2C1=O,0
CCCCCC=CCC=CCCCCCCCC(=O)O,0
Cc1c2ccc(N)cc2nn1C,0
OC1CCCCCCC1,0
O=[N+]([O-])c1ccc(OCc2cccc(F)c2)c(Cl)c1,0
O=C=Nc1ccccc1,0
C=Cc1ccccn1,1
COc1ncc(F)c2nc(S(=O)(=O)Nc3c(F)cccc3F)nn12,0
CCC(C=O)CC,1
Cc1c(C)c2c(c(C)c1O)CCC(C)(CCCC(C)CCCC(C)CCCC(C)C)O2,0
C=C(C)C(=O)OC,0
BrCc1ccccc1,1
Cc1ccc(S(=O)(=O)[N-]Cl)cc1,1
CCOC(=O)c1ccc(I)cc1,0
CCCCCCCCCCCCOS(=O)(=O)[O-],1
CC(=O)[O-],0
O=C(Cl)c1ccc(F)c(Cl)c1,0
CCCCOCCOC(C)=O,1
CSC(=O)c1c(C(F)F)nc(C(F)(F)F)c(C(=O)SC)c1CC(C)C,0
C[S+](C)[O-],0
COS(=O)(=O)OC,0
O=c1c(-c2ccccc2)c1-c1ccccc1,1
O=C(C=Cc1ccccc1)c1ccc(O)cc1,0
CCOP(=S)(OCC)Oc1nc(Cl)c(Cl)cc1Cl,0
CCCCCCCCCCCCC,0
CCCCCCCCCC(C)C=O,1
O=CCc1ccccc1,1
COc1ccc(Nc2ccc(CCNCC(O)c3ccc(O)c4[nH]c(=O)ccc34)cc2)cc1-c1ccccc1,0
Nc1ccc(OCCO)c(N)c1,0
O=C1C([P+](c2ccccc2)(c2ccccc2)c2ccccc2)CCN1c1ccccc1,0
OC(COC1CC2C=CC1C2)(C(F)(F)F)C(F)(F)F,0
CCCCCCCC(Br)CCCCCC,0
CC1=NN(c2ccccc2)C(=O)C1,0
CCN(CC)C(=S)[S-],0
CCCCOCC1CO1,1
O=S(=O)(Cl)c1ccc2c(c1)OCO2,0
COc1ccc(C2(C#N)CCC(=O)CC2)cc1OC1CCCC1,0
Nc1ccc(OCCCOc2ccc(N)cc2N)c(N)c1,0
O=[N+]([O-])c1ccc(O)cc1[N+](=O)[O-],0
Clc1ncnc2ccc(I)cc12,0
O=C(C(=O)c1ccc(Br)cc1)c1ccc(Br)cc1,0
Cc1cc(O)c(C=O)c(O)c1Cl,0
CCC=C1OC(=O)c2ccccc21,1
C=CCc1cc(OC)c(O)cc1C,0
CS(C)(=O)=O,0
COc1cc(C)c2c(Cl)c(OC)ccc2n1,0
Cc1cc2c(cc1C(F)(F)F)NCC2,0
CCC(=O)C=Cc1ccc(OC)cc1,1
Cc1ccc(N=C=O)cc1N=C=O,0
COc1cc(N)c2nccc(C)c2c1,0
Cc1cc(N)ccc1N,1
Cc1ccc(N)cc1S(N)(=O)=O,0
CCCCCCCCCCCCOC(=O)c1cc(O)c(O)c(O)c1,1
Cc1ccc(N)cc1O,1
Oc1cccc2ccccc12,0
Cc1ccc(NCCO)cc1O,0
Cc1c2ccc(N(C)c3ccnc(Cl)n3)cc2nn1C,0
Cc1c2ccc(Nc3ccnc(Cl)n3)cc2nn1C,0
Cc1cc(O)c(C=O)c(O)c1,0
CCC(C)C1C(=O)NC(C2Cc3ccccc3C2)C(=O)N1C(C(=O)N1CCOCC1)c1coc(C)n1,0
CC(C=O)c1ccccc1,1
C=CC1(C)CC(OC(=O)CSC2CC3CCC(C2)N3C)C2(C)C(C)CCC3(CCC(=O)C32)C(C)C1O,0
O=[N+]([O-])C(Br)(CO)CO,0
CCC(=O)OC1(C(=O)CO)C(C)CC2C3CCC4=CC(=O)C=CC4(C)C3(Cl)C(O)CC21C,0
CCCCCCBr,0
COC(=O)C=CC(=O)OC,0
CCCCC(C#N)(Cn1cncn1)c1ccc(Cl)cc1,0
CCC(C)C(N)C1=NC(C(=O)NC(CC(C)C)C(=O)NC(CCC(=O)O)C(=O)NC(C(=O)NC2CCCCNC(=O)C(CC(N)=O)NC(=O)C(CC(=O)O)NC(=O)C(Cc3cnc[nH]3)NC(=O)C(Cc3ccccc3)NC(=O)C(C(C)CC)NC(=O)C(CCCN)NC2=O)C(C)CC)CS1,0
Cc1ccc(CCC=O)cc1,0
CCC(O)COc1ccc(N=Nc2ccc(N=Nc3cccc(S(=O)(=O)[O-])c3)c(NC(C)=O)c2)cc1,0
CCCCCC(=Cc1ccccc1)CO,0
CCCCCC,1
Cc1cc(N)ccc1N,0
CCCCCC#CC(=O)OC,0
C=Cc1ccncc1,1
O=S(=O)([O-])[O-],0
CC1(C)CC(N)CC(C)(CN)C1,0
CCCCCCC(C=O)=Cc1ccccc1,1
Cc1c2ccccc2c(C)c2c1ccc1ccccc12,1
CCCCC(CC)COC(=O)COc1ccc(Cl)cc1Cl,0
C=CC(=O)OCC(CC)(COC(=O)C=C)COC(=O)C=C,0
COC1=CC=C2C3Cc4ccc(O)c5c4C2(CCN3C)C1O5,0
CCCC=CC=O,1
CCCCC(C=O)=Cc1ccccc1,0
Cc1ccc(N2C(=O)C=CC2=O)cc1N1C(=O)C=CC1=O,0
CCCCCC(C)OC(=O)COc1ccc(Cl)c2cccnc12,0
O=C(C=Cc1ccccc1)c1ccc(O)cc1O,0
Cc1cccc(C)c1C(=O)O,0
C=CCCCCCCCCC(=O)O,0
C(=NC1CCCCC1)=NC1CCCCC1,0
CCCCCCC#CC(=O)OC,1
Nc1ccc(O)cc1[N+](=O)[O-],0
CC=CC(=O)Oc1c(C(C)CCCCCC)cc([N+](=O)[O-])cc1[N+](=O)[O-],0
CCC(=O)c1cccc(Cl)c1,0
COc1cc(C)ccc1O,1
CCC(COCC1CO1)(COCC1CO1)COCC1CO1,0
COC(=O)CCC(C#N)(CCC(=O)OC)c1ccc(OC)c(OC2CCCC2)c1,0
C=CCOC(C)=O,0
CCCCCCCCCCCBr,0
CCCCCCCCCCCCCCCCCCCl,0
COc1ccc(C=O)cc1OC,0
CCCCO,0
CCCCOC(=O)c1ccccc1C(=O)OCCCC,0
CCOS(=O)(=O)OCC,0
CCCCCCCCCCCCBr,0
CCCCCCC(C)OC(=O)COc1nc(F)c(Cl)c(N)c1Cl,0
CCCCCCCCCCCCC[N+](C)(C)Cc1ccccc1,1
CCCCCCCCCCCCCC(=O)OC(C)C,1
CC(C)(C)OC(=O)N1CC(F)CC1C(=O)O,0
CCCCCCCCC=CCCCCCCCC(=O)O,0
CC(C)CCO,0
CCCCCCCCCCCCCCC=CS(=O)(=O)OC,0
CCCCCCCCCCCCCCCl,0
O=c1c(O)c(O)c1=O,1
Nc1cccc(N)c1,0
Cc1ccn2nc(S(=O)(=O)Nc3c(F)cccc3F)nc2n1,0
CN(N=O)C(N)=O,0
O=C(O)c1ccc(O)cc1,1
CNC(C)c1cc(C(F)(F)F)cc(C(F)(F)F)c1,0
CCCCCCCCCCCCCCCC(=O)Cl,0
CCN(N=O)C(N)=O,0
CC1(C)C(C=C(Cl)C(F)(F)F)C1C(=O)OC(C#N)c1cccc(Oc2ccccc2)c1,0
CCOC(=S)[S-],0
CCCCCCCCCCCCCCCC1=NC(C)(C)C(=O)O1,0
COc1cc(CC#N)c([N+](=O)[O-])cc1C(F)(F)F,0
CCCCCCCCCCCCCCBr,0
CCCCCCCCCCCCCCCCBr,0
CCCCCCOC(=O)c1ccccc1O,0
CCCCCCCCCCCCCCCCCCCCCCBr,0
CCCCCCCCCCCCCCCC[n+]1ccccc1,0
CCCCCCCCCCCCCCCCI,0
Clc1nc(Cl)nc(Cl)n1,1
Cc1ccc2oc(=O)ccc2c1,1
CCCCCCCCCCCCS(=O)(=O)OC,0
CCCCCCCCCCl,0
C=C(C)C1CC=C(C)C(=NO)C1,0
CCCCCCCCCCCCCBr,0
O=C(Nc1ccc(Cl)c(Cl)c1)c1cc(Cl)cc(Cl)c1O,1
C=CC(=O)OCCCC,1
CCCCCCCC(=O)O,1
Cc1ccc(S(=O)(=O)[N-]Cl)cc1,1
CCCCN(CCCC)c1ccccc1,0
CCCCN1CCC(CNC(=O)c2c3n(c4ccccc24)CCCO3)CC1,0
CCCCCCCCCI,0
CCCCCCCCCCCCCCCCOCCO,0
CCOC(=O)c1ccc(CBr)cc1,0
CCCCCCCCCCCCCCOCC1CO1,0
CCCCOC(=O)c1ccccc1C(=O)OCc1ccccc1,0
CCCOc1cccc(C(=O)O)c1,0
COc1cc(C)c2c(Oc3cccc(C(F)(F)F)c3)c(OC)cc(N)c2n1,0
CCCCCCCCCCCCCCI,0
NCC1OC(OC2C(CO)OC(OC3C(O)C(N)CC(N)C3OC3OC(CN)C(O)C(O)C3N)C2O)C(N)C(O)C1O,0
CCCOC(=O)c1cc(O)c(O)c(O)c1,1
CCCCCCCCCCCCC(Br)C(=O)O,0
CCCCCCCCCCCCI,0
OCCc1ccc(O)c(O)c1,0
CN(C)C(=S)[S-],0
O=C(Oc1ccc([N+](=O)[O-])cc1)OC1COC2OCCC12,0
CCCOc1ccc(Br)c(C(=O)O)c1,0
CCCOc1ccc(Br)c(C(=O)c2ccc(OC)cc2O)c1,0
CNC1C(OC2C(OC3C(O)C(O)C(N=C(N)N)C(O)C3N=C(N)N)OC(C)C2(O)C=O)OC(CO)C(O)C1O,1
OCC=Cc1ccccc1,1
C=CC(=O)OCC(CC)CCCC,1
CCOC(=O)C(C)(C)Oc1ccc(Cl)cc1,1
S=c1[nH]c2ccccc2o1,0
[C-]#[N+]C(c1ccc(F)cc1)S(=O)(=O)c1ccc(C)cc1,0
CCCCCCCCCCCCCCCCCCI,0
CNc1ccc(O)cc1,1
CCCCN1C(=O)C(C(O)C2CCCCC2)NC(=O)C12CCN(Cc1ccc(Oc3ccc(C(=O)O)cc3)cc1)CC2,0
CCN(CCNS(C)(=O)=O)c1ccc(N)c(C)c1,0
CCN(CCNS(C)(=O)=O)c1ccc(N)c(C)c1,1
CCCOc1ccc2c(c1)C(O)(c1ccc(OC)cc1OCc1ccccc1)C(C(=O)N1C(=O)N(C)C(C)C1c1ccccc1)C2c1ccc2c(c1)OCO2,0
COc1cc(C=O)ccc1O,1
O=c1ccc2cc(Cl)ccc2o1,0
CCCCCC(C=O)=Cc1ccccc1,1
CCN(CC)CCN(Cc1ccc(-c2ccc(C(F)(F)F)cc2)cc1)C(=O)Cn1c(SCc2ccc(F)cc2)nc(=O)c2c1CCC2,0
CCN(CCO)c1ccc(N=Nc2ncc([N+](=O)[O-])s2)c(C)c1,0
Clc1ccccc1C(c1ccccc1)(c1ccccc1)n1ccnc1,0
CCOC(=O)C=CC(=O)OCC,1
CCN(CC)C(=O)c1cccc(C)c1,0
CCOc1cc(Oc2ccc(C(F)(F)F)cc2Cl)ccc1[N+](=O)[O-],0
CCN(CC)CCCCCCBr,0
CCOC(=O)c1ccc(N)cc1,1
CCC(N)c1ccccc1,0
OCCNCCO,0
O=C(O)C1CC=CCC1,0
NCCNCCO,0
Cc1c(Cl)cccc1[N+](=O)[O-],0
CCOC(=O)C(=NOC(C)(C)C(=O)OC(C)(C)C)c1csc(NC(c2ccccc2)(c2ccccc2)c2ccccc2)n1,0
CCOC(=O)C(Cc1ccc(O)cc1)NC(=O)OC(C)(C)C,0
CCOC(=O)CC1CC2CCC(C1)N2C,0
CCCCCCCC=CC=O,1
CCCCCCCCC(=O)Cl,0
CCOC(=O)CC(=O)c1ccccc1,1
Cc1nc(COc2ccc(CC(NC(=O)OC(C)(C)C)C3CO3)cc2)cs1,0
CC(=O)CCCN1C(=O)c2ccccc2C1=O,0
CCOc1ccc(-c2nn3ncccc3c2-c2ccc(S(C)(=O)=O)cc2)cc1,0
Clc1cccc(C(Cl)(Cl)Cl)n1,0
CC(C)OCC(O)CO,0
CON=C1CN(c2nc3c(cc2F)c(=O)c(C(=O)O)cn3C2CC2)CC1CN,0
COC(=O)C(N)Cc1cnc[nH]1,0
CN1C2CCC1CC(O)C2,0
Cn1sc2c(c1=O)CCC2,0
C=CC(=O)OC,1
COC(=O)c1ccccc1O,1
C=C(Cl)Cl,1
COC(=O)c1ccc(CBr)cc1,0
C=C1CC=C(C(C)C)CC1,0
CCOC(=O)c1ccccc1C(=O)OCC,1
COS(C)(=O)=O,1
COC(=O)c1ccc(O)cc1,1
CC1=NS(=O)(=O)N=C1c1ccccc1,0
COC(=O)c1cccc(C(=O)OC)c1,0
COC(=O)C(C)=O,0
NC(=NCCCCCCN=C(N)N=C(N)Nc1ccc(Cl)cc1)N=C(N)Nc1ccc(Cl)cc1,0
Cc1ccc(S[S+](C)c2ccc(C)cc2)cc1,1
C[N+](C)(C)c1cccc(NC2=CC(N)=C3C(=O)C(Br)=CC(N)=C3C2=O)c1,0
CCCCCC(C)C#CC(=O)O,1
Cc1c(N=C=O)cccc1N=C=O,1
CCCCCCC(C=O)=Cc1ccccc1,0
CC(CC#N)C(Br)(Br)C#N,1
O=C=Nc1ccc(Cc2ccc(N=C=O)cc2)cc1,1
O=C(Nc1ccccc1)c1c(O)c(Cl)c(Cl)c(Cl)c1Cl,1
CCC=CC=CC=O,1
O=C=NCCCCCCN=C=O,1
Cn1sc(Cl)cc1=O,1
O=C(O)C(O)C(O)C(=O)O,0
CCOC=C1N=C(c2ccccc2)OC1=O,1
C1CNCCN1,0
Nc1c(N=Nc2ccc(S(=O)(=O)CCOS(=O)(=O)[O-])cc2)c(S(=O)(=O)[O-])cc2c1C(=O)C(=NNc1ccc(S(=O)(=O)CCOS(=O)(=O)[O-])cc1)C(S(=O)(=O)[O-])=C2,1
O=C1OC(=O)c2c(Cl)c(Cl)c(Cl)c(Cl)c21,1
CC(=O)Nc1ccc2c(c1)C(=O)C(=NNc1ccc(S(=O)(=O)CCOS(=O)(=O)[O-])cc1)C(S(=O)(=O)[O-])=C2,1
