smiles,Activity
CC1=C(/C=C/C(C)=C/C=C/C(C)=C\C(=O)O)C(C)(C)CCC1,1
Clc1ccc(Cl)c(Cl)c1,1
O=[N+]([O-])c1ccc2ccc3cccc4ccc1c2c34,1
CC(=O)Nc1ccc2c(c1)Cc1ccccc1-2,1
CC(=O)c1cc2ccccc2s1,1
Nc1ccc2ccccc2c1,1
O=[N+]([O-])c1cc2ccc3cccc4ccc(c1)c2c34,1
COc1ccc2c(c1)Oc1cc(O)ccc1[C@@]21OC(=O)c2ccccc21,1
CCOc1ccc2cc(C#N)c(=O)oc2c1,1
COc1ccc2cc(C#N)c(=O)oc2c1,1
CCOc1ccc2c(C(F)(F)F)cc(=O)oc2c1,1
COc1ccc2c(C(F)(F)F)cc(=O)oc2c1,1
COc1ccc2c(c1)CC[C@@H]1[C@@H]2CC[C@@]2(C)[C@H](O)CC[C@@H]12,1
Cc1c[nH]c2ccccc12,1
Nc1ccc(-c2ccccc2)cc1,1
CCOc1ccc2c(CCl)cc(=O)oc2c1,1
COc1ccc([N+](=O)[O-])cc1,1
O=[N+]([O-])c1cc2cccc3ccc4cccc1c4c32,1
Cc1cc2ccccc2c2ccc3ccccc3c12,1
Nc1cc2c3ccccc3ccc2c2ccccc12,1
O=[N+]([O-])c1cc2c3ccccc3ccc2c2ccccc12,1
Cc1cc2c3ccccc3ccc2c2ccccc12,1
CCCCOc1ccc2c(C(F)(F)F)cc(=O)oc2c1,1
c1ccc(COc2ccc3cccnc3c2)cc1,1
O=c1ccc2nc3ccc(OCc4ccccc4)cc3oc-2c1,1
CCOc1ccc2ccc(=O)oc2c1,1
CCOc1ccc2nc3ccc(=O)cc-3oc2c1,1
CCCCCc1cc(O)c2c(c1)OC(C)(C)[C@@H]1[C@@H](O)C=C(C)C[C@@H]21,1
COc1ccc2ccc(=O)oc2c1,1
COc1ccc2nc3ccc(=O)cc-3oc2c1,1
CCCCCOc1ccc2nc3ccc(=O)cc-3oc2c1,1
Cc1c2ccccc2nc2c1ccc1ccccc12,1
CC1=C(/C=C/C(C)=C\C=C\C(C)=C\C=O)C(C)(C)CCC1,1
CC[N+](C)(CC)CCc1c(C)c2ccc(OC)cc2oc1=O,1
O=c1cc(C(F)(F)F)c2ccc(OCc3ccccc3)cc2o1,1
CCCCNCc1cc(=O)oc2cc(OC)ccc12,1
Nc1nc(-c2ccccc2)c(Br)c(=O)[nH]1,1
NC(=O)N1c2ccccc2C=Cc2ccccc21,1
NC(=O)c1c(Cl)c(-c2cccnc2)n2c1CCCC2,1
Oc1ccc(OC(F)(F)F)cc1CN[C@@H]1CCCN[C@H]1c1ccccc1,1
COc1ccc(OC(F)(F)F)cc1CN,1
c1ccc2c(c1)ccc1nc3ccc4ccccc4c3cc12,1
CCN(CC)C(=S)SC,1
Cc1c2ccccc2c(C)c2c1ccc1ccccc12,1
Cc1ccc2c(=O)c3cccc(CC(=O)O)c3oc2c1C,1
CCNCc1cc(=O)oc2cc(OC)ccc12,1
Nc1ccc([N+](=O)[O-])c(C(F)(F)F)c1,1
COc1ccc(/C=C2\CCCN=C2c2cccnc2)c(OC)c1,1
O=c1c(-c2ccc(O)cc2)coc2cc(O)cc(O)c12,1
Cn1c(N)nc2c3cccnc3ccc21,1
COC(OC)[C@@]1(C)Oc2ccc(N)cc2[C@H](N(Cc2nnn(C)n2)c2ccc(Cl)cc2)[C@H]1O,1
COc1ccc2c(CN)cc(=O)oc2c1,1
CC[C@@H](Cc1ccc2c(c1)OCO2)NC,1
CN[C@H](C)Cc1ccc2c(c1)OCO2,1
Cc1cccc(C)c1OC[C@@H](C)N,1
CNCc1cc(=O)oc2cc(OC)ccc12,1
CC[C@@H](C(=O)c1ccc(C)cc1)N1CCCC1,1
Cc1cnc2ccc3c(nc(N)n3C)c2n1,1
Cc1nc2c(c(=O)n(C)c(=O)n2CC2CCCCC2)n1C,1
Cc1nc2c(c(=O)n(C)c(=O)n2Cc2ccco2)n1C,1
CCN(CC)N=O,1
CN(C)N=O,1
CCCCN(C)N=O,1
CN(CCCC(=O)c1cccnc1)N=O,1
CCN(CC)C(=O)c1cccc(C)c1,1
CNc1cccc(-c2ccnc3c(C(=O)c4cccs4)cnn23)c1,1
CCCCCN(CCCCC)N=O,1
Nc1nc(OCc2ccccc2)c2[nH]cnc2n1,1
CCCNCc1cc(=O)oc2cc(OC)ccc12,1
Cn1c(N)nc2ncc(-c3ccccc3)cc21,1
OC(CCC[n+]1ccc(-c2ccc(Cl)cc2)cc1)c1ccc(F)cc1,1
FC(F)(F)c1cccc(N2CCNCC2)c1,1
C[C@H](NC(N)=O)c1cc2ccccc2s1,1
C[C@@H](C#Cc1ccc(Cc2ccccc2)s1)NC(N)=O,1
C[C@@H](C#Cc1ccc(Cc2ccccc2)s1)N(O)C(N)=O,1
CC(=O)C[C@@H](c1ccc([N+](=O)[O-])cc1)c1c(O)c2ccccc2oc1=O,1
CC(=O)Nc1ccc(O)cc1,1
CC(=O)Nc1ccccc1,1
COc1cc2c(c3oc(=O)c4c(c13)CCC4=O)[C@@H]1C=CO[C@@H]1O2,1
CCCSc1ccc2[nH]c(NC(=O)OC)nc2c1,1
CC1=C(/C=C/C(C)=C/C=C/C(C)=C/C=O)C(C)(C)CCC1,1
CC1=C(/C=C/C(C)=C/C=C/C(C)=C/CO)C(C)(C)CCC1,1
CN(C)CCc1c[nH]c2ccc(CS(=O)(=O)N3CCCC3)cc12,1
CCNc1nc(NC(C)C)nc(SC)n1,1
CN(C)c1cn(C)n(-c2ccccc2)c1=O,1
CCCCc1oc2ccccc2c1C(=O)c1cc(I)c(OCCN(CC)CC)c(I)c1,1
CN(C)CCC=C1c2ccccc2CCc2ccccc21,1
Cc1cc(=O)n(-c2ccccc2)n1C,1
C[C@@H](O[C@H]1OCCN(Cc2n[nH]c(=O)[nH]2)[C@H]1c1ccc(F)cc1)c1cc(C(F)(F)F)cc(C(F)(F)F)c1,1
CCCCC/C=C\C/C=C\C/C=C\C/C=C\CCCC(=O)O,1
CNCC[C@H](Oc1ccccc1C)c1ccccc1,1
CCNc1nc(Cl)nc(NC(C)C)n1,1
CN1CCC[C@@H](n2nc(Cc3ccc(Cl)cc3)c3ccccc3c2=O)CC1,1
c1ccc2c(c1)cc1ccc3cccc4ccc2c1c34,1
Oc1ccc2c(cc3ccc4cccc5ccc2c3c45)c1O,1
COc1ccc(-c2coc3cc(O)cc(O)c3c2=O)cc1,1
CC(C)C[C@H](NC(=O)[C@H](Cc1ccccc1)NC(=O)c1cnccn1)B(O)O,1
COc1ccc2c(C(=O)c3cc(OC)c(OC)c(OC)c3)c[nH]c2c1,1
ClC(Cl)Br,1
CCc1cccc2cc([C@H](O)CNC(C)(C)C)oc12,1
Cn1c(=O)c2c(ncn2C)n(C)c1=O,1
COc1cc(CNC(=O)CCCC/C=C/C(C)C)ccc1O,1
CNC(=O)Oc1cccc2ccccc12,1
CNC(=O)Oc1cccc2c1OC(C)(C)C2,1
COc1ccccc1OCCNC[C@H](O)COc1cccc2[nH]c3ccccc3c12,1
Cc1ccc(-c2cc(C(F)(F)F)nn2-c2ccc(S(N)(=O)=O)cc2)cc1,1
CN(C)CCCN1c2ccccc2Sc2ccc(Cl)cc21,1
CCCNC(=O)NS(=O)(=O)c1ccc(Cl)cc1,1
CCOP(=S)(OCC)Oc1nc(Cl)c(Cl)cc1Cl,1
O=c1[nH]c2cc(Cl)ccc2o1,1
O=C1CCc2cc(OCCCCc3nnnn3C3CCCCC3)ccc2N1,1
C(=C/c1ccccc1)\CN1CCN(C(c2ccccc2)c2ccccc2)CC1,1
CN1C(=O)CC(=O)N(c2ccccc2)c2cc(Cl)ccc21,1
CN(C)CCCN1c2ccccc2CCc2ccc(Cl)cc21,1
COC(=O)[C@@H](c1ccccc1Cl)N1CCc2sccc2C1,1
CCc1cc2c(s1)N(C)C(=O)CN=C2c1ccccc1Cl,1
CN1CCN(C2=Nc3cc(Cl)ccc3Nc3ccccc32)CC1,1
O=c1ccc2ccccc2o1,1
COc1cc(/C=C/C(=O)CC(=O)/C=C/c2ccc(O)c(OC)c2)ccc1O,1
C[C@H](CN(C)C)CN1c2ccccc2Sc2ccc(C#N)cc21,1
CN(C)CCC=C1c2ccccc2C=Cc2ccccc21,1
Cc1nc2c([nH]1)c(=O)n(C)c(=O)n2CC1CCCCC1,1
O=[P@]1(N(CCCl)CCCl)NCCCO1,1
CN(C)N/N=C1\N=CN=C1C(N)=O,1
COC(=O)c1cc(OC)c2c(c1-c1c(C(=O)OC)cc(OC)c3c1OCO3)OCO2,1
COC(=O)c1c(C)nc(C)c(C(=O)OC/C=C/c2ccccc2)c1-c1cccc([N+](=O)[O-])c1,1
CC1=CC[C@@H]2[C@H](C1)C2(C)C,1
CCN[C@@H](C)Cc1cccc(C(F)(F)F)c1,1
COc1ccc2c(CN(C)C)cc(=O)oc2c1,1
CCOP(=S)(OCC)Oc1cc(C)nc(C(C)C)n1,1
c1ccc2c(c1)ccc1cc3c(ccc4ccccc43)cc12,1
c1ccc2c(c1)cc1ccc3cccc4c5ccccc5c2c1c34,1
CN(C)CCOC(c1ccccc1)c1ccccc1,1
CN(C)C(=O)Nc1ccc(Cl)c(Cl)c1,1
O=c1[nH]c2ccccc2n1CCCN1CCC(n2c(=O)[nH]c3cc(Cl)ccc32)CC1,1
CN(C)CC/C=C1/c2ccccc2COc2ccccc21,1
COc1cc2c(CCN3CCN(c4cccc(Cl)c4C)CC3)nn(Cc3c[nH]cn3)c2cc1OC,1
O=C1Nc2ccc(Cl)cc2[C@@](C#CC2CC2)(C(F)(F)F)O1,1
CN1CCC[C@@H]1C[C@@H]1CNc2ccc(CCS(=O)(=O)c3ccccc3)cc21,1
Cc1c2ccncc2c(C)c2c1[nH]c1ccccc12,1
C[C@]12CC[C@@H]3c4ccc(O)cc4CC[C@H]3[C@@H]1CC[C@@H]2O,1
C[C@]12CC[C@@H]3c4ccc(O)cc4CC[C@H]3C1CCC2=O,1
CCO,1
C#C[C@]1(O)CC[C@H]2[C@@H]3CCc4cc(O)ccc4[C@H]3CC[C@@]21C,1
COc1cc([C@@H]2c3cc4c(cc3[C@H](O[C@H]3O[C@H]5CO[C@@H](C)O[C@@H]5[C@@H](O)[C@H]3O)[C@H]3COC(=O)[C@H]23)OCO4)cc(OC)c1O,1
C=CCc1ccc(O)c(OC)c1,1
COc1ccc(-c2cc(=O)c3c(O)c(OC)c(O)cc3o2)cc1OC,1
C[C@@H](Cc1ccccc1)NCCC#N,1
CN1C(=O)CN=C(c2ccccc2F)c2cc([N+](=O)[O-])ccc21,1
CNCC[C@H](Oc1ccc(C(F)(F)F)cc1)c1ccccc1,1
CC(C)C(=O)Nc1ccc([N+](=O)[O-])c(C(F)(F)F)c1,1
COCCCC/C(=N\OCCN)c1ccc(C(F)(F)F)cc1,1
COc1ccc(-c2coc3cc(O)ccc3c2=O)cc1,1
COc1ccc2[nH]cc(CCN(C(C)C)C(C)C)c2c1,1
Cc1nc2c([nH]1)c(=O)n(C)c(=O)n2Cc1ccco1,1
Cc1nn(C)c(Cl)c1C(=O)Nc1cccc2c1[C@@H](C)OC2(C)C,1
O=c1c(O)c(-c2ccccc2)oc2cc(O)cc(O)c12,1
NC(N)=N/N=C/c1c(Cl)cccc1Cl,1
O=[S@@](Cc1cc(OCC2CC2)ccn1)c1nc2cc(F)ccc2[nH]1,1
FC(F)(F)[C@H](Cl)Br,1
COc1ccc2c3c([nH]c2c1)C(C)=NCC3,1
COc1ccc2c(c1)[nH]c1c(C)nccc12,1
COc1cc(C(C)=O)ccc1OCCCN1CCC(c2noc3cc(F)ccc23)CC1,1
CN(C)CCCN1c2ccccc2CCc2ccccc21,1
CC(C)Oc1ccc2c(=O)c(-c3ccccc3)coc2c1,1
CC(C)/N=C(N)/N=C(\N)NOCCCOc1ccc(OC(F)(F)F)cc1Cl,1
COc1ccc(-c2oc3cc(O)cc(O)c3c(=O)c2O)cc1,1
COc1ccc(N2CCc3c(NCCO)nc4c(OC(F)(F)F)cccc4c32)c(C)c1,1
CCN(CC)CC(=O)Nc1c(C)cccc1C,1
CCCCC/C=C/C/C=C/CCCCCCCC(=O)O,1
C[C@@H](O)CCCCn1c(=O)c2c(ncn2C)n(C)c1=O,1
CCOC(=O)N1CCC(=C2c3ccc(Cl)cc3CCc3cccnc32)CC1,1
CCn1nnc(C2=CCCN(C)C2)n1,1
Cc1cccc(C)c1,1
CCOC(=O)C[C@H](SP(=S)(OC)OC)C(=O)OCC,1
CNCCC[C@]12CC[C@H](c3ccccc31)c1ccccc12,1
CCN[C@@H](C)Cc1ccc2c(c1)OCO2,1
COc1ccc2[nH]cc(CCNC(C)=O)c2c1,1
CCOC(=O)C1(c2ccccc2)CCN(C)CC1,1
CC[C@]1(c2ccccc2)NC(=O)N(C)C1=O,1
CN1CCCC[C@@H]1CCN1c2ccccc2Sc2ccc([S@@](C)=O)cc21,1
CNC(=O)Oc1cc(C)c(SC)c(C)c1,1
COc1ccc(C(c2ccc(OC)cc2)C(Cl)(Cl)Cl)cc1,1
COc1ccc([C@@H](c2ccc(O)c(O)c2)C(Cl)(Cl)Cl)cc1,1
COc1ccc([C@@H](c2ccc(O)cc2)C(Cl)(Cl)Cl)cc1,1
C=CCc1ccc(OC)c(OC)c1,1
CCN(CC)CCNC(=O)c1cc(Cl)c(N)cc1OC,1
CN1CCN2c3ccccc3Cc3ccccc3[C@@H]2C1,1
CN1CCN2c3ncccc3Cc3ccccc3[C@H]2C1,1
CSc1nc(-c2ccnc(N[C@H](C)c3ccccc3)c2)c(-c2ccc(F)cc2)[nH]1,1
C[C@@H](Nc1cc(-c2nc([S@@](C)=O)[nH]c2-c2ccc(F)cc2)ccn1)c1ccccc1,1
CC(C)(O)c1ccccc1CC[C@@H](SCC1(CC(=O)O)CC1)c1cccc(/C=C/c2ccc3ccc(Cl)cc3n2)c1,1
COc1ccc2cc(CCC(C)=O)ccc2c1,1
COc1ccc2cc([C@H](C)C(=O)O)ccc2c1,1
CCCN(CCC)CCc1ccc(OC)c(OCCc2ccccc2)c1,1
COC(=O)C1=C(C)NC(C)=C(C(=O)OCCN(C)Cc2ccccc2)[C@@H]1c1cccc([N+](=O)[O-])c1,1
CN1CCC[C@H]1c1cccnc1,1
C[C@H](N)Cc1cccc(C(F)(F)F)c1,1
O=C1CN=C(c2ccccc2)c2cc(Cl)ccc2N1,1
CNCCC=C1c2ccccc2CCc2ccccc21,1
Cc1cc(/N=N/c2ccccc2C)ccc1N,1
Oc1ccccc1-c1ccccc1,1
C[C@H]1Cc2c(Cl)cc(C(=O)N[C@@H](Cc3ccccc3)C(=O)O)c(O)c2C(=O)O1,1
Cc1cc2c(s1)Nc1ccccc1N=C2N1CCN(C)CC1,1
Cc1nccn1C[C@@H]1CCc2c(c3ccccc3n2C)C1=O,1
Clc1ccccc1Cl,1
CCCN1CCC[C@@H](c2cccc(S(C)(=O)=O)c2)C1,1
COc1ccc2c3c1O[C@H]1C(=O)CC[C@@]4(O)[C@@H](C2)N(C)CC[C@]314,1
CC(=O)Nc1ccc(OC(C)C)cc1,1
COc1ccc(NC(C)=O)cc1,1
Cc1ccc(O)cc1,1
CCOP(=S)(OCC)Oc1ccc([N+](=O)[O-])cc1,1
CCn1cc(C(=O)O)c(=O)c2cc(F)c(N3CCN(C)CC3)cc21,1
CN1CCN(CCCN2c3ccccc3Sc3ccccc32)CC1,1
OCCN1CCN(CCCN2c3ccccc3Sc3ccc(Cl)cc32)CC1,1
CCOc1ccc(NC(C)=O)cc1,1
c1ccc2c(c1)ccc1ccccc12,1
O=C1NC(=O)C(c2ccccc2)(c2ccccc2)N1,1
CCOP(=S)(OCC)SCSCC,1
COc1ccc(-c2nc3cc(C4=NNC(=O)C[C@@H]4C)ccc3[nH]2)cc1,1
O=c1[nH]c2ccccc2n1C1CCN(CCCC(c2ccc(F)cc2)c2ccc(F)cc2)CC1,1
CC(=O)[C@H]1CC[C@H]2[C@@H]3CCC4=CC(=O)CC[C@]4(C)[C@H]3CC[C@]12C,1
CN(C)CCCN1c2ccccc2Sc2ccccc21,1
CCCNC[C@H](O)COc1ccccc1C(=O)CCc1ccccc1,1
CC(C)c1cccc(C(C)C)c1O,1
CC(C)NC[C@@H](O)COc1cccc2ccccc12,1
CCCCC[C@H](O)/C=C/[C@@H]1[C@@H](C/C=C\CCCC(=O)O)[C@@H]2C[C@H]1OO2,1
CC(C)/N=C(N)/N=C(\N)NOCCCOc1cc(Cl)c(Cl)cc1Cl,1
COc1ccc2c(c1)-c1nn(CCCN(C)C)c3ccc([N+](=O)[O-])c(c13)N2,1
c1ccc2ncccc2c1,1
COCCCOc1ccnc(CSc2nc3ccccc3[nH]2)c1C,1
CN/C(=C\[N+](=O)[O-])NCCSCc1ccc(CN(C)C)o1,1
OCCc1ccccc1Nc1c(Cl)cccc1Cl,1
Nc1nc2ccc(OC(F)(F)F)cc2s1,1
CCCN(CCC)CCc1cccc2c1CC(=O)N2,1
CCCN1CCCC[C@H]1C(=O)Nc1c(C)cccc1C,1
CN(CCOc1ccc(C[C@@H]2SC(=O)NC2=O)cc1)c1ccccn1,1
O=c1c2ccccc2nc2n1CCc1c-2[nH]c2ccccc12,1
C#CCN(C)[C@H](C)Cc1ccccc1,1
CN[C@H]1CC[C@@H](c2ccc(Cl)c(Cl)c2)c2ccccc21,1
C=Cc1ccccc1,1
Nc1c2c(nc3ccccc13)CCCC2,1
COc1ccc(-c2oc3cc(O)cc(O)c3c(=O)c2O)cc1O,1
CC/C(=C(\c1ccccc1)c1ccc(OCCN(C)C)cc1)c1ccccc1,1
COc1ccc(-c2cc(=O)c3c(OC)c(OC)c(OC)c(OC)c3o2)cc1,1
COc1c(OC)c(OC)c2c(=O)cc(-c3ccc(O)cc3)oc2c1OC,1
CN(C)S(=O)(=O)CCNC(=O)N(CCCl)N=O,1
O=c1[nH]c(=O)n([C@@H]2CCCO2)cc1F,1
CCCCCNC(=N)N/N=C/c1c[nH]c2ccc(OC)cc12,1
CN(C/C=C/C#CC(C)(C)C)Cc1cccc2ccccc12,1
CCNc1nc(Cl)nc(NC(C)(C)C)n1,1
CCNc1nc(NC(C)(C)C)nc(SC)n1,1
Cn1cnc2c1c(=O)[nH]c(=O)n2C,1
Cn1c(=O)c2[nH]cnc2n(C)c1=O,1
c1ccc2[nH]c(-c3cscn3)nc2c1,1
CSc1ccc2c(c1)N(CC[C@H]1CCCCN1C)c1ccccc1S2,1
Clc1ccccc1CN1CCc2sccc2C1,1
Cc1ccc(C(=O)[C@H](C)CN2CCCCC2)cc1,1
Cc1ccccc1,1
CN(C)CCOc1ccc(/C(=C(/CCCl)c2ccccc2)c2ccccc2)cc1,1
CC1=C(/C=C/C(C)=C/C=C/C(C)=C/C(=O)O)C(C)(C)CCC1,1
Nc1nc(N)c2nc(-c3ccccc3)c(N)nc2n1,1
Cc1c(C)c2c(c(C)c1O)CC[C@@](C)(COc1ccc(C[C@@H]3SC(=O)NC3=O)cc1)O2,1
O=C(O)CCc1c2[nH]c(c1CC(=O)O)Cc1[nH]c(c(CC(=O)O)c1CCC(=O)O)Cc1[nH]c(c(CC(=O)O)c1CCC(=O)O)Cc1[nH]c(c(CC(=O)O)c1CCC(=O)O)C2,1
COc1ccc(CCN(C)CCC[C@](C#N)(c2ccc(OC)c(OC)c2)C(C)C)cc1OC,1
CN[C@@H]1CN(c2ccc3c(=O)c(C(=O)O)cn(-c4nccs4)c3n2)C[C@H]1OC,1
CC(=O)C[C@H](c1ccccc1)c1c(O)oc2ccccc2c1=O,1
C[C@@H](c1cc2ccccc2s1)N(O)C(N)=O,1
CN(C)CCc1c[nH]c2ccc(C[C@H]3COC(=O)N3)cc12,1
Cc1ccc(-c2nc3ccc(C)cn3c2CC(=O)N(C)C)cc1,1
CN(C)CCOC1=Cc2ccccc2Sc2ccc(Cl)cc21,1
c1ccc(cc1)C[C@@H](N(C)Cc1ccccc1)C,0
C1[C@@H]([C@H]2C(=C[C@@H]1C)C=C[C@@H]([C@@H]2CC[C@@H]1C[C@H](CC(=O)O1)O)C)OC(=O)[C@H](CC)C,0
c1c(cccc1C(F)(F)F)Nc1ccccc1C(=O)O,0
c1c(cc2c(c1)NC(=O)CN1[C@@]2(OC[C@H]1C)c1ccccc1Cl)Cl,0
C1(=C(NC(=C([C@H]1c1cccc(c1)N(=O)=O)C(=O)OCCN1CCN(CC1)C(c1ccccc1)c1ccccc1)C)C)C(=O)OC,0
C(=O)([C@@H](CC(=O)OCC)SP(=S)(OC)OC)OCC,0
C1(CCCCC1)NC(=O)N(N=O)CCCl,0
c1(ccc(c(c1OC)OC)CN1CCNCC1)OC,0
[C@H]1(C(=O)N(C(=O)N1)CC)c1ccccc1,0
c1ccc2c(c1)N(c1c(S2)cccc1)C[C@H](N(C)C)C,0
c1ccc2c(c1)N(c1c(ccc(c1)NC(=O)OCC)S2)C(=O)CCN1CCOCC1,0
C1(=O)C=C[C@]2([C@H](N1)CC[C@@H]1[C@@H]2CC[C@]2([C@H]1CC[C@@H]2C(=O)Nc1cc(ccc1C(F)(F)F)C(F)(F)F)C)C,0
c1c(ccc(c1)c1oc(cc1)/C=N\N1CC(=O)NC1=O)N(=O)=O,0
N(N)C(=O)c1ccncc1,0
c1c(ccc(c1)S(=O)(=O)Nc1ncccn1)N,0
c1c(ccc(c1)[C@H]([C@H](NC(=O)C(Cl)Cl)CO)O)N(=O)=O,0
c1c(cccc1)CC,0
C1(=NNC(=O)C[C@H]1C)c1cc2c(cc1)[nH]c(n2)c1ccc(cc1)OC,0
C1(=C(NC(=C([C@H]1c1cccc(c1)N(=O)=O)C(=O)OC\C=C\c1ccccc1)C)C)C(=O)OCCOC,0
c1(ccc(cc1)c1c(noc1C)c1ccccc1)S(=O)(=O)NC(=O)CC,0
O(c1ccc2c(c1)c1c([nH]2)cnc(c1COC)C(=O)OC(C)C)Cc1ccccc1,0
c1(C(c2ccccc2)(CCC)C(=O)OCCN(CC)CC)ccccc1,0
c12c(ccc(c1)O)c(c(s2)c1ccc(cc1)O)C(=O)c1ccc(cc1)OCCN1CCCCC1,0
c1ccc(cc1)C(=O)[C@@H](N)C,0
c1(ccccn1)/C(=C\CN1CCCC1)c1ccc(cc1)C,0
[C@H]1([C@@H](c2ccccc2)C(=O)OC)CCCCN1,0
c1c(ccc(c1)S(=O)(=O)Nc1onc(c1C)C)N,0
c1c(cc2c(c1)c(ccn2)Nc1ccc(c(c1)CN(CC)CC)O)Cl,0
[C@@H]1([C@H](O[C@@H]([C@@H]([C@H]1O)O)SC)[C@H](NC(=O)[C@H]1C[C@H](CN1C)CCC)[C@H](C)Cl)O,0
[C@H]12[C@]34[C@H](OC(=O)[C@@H]2C)O[C@](CC[C@H]4[C@@H](CC1)C)(C)OO3,0
CO[C@@H]1[C@@H]2O[C@](O)(C(=O)C(=O)N3[C@H](C(=O)O[C@H](C(=C/[C@H]4C[C@@H](OC)[C@H](O)CC4)/C)[C@H](C)[C@@H](O)CC(=O)[C@@H](C=C(C[C@@H](C1)C)C)CC=C)CCCC3)[C@H](C)C[C@@H]2OC,0
c1c2c(cc(c1N1CCN(CC1)C)F)c(=O)c(cn2NC)C(=O)O,0
c1(nc(nc(c1Oc1ccccc1OC)NS(=O)(=O)c1ncc(cc1)C(C)C)c1cc(ncc1)c1nn[nH]n1)OCCO,0
c1c2c(cc(c1)Cl)nc(cc2)/C=C\c1cccc(c1)[C@@H](CCc1c(cccc1)C(O)(C)C)SCC1(CC(=O)O)CC1,0
c1c(ccc(c1)S(=O)(=O)Nc1ncccc1)N,0
c1c(c(cc(c1)C(=O)N[C@@H](C(=O)N(CCCCC)CCCOC)CCC(=O)O)Cl)Cl,0
c12c(C[C@]3(C(=C1)CC[C@@H]1[C@@H]3CC[C@]3([C@H]1CC[C@@]3(O)C#C)C)C)cno2,0
C1(=C(NC(=C([C@H]1c1ccccc1N(=O)=O)C(=O)OC)C)C)C(=O)OCC(=O)C,0
c12cc(ccc1c(c1c(n2)ccc(c1)OC)N[C@H](C)CCCN(CC)CC)Cl,0
c12c(c3c([nH]1)cc(cc3)OC)CCN1[C@@H]2C[C@H]2[C@@H](C1)C[C@H]([C@@H]([C@H]2C(=O)OC)OC)OC(=O)c1cc(c(c(c1)OC)OC)OC,0
c1cccc(c1)OC(Oc1ccccc1)CN(C)C,0
c1(cc(ccc1OC)CCNC(=O)CNc1cc(ccc1)C(=O)NC)OC,0
c1cc(ccc1)N,0
n1c2c(cnc1N1CCNCC1)c(=O)c(cn2CC)C(=O)O,0
c12c(cccc1C(=O)c1c(C2=O)c(c2c(c1O)C[C@](C[C@@H]2O[C@@H]1O[C@@H](C)[C@H]([C@H](C1)N)O)(C(=O)CO)O)O)OC,0
[C@@H]1(C[C@H](CCN1C(=O)[C@H](CCC\N=C(\N)N)NS(=O)(=O)c1cc2c(cc1)NC[C@@H](C2)C)C)C(=O)O,0
c1c(Cl)ccc2c1C(=NCC(=O)N2C)c1ccccc1,0
c1c2c(ccc1/C=C\[C@@H](C(C)(C)C)O)OCO2,0
c1c(ccc(c1)S(=O)(=O)Nc1noc(c1C)C)N,0
N(Cc1ccc(cc1)c1c(cccc1)c1nnn[nH]1)([C@H](C(=O)O)C(C)C)C(=O)CCCC,0
c1c(c(cc(c1)C(=O)N[C@@H](C(=O)N(CCCCC)CCCOC)CCC(=O)O)Cl)Cl,0
c1cc(ccc1Cl)C1([C@@H](N(C)C)CC(C)C)CCC1,0
[C@@H]1([C@H](O[C@H]2[C@](C[C@@H](C)C(=N\OCOCCOC)/[C@@H]([C@H]([C@@]([C@H](OC(=O)[C@@H]([C@H]([C@@H]2C)O[C@@H]2O[C@@H](C)[C@@H]([C@@](C2)(OC)C)O)C)CC)(O)C)O)C)(C)O)O[C@@H](C[C@@H]1N(C)C)C)O,0
C1(=O)C=C[C@]2(C(=C1)[C@H](C[C@@H]1[C@@H]2[C@H](C[C@]2([C@H]1CC[C@@]2(C(=O)CO)O)C)O)C)C,0
O(c1ccc(cc1)C[C@@H]1SC(=O)NC1=O)CCN(C)c1ncccc1,0
c1(c(c(cc(c1)C(=O)c1ccc(cc1)C)N(=O)=O)O)O,0
C(=O)(NCCN1CCOCC1)c1ccc(cc1)Cl,0
c1(ccccc1CC=C)OC[C@@H](O)CNC(C)C,0
c1ncc(c(c1)Nc1cccc(c1)C)S(=O)(=O)NC(=O)NC(C)C,0
c1ccccc1,0
N1C(=O)C=C[C@H]([C@@H](C(C)C)OC(=O)[C@@H]2N(C(=O)c3nc(CC(=O)C[C@@H](C=C(C=CC1)C)O)oc3)CC[C@H]2S(=O)(=O)CCN(CC)CC)C,0
[C@@H]1([C@H](O[C@H]2[C@H](C[C@H]([C@H](C=CC=CC[C@H](OC(=O)C[C@H]([C@@H]2OC)OC(=O)C)C)O)C)CC=O)O[C@@H]([C@H]([C@@H]1N(C)C)O[C@@H]1O[C@@H](C)[C@@H]([C@@](C1)(O)C)OC(=O)CC(C)C)C)O,0
c1ccc2c(c1)c1c([nH]2)[C@H](N2[C@H](C1)C(=O)N(CC2=O)C)c1cc2c(cc1)OCO2,0
c1(c2c(cc(c1N1C[C@H](NCC1)C)F)c(=O)c(cn2CC)C(=O)O)F,0
c1c(cc(c(c1OC)OC)OC)Cc1cnc(nc1N)N,0
c1c2c3c(cc1)[nH]cc3C[C@@H]1[C@@H]2C[C@H](CN1CCC)CSC,0
c1cc(cc(c1)c1nnn[nH]1)NC(=O)C(=O)OCCCC,0
c1(C2(CCN(CC2)C(C)(C)C)c2ccccc2)ccccc1,0
c1c2c(cc(c1N1CCNCC1)F)c(=O)c(cn2CC)C(=O)O,0
c1(N2CCN(CC2)C(=O)c2ccc(c(c2)OC)OC)ccc2c(c1)CCC(=O)N2,0
C([C@]1(C(=O)NC(=O)C1)C)C,0
O(c1c(cc(cc1)Cl)C(=O)NCCc1ccc(cc1)S(=O)(=O)NC(=O)NC1CCCCC1)C,0
n1(=O)c(nc(cc1N)N1CCCCC1)N,0
c1cccc2c1onc2CS(=O)(=O)N,0
n1(C[C@H](c2ccc(cc2Cl)Cl)OCc2ccsc2Cl)ccnc1,0
c12N(C(=O)CCc1c(nc(n2)C)C)Cc1ccc(cc1)c1c(cccc1)c1nnn[nH]1,0
C1(=O)CC[C@]2(C(=C1)CC[C@@H]1[C@@H]2CC[C@]2([C@H]1CCC2=O)C)CC#C,0
c1cccc(c1O[C@@H]([C@@H]1OCCNC1)c1ccccc1)OCC,0
[C@@H]1([C@H](O[C@H]2[C@H](C[C@H]([C@H](C=CC=CC[C@H](OC(=O)C[C@H]([C@@H]2OC)OC(=O)C)C)O)C)CC=O)O[C@@H]([C@H]([C@@H]1N(C)C)O[C@@H]1O[C@@H](C)[C@@H]([C@@](C1)(O)C)OC(=O)CC(C)C)C)O,0
c1([C@H](c2c(c(ccc2)C)C)C)nc[nH]c1,0
c1(C(=O)NC[C@@H]2NCCCC2)c(ccc(c1)OCC(F)(F)F)OCC(F)(F)F,0
N(C(=O)[C@H](C)N[C@@H](CCc1ccccc1)C(=O)OCC)(C1Cc2c(C1)cccc2)CC(=O)O,0
c1ccc2c(c1)[nH]c(=O)cc2C[C@@H](NC(=O)c1ccc(cc1)Cl)C(=O)O,0
C(N(CC)C(=S)SSC(=S)N(CC)CC)C,0
[C@H]1(CNC(=N)N)Oc2c(OC1)cccc2,0
c1(c2c(c(c3c4c2c(c(c1NC(=O)C(=CC=C[C@@H]([C@@H]([C@H]([C@H]([C@H]([C@@H]([C@H]([C@H](C=CO[C@](C4=O)(O3)C)OC)C)OC(=O)C)C)O)C)O)C)C)/C=N\N1CCN(CC1)C1CCCC1)O)C)O)O,0
C1(=C(NC(=C([C@H]1c1ccccc1N(=O)=O)C(=O)OC)C)C)C(=O)OCC(=O)C,0
c1ccc2c(c1)nc(c1c2n(c(n1)COCC)CC(O)(C)C)N,0
c1(cc2c(c(c1)Br)oc(c2)C1CCNCC1)OC,0
c1cc(ccc1)/C(=C\CCCCC(=O)O)c1cccnc1,0
c1(C2(CCN(CC2)C(C)(C)C)c2ccccc2)ccccc1,0
c1(cccc2c1cc[nH]2)OC[C@@H](O)CNC(C)C,0
C(N1CCO[C@@H](C1)CNC(=O)c1c(cc(c(c1)Cl)N)OCC)c1ccc(cc1)F,0
C([C@@]([C@@H](CN(C)C)C)(OC(=O)CC)c1ccccc1)c1ccccc1,0
N(C(=O)[C@H](C)N[C@@H](CCc1ccccc1)C(=O)OCC)(C1Cc2c(C1)cccc2)CC(=O)O,0
C1(=O)C=C2[C@](C=C1)([C@@]1([C@H]([C@H]3[C@@](C[C@@H]1O)(C)[C@]([C@@H](C3)C)(C(=O)CO)O)CC2)F)C,0
c1c(ccc(c1OC)OCCCN1CCC(CC1)c1noc2c1ccc(c2)F)C(=O)C,0
N(CCN(c1ccccn1)Cc1ccccc1)(C)C,0
[C@@H]12[C@H](OC[C@@H]2ON(=O)=O)[C@@H](CO1)ON(=O)=O,0
C(CO)C,0
C(CCN1CCC(CC1)(c1cccc(c1)C(F)(F)F)O)C(=O)c1ccc(cc1)F,0
c1cnc2c(c1)CCc1c(C/2=C2\CCNCC2)ccc(c1)Cl,0
n1(c(=O)n(c2c(c1=O)[nH]c(n2)C)Cc1ccco1)C,0
c1(c(ccc(c1)Cl)CO[C@@H](Cn1cncc1)c1ccc(cc1Cl)Cl)Cl,0
c1cccc2c1Sc1ccccc1N2C[C@H]1CN2CCC1CC2,0
c1c(ccc(c1)OCCn1ccnc1)C(=O)O,0
Nc1ccc(cc1)C(=O)NCCN(CC)CC,0
O(c1ccc(cc1)C(=N)N)CCCCCOc1ccc(cc1)C(=N)N,0
c1(c(cccc1)C1CCCC1)OC[C@@H](O)CNC(C)(C)C,0
[C@@]12(C)[C@H]3CC[C@]4([C@H]([C@@H]3[C@@H](C[C@H]1C[C@@H](CC2)O)O)CC[C@@H]4[C@@H](CCC(=O)O)C)C,0
[C@@H](CN1CCCCC1)(C(=O)c1ccc(C)cc1)C,0
C1(=C2C([C@](C[C@@H]1OC(=O)[C@@H]([C@H](c1ccccc1)NC(=O)c1ccccc1)O)(O)[C@H]([C@H]1[C@@](C(=O)[C@@H]2OC(=O)C)(C)[C@@H](O)C[C@@H]2[C@]1(CO2)OC(=O)C)OC(=O)c1ccccc1)(C)C)C,0
c12N(C(=O)CCc1c(nc(n2)C)C)Cc1ccc(cc1)c1c(cccc1)c1nnn[nH]1,0
[C@@H]1([C@H](O[C@H]2[C@](C[C@@H](C)C(=O)[C@@H]([C@H]([C@@]([C@H](OC(=O)[C@@H]([C@H]([C@@H]2C)O[C@@H]2O[C@@H](C)[C@@H]([C@@](C2)(OC)C)O)C)CC)(O)C)O)C)(C)O)O[C@@H](C[C@@H]1N(C)C)C)O,0
C1=C[C@@H]2[C@@H](C[C@H]1C2)[C@](c1ccccc1)(O)CCN1CCCCC1,0
c1(c(ccc(c1)S(=O)(=O)N)OC)C(=O)NC[C@H]1CCCN1CC,0
C([C@]1(C(=O)N(C(=O)NC1=O)C)c1ccccc1)C,0
C1[C@H]([C@@H](CCN1)c1ccc(cc1)F)COc1ccc2c(c1)OCO2,0
c1(nc2c([nH]1)ccc(c2)C(=O)c1ccccc1)NC(=O)OC,0
c1cc2c(c(c1)CCN(CCC)CCC)CC(=O)N2,0
c12n(C[C@H](OCP(=O)(O)O)C)cnc1c(ncn2)N,0
c1(c(cc(c2c1O[C@@]1(C2=O)[C@@H](CC(=O)C=C1OC)C)OC)OC)Cl,0
c1ccccc1C(=O)O[C@@H]1[C@@H]([C@H]2CC[C@@H](C1)N2C)C(=O)OC,0
c1ccc2c(c1)N(c1c(S2)ccc(c1)C(F)(F)F)CCCN1CCN(CC1)C,0
c1(c(ccc(c1)NC(=O)C(C)C)N(=O)=O)C(F)(F)F,0
C1(=NC2(C(=O)N1Cc1ccc(cc1)c1c(cccc1)c1[nH]nnn1)CCCC2)CCCC,0
c1(ccc(cc1)c1c(noc1C)c1ccccc1)S(=O)(=O)NC(=O)CC,0
[C@@]12(C)[C@H]3CC[C@]4([C@H]([C@@H]3[C@@H](C[C@H]1C[C@@H](CC2)O)O)CC[C@@H]4[C@@H](CCC(=O)O)C)C,0
c1c(c(ccc1Cl)[C@H](Cn1ccnc1)OCc1ccc(cc1)Cl)Cl,0
c1(c2c(c(c3c4c2c(c(c1NC(=O)C(=CC=C[C@@H]([C@@H]([C@H]([C@H]([C@H]([C@@H]([C@H]([C@H](C=CO[C@](C4=O)(O3)C)OC)C)OC(=O)C)C)O)C)O)C)C)/C=N\N1CCN(CC1)C1CCCC1)O)C)O)O,0
C(=O)(CCC)Nc1cc(c(cc1)OC[C@H](CNC(C)C)O)C(=O)C,0
c1c2c(cc(c1N1CCNCC1)F)c(=O)c(cn2CC)C(=O)O,0
c1(nc(c2c(n1)ccc(c2C)CNc1cc(c(c(c1)OC)OC)OC)N)N,0
c1c(Cl)ccc2c1C(=N(=O)CC(=N2)NC)c1ccccc1,0
c1ccc2c(c1)n(c(=O)[nH]2)CCCN1CCC(CC1)n1c(=O)[nH]c2c1ccc(c2)Cl,0
[C@@H]1([C@H](O[C@H]2[C@](C[C@H](CN([C@@H]([C@H]([C@@]([C@H](OC(=O)[C@@H]([C@H]([C@@H]2C)O[C@@H]2O[C@@H](C)[C@@H]([C@@](C2)(OC)C)O)C)CC)(O)C)O)C)C)C)(C)O)O[C@@H](C[C@@H]1N(C)C)C)O,0
N1(c2ccc(cc2F)N2C(=O)O[C@H](C2)CNC(=O)C)CCOCC1,0
[C@@H]12[C@H](C[C@@H]3N(C1)CCc1c3[nH]c3c1cccc3)[C@H]([C@H](CC2)O)C(=O)OC,0
c1c2c(cc(c1N1CCN(CC1)C)F)c(=O)c(cn2NC)C(=O)O,0
C1(=O)C=C[C@]2(C(=C1)CC[C@@H]1[C@@]2([C@H](C[C@]2([C@H]1C[C@@H]([C@@]2(C(=O)CO)O)C)C)O)F)C,0
c1(cccc(c1Nc1ccccc1CC(=O)O)Cl)Cl,0
C([C@@H](OC(F)F)Cl)(F)(F)F,0
c1c(=O)oc2c(c1)cc1c(c2OC)occ1,0
S(=O)(=O)(N1CCCC1)Cc1cc2c(cc1)[nH]cc2CCN(C)C,0
[C@H]12C(=O)C=C3[C@@]([C@H]1C2)(C)[C@H]1CC[C@]2([C@H]([C@@H]1C=C3Cl)CC[C@@]2(C(=O)C)O)C,0
c1c2c(ccc1)nc1c(c2N)CCCC1,0
c1c2c(cc(c1)NC(=O)OC1CCCC1)c(cn2C)Cc1ccc(cc1OC)C(=O)NS(=O)(=O)c1c(cccc1)C,0
n1c2c(cc(c1N1CCNCC1)F)c(=O)c(cn2CC)C(=O)O,0
c1c(ccc(c1)S(=O)(=O)Nc1ncnc(c1OC)OC)N,0
s1c(nc2CC[C@@H](Cc12)NCCC)N,0
c12n(c(=O)[nH]c(=O)c1n(cn2)C)C,0
C1C[C@@H](C(=O)N2[C@H](C(=O)O)CCC[C@@H]2S1)NC(=O)[C@@H](S)Cc1ccccc1,0
c1c2c(c(cc1O)O)c(=O)c(c(o2)c1cc(c(cc1)O)O)O,0
c1cc(c2c(c1)[C@](O)(C)[C@@H]1C(=C([C@@]3(C(=O)C(=C([C@H]([C@@H]3C1)N(C)C)O)C(=O)N)O)O)C2=O)O,0
c1(c2c(cnn1)cccc2)NN,0
[C@H]1([C@@H](c2ccccc2)C(=O)OC)CCCCN1,0
C1C(=O)C=C2C(=C3[C@H](C[C@]4([C@H]([C@@H]3CC2)CC[C@@]4(O)\C=C\CO)C)c2ccc(cc2)N(C)C)C1,0
c1cc(c2c(c1)c(cc(n2)C(F)(F)F)[C@H](O)[C@H]1CCCCN1)C(F)(F)F,0
c12c(cc(c(c1)N(=O)=O)CO)CC[C@H](N2)CNC(C)C,0
c1c2c3c(cc1)[nH]cc3C[C@@H]1[C@@H]2C[C@H](CN1CCC)CSC,0
C1C(=O)C=C2C(=C3[C@H](C[C@]4([C@H]([C@@H]3CC2)CC[C@@]4(O)C#CC)C)c2ccc(cc2)N(C)C)C1,0
o1c(c(c2c1cccc2)C(=O)c1cc(c(c(c1)Br)O)Br)CC,0
c1(c2c(ccc1)NC(=O)CC2)OC[C@@H](O)CNC(C)(C)C,0
c1ccc2c(c1)S(=O)(=O)N(C(=C2O)C(=O)Nc1ncccc1)C,0
c1c(c(ccc1Cl)[C@H](Cn1ccnc1)OCc1ccc(cc1)Cl)Cl,0
c1cccc2c1C(=O)c1c(C2=O)cccc1,0
C1(=C(NC(=C([C@H]1c1cccc(c1)N(=O)=O)C(=O)OC\C=C\c1ccccc1)C)C)C(=O)OCCOC,0
c1c(ccc(c1)[C@H]([C@H](NC(=O)C(Cl)Cl)CO)O)N(=O)=O,0
c1ccc(c(c1Nc1ccccc1C(=O)O)C)C,0
c12c(C(=NCc3n1c(nn3)C)c1ccccc1Cl)cc(s2)Br,0
C1(=C(NC(=C([C@H]1c1cccc(c1)N(=O)=O)C(=O)OC(CN(C)CCC(c1ccccc1)c1ccccc1)(C)C)C)C)C(=O)OC,0
c1ccccc1C=C,0
c1cccc(c1O[C@@H]([C@@H]1OCCNC1)c1ccccc1)OCC,0
c1c(ccc(c1)S(=O)(=O)Nc1onc(c1C)C)N,0
S(=O)(=O)(NC)Cc1cc2c(cc1)[nH]cc2CCCN1CCN(CC1)c1ncncc1OC,0
c1c(ccc(c1)S(=O)(=O)Nc1ncnc(c1OC)OC)N,0
c1(ccc(cc1)[C@@H](c1ccccc1)N1CCN(CCOCCO)CC1)Cl,0
c1(c2c3c(cc1)C[C@H]1N(CC[C@@]43[C@H]1CC[C@@H]([C@@H]4O2)O)C)OC,0
N(N)C(=O)c1ccncc1,0
C1(=C2C([C@](C[C@@H]1OC(=O)[C@@H]([C@H](c1ccccc1)NC(=O)c1ccccc1)O)(O)[C@H]([C@H]1[C@@](C(=O)[C@@H]2OC(=O)C)(C)[C@@H](O)C[C@@H]2[C@]1(CO2)OC(=O)C)OC(=O)c1ccccc1)(C)C)C,0
C12=C[C@H](C[C@@H]([C@@H]1[C@H]([C@H](C=C2)C)CC[C@H](C[C@@H](O)CC(=O)O)O)OC(=O)[C@H](CC)C)O,0
O(CCCC(C(=O)O)(C)C)c1c(ccc(c1)C)C,0
c12c(cc(cc1)C(=O)N)c1c([nH]2)CC[C@H](C1)NC,0
[C@@H]12[C@H](OC[C@@H]2ON(=O)=O)[C@@H](CO1)ON(=O)=O,0
[C@@H](N1CCN(CC1)CCOCC(=O)O)(c1ccccc1)c1ccc(cc1)Cl,0
c1c2c(cc(c1N1CCN(CC1)C)F)c(=O)c(cn2c1ccc(cc1)F)C(=O)O,0
c12cc(c(cc1C(CCC2(C)C)(C)C)C)C(=C)c1ccc(cc1)C(=O)O,0
C(CSCc1oc(cc1)CN(C)C)N\C(=C\N(=O)=O)NC,0
C1CC(c2ccc(cc2)Cl)CCC1C1=C(c2c(C(=O)C1=O)cccc2)O,0
o1c(c(c2c1cccc2)C(=O)c1cc(c(c(c1)Br)O)Br)CC,0
C1(=O)NC(=O)CC[C@@]1(c1ccc(cc1)N)CC,0
c1(c(c2c(cc1)C[C@H]1c3c2cccc3CCN1C)O)O,0
c12n(nc(c1cccc2)OCCCN(C)C)Cc1ccccc1,0
c1ccc(cc1)C(c1ccccc1)OCCN(C)C,0
c1c(cccc1C(F)(F)F)Nc1ccccc1C(=O)O,0
N(CCN(c1ccccn1)Cc1ccccc1)(C)C,0
c1ccc2c3c1[nH]cc3C[C@@H]1C2=C[C@H](CN1C)C(=O)N[C@]1(C(=O)N2[C@](O1)(O)[C@H]1N(C(=O)[C@@H]2Cc2ccccc2)CCC1)C,0
c1c(S(=O)(=O)Nc2noc(c2C)C)ccc(c1)N,0
c1ccc(cc1)C(=O)[C@@H](N)C,0
c1(C(=O)C(c2cnccc2)(C)C)cnccc1,0
c1ccccc1C(=O)O[C@@H]1[C@@H]([C@H]2CC[C@@H](C1)N2C)C(=O)OC,0
n1(C[C@]2(O[C@H](CO2)COc2ccc(cc2)N2CCN(CC2)C(=O)C)c2c(cc(cc2)Cl)Cl)ccnc1,0
c1cc(ccc1S(=O)(=O)Nc1ncccc1)/N=N\c1cc(c(cc1)O)C(=O)O,0
c12ccccc1nc([nH]2)[S@H](=O)Cc1ncccc1,0
n1c2=C(CN=[n]2c(cc1)c1cccc(c1)N(C(=O)C)CC)C#N,0
c1(ncc(n1Cc1ccc(cc1)C(=O)O)/C=C(\C(=O)O)Cc1cccs1)CCCC,0
C(=O)([C@@H](CC(=O)OCC)SP(=S)(OC)OC)OCC,0
[C@H]12N([C@H](CC(C1)NC(=O)c1c3c(cc(c1)Cl)CC(O3)(C)C)CC2)C,0
c12ccc(cc1[nH]c(n2)[S@@H](=O)Cc1nccc(c1OC)OC)OC(F)F,0
c1c2c(cc(c1)NC(=O)OC1CCCC1)c(cn2C)Cc1ccc(cc1OC)C(=O)NS(=O)(=O)c1c(cccc1)C,0
C1(=C(NC(=C([C@H]1c1cccc(c1)N(=O)=O)C(=O)O[C@@H]1CN(CC1)Cc1ccccc1)C)C)C(=O)OC,0
c1ccc(cc1)[C@@H]1C[C@H]1N,0
c12c3c(cc(c1N1CCN(CC1)C)F)c(=O)c(cn3[C@H](CO2)C)C(=O)O,0
c1(c(cc(cc1)Cl)Cl)[C@@H](Cn1ccnc1)OCc1c(cccc1Cl)Cl,0
c1c(ccc(c1)C(=O)CCCN1CCC(CC1)(O)c1ccc(cc1)Cl)F,0
c1(ccccc1C(=O)CCc1ccccc1)OC[C@@H](O)CNCCC,0
C1(=C(NC(=C([C@H]1c1cccc(c1Cl)Cl)C(=O)OCC)C)C)C(=O)OC,0
c12c(c(c3c4c1C1=NC5(NC1=C(NC(=O)C(=CC=C[C@@H]([C@@H]([C@H]([C@H]([C@H]([C@@H]([C@@H]([C@H](C=CO[C@](C4=O)(O3)C)OC)C)OC(=O)C)C)O)C)O)C)C)C2=O)CCN(CC5)CC(C)C)C)O,0
C(=C(/Cl)Cl)/Cl,0
N(S(=O)(=O)Oc1c(cccc1C(C)C)C(C)C)C(=O)Cc1c(cc(cc1C(C)C)C(C)C)C(C)C,0
c1cc(ccc1)C1(C(=O)OCC)CCN(CC1)C,0
C1(=O)NC(=O)C(C(=O)N1)(CC=C)[C@H](CCC)C,0
ClC(C(O)O)(Cl)Cl,0
[nH]1cc(F)c(=O)[nH]c1=O,0
c1(c(nc[nH]1)C(=O)N)/N=N\N(C)C,0
c1ccc(cc1Cl)C(=O)[C@@H](C)NC(C)(C)C,0
c1(c(cc(cc1)N1C(=O)NC(C1=O)(C)C)C(F)(F)F)N(=O)=O,0
C1(=C(NC(=C([C@H]1c1cccc(c1)N(=O)=O)C(=O)OCCN(Cc1ccccc1)C)C)C)C(=O)OC,0
c1nc(n(c1N(=O)=O)CCO)C,0
n1c2c(ccc1)cc(cc2N[C@@H](C)CCCN)OC,0
c1(cc2c(c(c1)C)nc(n2Cc1ccc(cc1)c1c(cccc1)C(=O)O)CCC)c1n(c2c(n1)cccc2)C,0
c1ccc(cc1C(=O)c1ccccc1)[C@@H](C)C(=O)O,0
n1(C[C@H](c2ccc(cc2Cl)Cl)OCc2ccsc2Cl)ccnc1,0
c1cc(c(c(c1)Cl)Nc1ccccc1CC(=O)OCC(=O)O)Cl,0
c1ccc(cc1C(=O)c1ccccc1)[C@@H](C)C(=O)O,0
c1cc2c(cc1)C(=O)N(C2=O)[C@H]1CCC(=O)NC1=O,0
CNC(=O)O\N=C(/C)SC,0
C1(=O)NC(=O)CC[C@]1(c1ccncc1)CC,0
[C@@H]1([C@H](O[C@H]2[C@H](C[C@@]3(OC3)C(=O)[C@@H]([C@H]([C@H]([C@H](OC(=O)[C@@H]([C@H]([C@@H]2C)O[C@@H]2O[C@@H](C)[C@@H]([C@H](C2)OC)OC(=O)C)C)C)C)OC(=O)C)C)C)O[C@@H](C[C@@H]1N(C)C)C)OC(=O)C,0
C(Cc1cccs1)N1CCC(N(C(=O)CC)c2ccccc2)(CC1)COC,0
C1CN2[C@H]([C@H](C1CC2)NCc1cc(ccc1OC)C(C)C)C(c1ccccc1)c1ccccc1,0
c1(cc2c(cc1)nc[nH]2)[C@@H](c1cccc(c1)Cl)n1cncc1,0
c1ccc2c(c1)N([C@@H]1[C@]32C[C@@H]2N4[C@H]1C[C@H]([C@@H]2[C@H]3O)[C@H]([C@H]4O)CC)C,0
c1(ccc(cc1)COCCOC(C)C)OC[C@@H](O)CNC(C)C,0
c1c(ccc(c1)C(F)(F)F)/C(=N\OCCN)CCCCOC,0
C(N1CCN(CC1)C\C=C\c1ccccc1)(c1ccc(cc1)F)c1ccc(cc1)F,0
[C@@H]1([C@H](O[C@H]2[C@](C[C@H](CN([C@@H]([C@H]([C@@]([C@H](OC(=O)[C@@H]([C@H]([C@@H]2C)O[C@@H]2O[C@@H](C)[C@@H]([C@@](C2)(OC)C)O)C)CC)(O)C)O)C)C)C)(C)O)O[C@@H](C[C@@H]1N(C)C)C)O,0
c1([C@@H](c2ccccc2)n2ccnc2)ccc(cc1)c1ccccc1,0
c1ccc2c(c1)C1c3c(C2(CC1)CCCNC)cccc3,0
C(=C(/Cl)Cl)/Cl,0
c1(ccccc1)C(c1ccccc1)(O)C1CCNCC1,0
C(=C\c1ccccc1)/COC(=O)C1=C(NC(=C([C@@H]1c1cccc(c1)N(=O)=O)C(=O)OC)C)C,0
c1ccc2c(c1)[nH]c(n2)[S@H](=O)Cc1nccc(c1C)OCCCOC,0
n1(c2c(nc3c1cccc3)cc(c(=N\C(C)C)/c2)Nc1ccc(cc1)Cl)c1ccc(cc1)Cl,0
C1C2(CCCN2CC1)CC(=O)Nc1c(cccc1C)C,0
c1(C(c2ccc(cc2)F)OCCN2CCN(CC2)CCCc2ccccc2)ccc(cc1)F,0
c1(c([nH]c2c1C(=O)[C@H](CC2)CN1CCOCC1)C)CC,0
C1(=C(NC(=C([C@H]1c1ccccc1Cl)C(=O)OCC)COCCN)C)C(=O)OC,0
[C@H]1(CCCCN1CCCC)C(=O)Nc1c(cccc1C)C,0
C(N1CCOCC1)Cn1cncc1N(=O)=O,0
c1ccc(cc1)CC\N=C(\N=C(/N)N)N,0
c1(ccc(cc1)c1ncccc1)CN(C[C@H]([C@H](Cc1ccccc1)NC(=O)[C@H](C(C)(C)C)NC(=O)OC)O)NC(=O)[C@@H](C(C)(C)C)NC(=O)OC,0
c1cc(ccc1)N,0
C1(c2cn(c3c2cc(cc3)Cl)c2ccc(cc2)F)CCN(CC1)CCN1C(=O)NCC1,0
c1c2c(cc(c1N1CCN(CC1)C)F)c(=O)c(cn2NC)C(=O)O,0
c1nc(nc2c1C[C@@H]1[C@@H](C2)CCCN1CCC)N,0
c1c(ccc(c1)S(=O)(=O)Nc1noc(c1C)C)N,0
c1ccc(cc1)N(C(=O)CC)C1CCN(CC1)CCc1ccccc1,0
c1(c(ccc(c1)[C@H](CN[C@H](CCc1ccccc1)C)O)O)C(=O)N,0
C(CCN1CCN(CC1)c1nsc2c1cccc2)CN1C(=O)[C@H]2[C@@H](C1=O)CCCC2,0
C1[C@H]2N(CCC1)C[C@H]1C[C@@H]2CN2[C@H]1CCCC2,0
c1(ccc(cc1)CCOC)OC[C@@H](O)CNC(C)C,0
c1(=O)n(c(=O)n(c2c1n(cn2)C)C)CCCCC(=O)C,0
c1(c2c(ccc1)cccc2)OC[C@@H](O)CNC(C)C,0
c12c3c(ccc(c3)C(F)(F)F)c(cc1c(cc(c2)Cl)Cl)[C@H](CCN(CCCC)CCCC)O,0
[C@H]1([C@](C1)(c1ccccc1)C(=O)N(CC)CC)CN,0
C1(=O)NC(=O)CC[C@@]1(c1ccc(cc1)N)CC,0
c1(ccc2c(c1)C(=NCc1n2c(nn1)C)c1ccccc1Cl)Cl,0
c1(cc2c(cc1)nc(s2)N)OC(F)(F)F,0
C1(=O)C=C2[C@](C=C1)([C@@]1([C@H]([C@H]3[C@@](C[C@@H]1O)(C)[C@]([C@@H](C3)C)(C(=O)CO)O)CC2)F)C,0
c1(cc(n2c(n1)ncn2)N(CC)CC)C,0
c1(ccccc1)C(c1ccccc1)(O)C1CCNCC1,0
c12c(cc3c(c1)[C@H]([C@@H]1[C@@H]([C@@H]3c3cc(c(c(c3)OC)O)OC)C(=O)OC1)O[C@H]1[C@H](O)[C@@H](O)[C@H]3[C@H](O1)CO[C@H](O3)C)OCO2,0
c1(nc2c([nH]1)ccc(c2)C(=O)c1ccccc1)NC(=O)OC,0
c1(C[C@](NC(=O)CN)(c2ccccc2)C)ccccc1,0
c12cccnc1/C(=C1\CCN(CC1)C)c1c(CC2)cccc1,0
c1cc2c(cc1)C(=O)N(C2=O)[C@H]1CCC(=O)NC1=O,0
C(c1ccc(cc1)NC(=O)c1c(onc1)C)(F)(F)F,0
[C@H](c1ccnc2c1cc(cc2)OC)(O)[C@H]1C[C@@H]2CCN1C[C@@H]2C=C,0
c1(c(cccc1)C#N)OC[C@@H](O)CNC(C)(C)C,0
c1c2c(cc(c1)Cl)nccc2N[C@@H](C)CCCN(CC)CC,0
c1(CCN2CCN(CC2)c2nsc3c2cccc3)c(cc2c(c1)CC(=O)N2)Cl,0
O=C1N2[C@H](C(=O)O[C@H]([C@@H](C[C@H]3C[C@@H](OC)[C@@H](CC3)OCCO)C)CC(=O)[C@H](C)C=C(C)[C@@H](O)[C@@H](OC)C(=O)[C@@H](C[C@@H](C=CC=CC=C([C@H](C[C@H]3O[C@](C1=O)(O)[C@H](C)CC3)OC)C)C)C)CCCC2,0
c1ccc2c(c1)c(nnc2NN)NN,0
c12c3c(ccc1CN(CC[C@@]12C=C[C@@H](C[C@@H]1O3)O)C)OC,0
c12c(cc(cc1)C)n1n(c(n2)N(C)C)C(=O)[C@@H](C1=O)CCC,0
c1ccc2c(c1)C1c3c(C2(CC1)CCCNC)cccc3,0
c1ccc(cc1)C(c1ccccc1)[S@@H](=O)CC(=O)N,0
c1c(cccc1)C1(CCCCC1)N1CCCCC1,0
N(c1c(cccc1C)C)C(=O)CN1CCCC1=O,0
c1cc(ccc1S(=O)(=O)Nc1ncccc1)/N=N\c1cc(c(cc1)O)C(=O)O,0
c1([C@H](c2c(c(ccc2)C)C)C)nc[nH]c1,0
c1([C@@H]([C@@H](c2cc(c(cc2)O)F)C)CC)ccc(c(c1)F)O,0
c1ccccc1C,0
c1ccc2c3c1C1=C[C@H](CN([C@@H]1Cc3c([nH]2)Br)C)C(=O)N[C@]1(C(C)C)O[C@]2([C@@H]3CCCN3C(=O)[C@@H](N2C1=O)CC(C)C)O,0
C1N(Cc2cccc(c2)OCCCNC(=O)CO)CCCC1,0
c1ccc2c(c1)N(c1c(S2)ccc(c1)C(F)(F)F)CCCN1CCN(CC1)C,0
C1(=C(NC(=C([C@H]1c1cccc2c1OCO2)C(=O)OCC)C)C)C(=O)OC,0
c1ccc(cc1)NC(=O)C,0
C1[C@H]([C@@H](CCN1)c1ccc(cc1)F)COc1ccc2c(c1)OCO2,0
c1cccc(c1)NC(=O)c1c(c(n(c1C(C)C)CC[C@H](C[C@H](CC(=O)O)O)O)c1ccc(cc1)F)c1ccccc1,0
c1(N2CCN(CC2)C(=O)c2ccc(c(c2)OC)OC)ccc2c(c1)CCC(=O)N2,0
n1c2c(cnc1N1CCNCC1)c(=O)c(cn2CC)C(=O)O,0
c1c(cccc1)O,0
c1(ccc2c(c1)n(cc(c2=O)[S@@H](=O)C)C)F,0
C1C(=O)C=C2[C@@](C1)(C)[C@H]1CC[C@]3([C@H]([C@@H]1[C@@H](C2)SC(=O)C)CC[C@@]13OC(=O)CC1)C,0
COc1ccc(cc1)C(=O)Nc1c(cccc1)CC[C@@H]1N(C)CCCC1,0
c1cccc2c1c(c[nH]2)CCN1CCC(CC1)NC(=O)c1ccccc1,0
C(N1Cc2c(CC1)scc2)c1ccccc1Cl,0
C1(=C(NC(=C([C@H]1c1cccc(c1)N(=O)=O)C(=O)OCCN1CCN(CC1)C(c1ccccc1)c1ccccc1)C)C)C(=O)OC,0
c1([C@H](c2ccc(cc2)Cl)n2cncn2)cc2c(cc1)nnn2C,0
c1(c2c3c(cc1)C[C@H]1N(CC[C@@]43[C@]1(CCC(=O)[C@@H]4O2)O)C)OC,0
[C@@H]1([C@H](O[C@H]2[C@](C[C@@H](C)[C@H]3[C@@H]([C@H]([C@@]([C@H](OC(=O)[C@@H]([C@H]([C@@H]2C)O[C@@H]2O[C@@H](C)[C@@H]([C@@](C2)(OC)C)O)C)CC)(O)C)O[C@@H](N3)COCCOC)C)(C)O)O[C@@H](C[C@@H]1N(C)C)C)O,0
c1(CCN2CCN(CC2)c2nsc3c2cccc3)c(cc2c(c1)CC(=O)N2)Cl,0
C1(=C(NC(=C([C@H]1c1cccc2c1OCO2)C(=O)OCC)C)C)C(=O)OC,0
C([C@]1(C(=O)N(C(=O)NC1=O)C)c1ccccc1)C,0
C1C(=O)C=C2C(=C3[C@H](C[C@]4([C@H]([C@@H]3CC2)CC[C@@]4(CCCO)O)C)c2ccc(cc2)N(C)C)C1,0
c1ccccc1C(COC(=O)N)COC(=O)N,0
c1c2c(nc(c1)C)n(cc(c2=O)C(=O)O)CC,0
C1(=C(NC(=C([C@H]1c1cccc(c1)N(=O)=O)C(=O)OCC)C)C)C(=O)OC,0
C1(=C(NC(=C([C@H]1c1cccc(c1)N(=O)=O)C(=O)OCC)C)C)C(=O)OC,0
C1CCO[P@@](=O)(N1CCCl)NCCCl,0
C(CCn1nc(n(c1=O)CCOc1ccccc1)CC)N1CCN(CC1)c1cccc(c1)Cl,0
C1C[C@@H](C(=O)N2[C@H](C(=O)O)CCC[C@@H]2S1)NC(=O)[C@@H](S)Cc1ccccc1,0
c1ccc2c(c1)N(c1c(S2)ccc(c1)SC)CC[C@H]1N(CCCC1)C,0
c12c(cc3c(c1)[C@H]([C@@H]1[C@@H]([C@@H]3c3cc(c(c(c3)OC)O)OC)C(=O)OC1)O[C@H]1[C@H](O)[C@@H](O)[C@H]3[C@H](O1)CO[C@H](O3)C)OCO2,0
c1cc(ccc1[C@H](C(=O)O)C)CC(C)C,0
c1cc(ccc1N\C(=N\C(=N/C(C)C)N)N)Cl,0
[C@@H]12CC(=O)[C@@H](CN1C(=O)[C@@H](N(C)C(=O)[C@@H]1CCCN1C(=O)[C@@H](NC(=O)[C@H]([C@H](OC(=O)[C@@H](NC2=O)c1ccccc1)C)NC(=O)c1c(cccn1)O)CC)Cc1ccc(cc1)N(C)C)CS[C@@H]1CN2CCC1CC2,0
c1(cc(n2c(n1)ncn2)N(CC)CC)C,0
c1ccc2c3c1C1=C[C@H](CN([C@@H]1Cc3c([nH]2)Br)C)C(=O)N[C@]1(C(C)C)O[C@]2([C@@H]3CCCN3C(=O)[C@@H](N2C1=O)CC(C)C)O,0
C1CC[C@H](c2ccc(cc2)C#N)n2c1cnc2,0
c1(c2c3c(cc1)C[C@H]1N(CC[C@@]43[C@@]31C[C@@H]([C@]([C@H]4O2)(OC)CC3)[C@](C(C)(C)C)(C)O)CC1CC1)O,0
n1(c2c(nc3c1cccc3)cc(c(=N\C(C)C)/c2)Nc1ccc(cc1)Cl)c1ccc(cc1)Cl,0
c1(C[C@](NC(=O)CN)(c2ccccc2)C)ccccc1,0
C1(C(=O)N(C(=O)N1)COP(=O)(O)O)(c1ccccc1)c1ccccc1,0
c1(cc(ccc1Cl)C)OC[C@@H](O)CNC(C)(C)C,0
[C@H]12[C@]34[C@H](O[C@@H]([C@@H]2C)OC(=O)CCC(=O)O)O[C@](CC[C@H]4[C@@H](CC1)C)(C)OO3,0
O(C(CON(=O)=O)CON(=O)=O)N(=O)=O,0
c1(c2c(cc(c1N1C[C@H](NCC1)C)F)c(=O)c(cn2CC)C(=O)O)F,0
C(C)CC(CCC)C(=O)O,0
c1c(ccc(c1)S(=O)(=O)Nc1ncccc1)N,0
c1c(ccc(c1)S(=O)(=O)Nc1noc(c1C)C)N,0
[C@@H]1([C@@H]([C@@]23CC[C@@H]([C@]([C@@H](C[C@]1(CC)C)OC(=O)CSc1n[nH]c(n1)N)(C)[C@@H]2C(=O)CC3)C)C)O,0
[C@@H]12[C@](CC[C@@H](C2)O[C@@H]2O[C@H](C)[C@H]([C@H](C2)O)O[C@H]2C[C@H](O)[C@@H]([C@H](O2)C)O[C@H]2C[C@H](O)[C@@H]([C@H](O2)C)O)([C@@H]2[C@H]([C@@]3([C@@]([C@@H](C2)O)(C)[C@H](CC3)C2=CC(=O)OC2)O)CC1)C,0
c1(ccccc1Cl)C(n1ccnc1)(c1ccccc1)c1ccccc1,0
c1ccc2c(c1)C(=O)Cc1c(N2C(=O)N)cccc1,0
C1(=O)[C@H]([C@@H]2N1[C@H](C(S2)(C)C)C(=O)O)NC(=O)c1c(noc1C)c1c(cccc1F)Cl,0
c1(ccc2c(c1)CC[C@@H]1[C@@H]2CC[C@]2([C@H]1CC[C@@]2(O)C#C)C)O,0
n1c(cccc1)[C@@H](c1ccc(cc1)Cl)CCN(C)C,0
C12=CC(=O)C=C([C@@]1([C@@H]1[C@H]([C@H]3[C@@](CC1)(C)C(=O)CC3)CC2)C)C,0
c1ccc2c(c1)Sc1c(N2CCCN2CCN(CC2)CCO)cc(cc1)C(F)(F)F,0
[C@@H]1([C@H](O[C@H]2[C@](C[C@@H](C)C(=O)[C@@H]([C@H]([C@@]([C@H](OC(=O)[C@@H]([C@H]([C@@H]2C)O[C@@H]2O[C@@H](C)[C@@H]([C@@](C2)(OC)C)O)C)CC)(O)C)O)C)(C)O)O[C@@H](C[C@@H]1N(C)C)C)O,0
c12c(C[C@]3(C(=C1)CC[C@@H]1[C@@H]3CC[C@]3([C@H]1CC[C@@]3(O)C#C)C)C)cno2,0
N(N)C(=O)c1ccncc1,0
n1(c(=O)n(c2c(c1=O)[nH]c(n2)C)Cc1ccco1)C,0
N(C(=O)[C@H](C)N[C@@H](CCc1ccccc1)C(=O)OCC)(C1Cc2c(C1)cccc2)CC(=O)O,0
[C@@H](c1ccccc1Cl)([C@H]1C(=CC(=O)O1)OC)O,0
C1(=C(NC(=C([C@H]1c1cccc(c1Cl)Cl)C(=O)OCC)C)C)C(=O)OC,0
c12c(c(ccc1O)O)C(=O)c1c(c(ccc1NCCNCCO)NCCNCCO)C2=O,0
[C@@H](N1CCN(CC1)CCOCC(=O)O)(c1ccccc1)c1ccc(cc1)Cl,0
[C@@H]1([C@H](OCCN1Cc1n[nH]c(=O)[nH]1)O[C@@H](c1cc(cc(c1)C(F)(F)F)C(F)(F)F)C)c1ccc(cc1)F,0
c12c(c3c([nH]1)cc(cc3)OC)CCN1[C@@H]2C[C@H]2[C@@H](C1)C[C@H]([C@@H]([C@H]2C(=O)OC)OC)OC(=O)c1cc(c(c(c1)OC)OC)OC,0
n1c(cnc(c1)C)C(=O)NCCc1ccc(cc1)S(=O)(=O)NC(=O)NC1CCCCC1,0
O(C(=O)N)Cc1nc(c(n1Cc1ccncc1)Sc1cc(cc(c1)Cl)Cl)C(C)C,0
n1c([nH]c2c1cccc2)CCCN(C)CC[C@]1(CCc2c([C@@H]1C(C)C)ccc(c2)F)OC(=O)COC,0
c1n(c(nc1)S)C,0
C([C@]1(C(=O)NC(=O)C1)C)C,0
[C@H](C(OC(F)F)(F)F)(F)Cl,0
c1(nc(nc(c1Oc1ccccc1OC)NS(=O)(=O)c1ncc(cc1)C(C)C)c1cc(ncc1)c1nn[nH]n1)OCCO,0
c1([C@H](c2ccc(cc2)Cl)n2cncn2)cc2c(cc1)nnn2C,0
O(c1ccc(cc1)C(=N)N)CCCCCOc1ccc(cc1)C(=N)N,0
c1(ccccc1OC)OC[C@@H](O)CN1CCN(CC1)CC(=O)Nc1c(cccc1C)C,0
c1(c(nc[nH]1)C(=O)N)/N=N\N(C)C,0
c1(ccccn1)/C(=C\CN1CCCC1)c1ccc(cc1)C,0
c1nc(nc2c1C[C@@H]1[C@@H](C2)CCCN1CCC)N,0
c1(c(nc[nH]1)C(=O)N)/N=N\N(C)C,0
c12ccccc1oc(=O)c(c2O)[C@H](c1ccc(cc1)N(=O)=O)CC(=O)C,0
C1(=O)CC[C@]2(C(=C1)CC[C@@H]1[C@@H]2CC[C@]2([C@H]1CCC2=O)C)CC#C,0
C1N(Cc2cccc(c2)OCCCNC(=O)CO)CCCC1,0
c1ccc2c(c1)ccc(=O)o2,0
c1c([C@H](Oc2ccc(cc2)C(F)(F)F)CCN)cccc1,0
c1c2c(cc(c1)Cl)nccc2N[C@@H](C)CCCN(CCO)CC,0
c12ccccc1c(=O)c(c(n2C)O)C(=O)N(C)c1ccccc1,0
c1c(=O)oc2c(c1)cc1c(c2OC)occ1,0
c1c2c(nc(c1)C)n(cc(c2=O)C(=O)O)CC,0
NN=O,0
n1(cc(F)c(=O)[nH]c1=O)[C@@H]1CCCO1,0
c1ccc2c(c1)N(c1c(S2)ccc(c1)SC)CC[C@H]1N(CCCC1)C,0
C1(=O)OC[C@@H]([C@@H]1CC)Cc1cncn1C,0
c1ccc2c(c1)Nc1c(C(=N2)N2CCN(CC2)C)cc(s1)C,0
c1(=O)n(c(=O)[nH]c2c1n(cn2)C)C,0
c1(ccccc1C(=O)CCc1ccccc1)OC[C@@H](O)CNC(C)(CC)C,0
c1cccc(c1)Cc1c(c(=O)[nH]c(=O)n1COCC)C(C)C,0
C1(=C(NC(=C(C1c1cccc(c1)N(=O)=O)C(=O)OCCOCCC)C)C)C(=O)OCCOCCC,0
C1CC(c2ccc(cc2)Cl)CCC1C1=C(c2c(C(=O)C1=O)cccc2)O,0
C1(=O)C=C2[C@](C=C1)([C@@H]1[C@H]([C@H]3[C@@](CC1)(C)C(=O)CC3)CC2=C)C,0
c1cccc(c1C(=O)O)OC(=O)C,0
[C@H](C(OC(F)F)(F)F)(F)Cl,0
c1cc(ccc1C(=O)O)S(=O)(=O)N(CCC)CCC,0
c12c(c(c(cc2CC[C@@H](c2c1ccc(c(=O)c2)OC)NC(=O)C)OC)OC)OC,0
C1(=O)CC[C@]2(C(=C1)[C@H](C[C@@H]1[C@@H]2CC[C@]2([C@H]1CC[C@@]2(C(=O)C)O)C)C)C,0
C1=C(CN(CC1)C)/C=N\OC,0
c1c(Cl)ccc2c1C(=NCC(=O)N2)c1ccccc1,0
c12cccnc1/C(=C1\CCN(CC1)C)c1c(CC2)cccc1,0
C1(=O)C=C2[C@](CC1)([C@@H]1[C@H]([C@H]3[C@@](CC1)(C)[C@]1([C@@H]4[C@H]3C4)OC(=O)CC1)[C@@H]1[C@H]2C1)C,0
c1([C@H]2C(=O)N(C(=O)C2)C)ccccc1,0
C([C@@]([C@H](c1ncncc1F)C)(c1ccc(cc1F)F)O)n1cncn1,0
c1c2c(c(c(c1N1C[C@H](NCC1)C)F)C)c(=O)c(cn2C1CC1)C(=O)O,0
c1(c(cc(cc1)N1C(=O)NC(C1=O)(C)C)C(F)(F)F)N(=O)=O,0
C1[C@](C[C@H]2[C@@](C1)(C)[C@H]1CC[C@]3([C@H]([C@@H]1CC2)CC[C@@H]3C(=O)C)C)(O)C,0
c1([C@@H](c2ccccc2)n2ccnc2)ccc(cc1)c1ccccc1,0
c1c(c(c(cc1)Cl)/C=N\NC(=N)N)Cl,0
c1(ccccc1)CN(C)CC#C,0
c1ccc2c(c1)Sc1c(C/2=C\CCN2CCN(CC2)CCO)cc(cc1)Cl,0
C1(=C(NC(=C([C@H]1c1c2c(ccc1)non2)C(=O)OC(C)C)C)C)C(=O)OC,0
c12n(C[C@H](OCP(=O)(O)O)C)cnc1c(ncn2)N,0
C(C)(C)(Oc1ccc(cc1)Cl)C(=O)OCC,0
c12c(cccc1)nc([nH]2)c1cscn1,0
C(C(OC)(F)F)(Cl)Cl,0
C1C[C@H](N(C1)C(=O)[C@@H](CS)C)C(=O)O,0
C1(=NC2(C(=O)N1Cc1ccc(cc1)c1c(cccc1)c1[nH]nnn1)CCCC2)CCCC,0
C1(=O)NC(=O)C(C(=O)N1)(CC=C)[C@H](CCC)C,0
c1(c(cc(cc1)[C@H](C(=O)O)C)F)c1ccccc1,0
c1cc(cc(c1O)CO)[C@@H](CNC(C)(C)C)O,0
c1(cccc(c1)N(=O)=O)[C@@H]1C(=C(NC(=C1C(=O)O[C@@H]1CCCN(C1)Cc1ccccc1)C)C)C(=O)OC,0
C1CC2[C@@]3(CN1CC2)O[C@@H](SC3)C,0
CC(=O)C,0