Smiles,Activity
Oc1cc(O)c2c(=O)c(O)c(oc2c1)c1cc(OC)c(OC)c(OC)c1,1
COc1cc2c(oc(c(OC)c2=O)c2cc(OC)c(OC)cc2)cc1,1
Oc1ccc2c(=O)c(O)c(oc2c1)c1cc(OC)c(OC)cc1,1
COc1c(OC)cc(cc1)c1cc(=O)c2ccccc2o1,1
NC(\[NH]=C(\N)N)=[NH]\c1ccc(Cl)cc1,0
COc1cc2c(c(=O)cc(o2)c2cc(OC)c(OC)cc2)c(OC)c1OC,1
COc1cc(cc(OC)c1OC)c1cc(=O)c2c(OC)c(OC)c(OC)cc2o1,1
COc1cc2c(c(=O)cc(o2)c2cc(OC)c(OC)c(OC)c2)c(OC)c1,1
COc1cc2c(cc1)c(=O)cc(o2)c1cc(OC)c(OC)cc1,1
O[C@H](COc1cccc2c1c1ccccc1[nH]2)CNCCOc1ccccc1OC,1
OC(=O)c1cn(C2CC2)c2cc(N3CCNCC3)c(F)cc2c1=O,0
N(c1ccc(Cl)cc1)c\1cc2nc3ccccc3n(c3ccc(Cl)cc3)c2cc1=N\C(C)C,1
N1CCCOP1(=O)N(CCCl)CCCl,0
COc1ccc2C[C@@H]3[C@@H]4CCCC[C@]4(CCN3C)c2c1,0
OCCN1CCN(CCCN2c3ccccc3Sc3ccc(cc23)C(F)(F)F)CC1,1
COc1cc(cc(OC)c1OC)[C@@](CCCN(C)CCc1cc(OC)c(OC)cc1)(C#N)C(C)C,1
N(C(=O)CN(CC)CC)c1c(C)cccc1C,0
COc1c(OC)cc(cc1)c1cc(=O)c2c(OC)c(OC)c(OC)c(OC)c2o1,1
N(CCC[C@](C#N)(C(C)C)c1cc(OC)c(OC)cc1)CCc1cc(OC)c(OC)cc1,1
Oc1ccc(cc1)N(=O)=O,0
O[C@H](CC[C@H]1[C@H](C)C=CC2=C[C@@H](O)C[C@H](OC(=O)[C@H](C)CC)[C@H]12)C[C@@H](O)CC(=O)O,0
[nH]1c2cc(OC)ccc2c2c1[C@H]1C[C@@H]3[C@@H](C[C@H](OC(=O)c4cc(OC)c(OC)c(OC)c4)[C@H](OC)[C@H]3C(=O)OC)CN1CC2,1
COc1cc(cc(OC)c1OC)C(=O)C(=O)N1CCCC[C@H]1C(=O)OC(CCCc1cnccc1)CCCc1cnccc1,1
[nH]1c(CCCN(C)CC[C@@]2(CCc3cc(F)ccc3[C@@H]2C(C)C)OC(=O)COC)nc2ccccc12,1
O[C@H](CCn1c(C(C)C)c(C(=O)Nc2ccccc2)c(c1c1ccc(F)cc1)c1ccccc1)C[C@@H](O)CC(=O)O,0
O[C@@H]1C[C@H](CCn2c(C(C)C)c(C(=O)Nc3ccccc3)c(c2c2ccc(F)cc2)c2ccccc2)OC(=O)C1,1
O[C@H]1C[C@@H](CC[C@H]2[C@H](C)C=CC3=C[C@@H](C)C[C@H](OC(=O)C(C)(C)CC)[C@H]23)OC(=O)C1,1
O[C@H](CN(CC(C)C)S(=O)(=O)c1ccc(cc1)N)[C@@H](Cc1ccccc1)NC(=O)O[C@H]1CCOC1,0
N([C@@H]1CCc2cc(OC)c(OC)c(OC)c2[C@H]2CC[C@@H](OC)C(=O)C[C@H]12)C(C)=O,0
C1C[C@@H]2C([C@@]3(C1=CC(C=C3)=C)C)([C@H](C[C@]1([C@H]2C[C@H]([C@@]1(C(=O)CO)O)C)C)O)F,0
CN(C)CCOC(c1ccccc1)c1ccccc1,0
O[C@H](C[C@H](Cc1ccccc1)C(=O)N[C@H]1[C@@H](O)Cc2ccccc12)CN1CCN(Cc2cccnc2)C[C@H]1C(=O)NC(C)(C)C,0
CC(=O)N1CCN(CC1)c1ccc(OC[C@@H]2CO[C@](Cn3ccnc3)(O2)c2ccc(Cl)cc2Cl)cc1,1
O[C@H](COc1cccc2c1cccc2)CNC(C)C,0
Nc1nc2nc(N)c(nc2c(n1)N)c1ccccc1,0
Nc1ncc(Cc2cc(OC)c(OC)c(OC)c2)c(n1)N,0
CN1c2ccc(Cl)cc2C(=NCC1=O)c1ccccc1,0
N1C(=O)C[C@@](C)(CC)C1=O,0
CN1CC[C@]23[C@@H]4[C@H]1Cc1c2c(c(cc1)OC)O[C@H]3C(=O)CC4,0
Nc1nc(N)c(nn1)c1c(Cl)c(Cl)ccc1,0
OC1(CCN(CCC(C(=O)N(C)C)(c2ccccc2)c2ccccc2)CC1)c1ccc(Cl)cc1,1
CCOC(=O)N1CC\C(CC1)=C1\c2ccc(Cl)cc2CCc2cccnc12,1
N1CCCC[C@@H]1[C@H](C(=O)OC)c1ccccc1,0
Nc1c(Cl)cc(C(=O)NCCN(CC)CC)c(OC)c1,0
O[C@@H]1C=C[C@H]2[C@@H]3Cc4ccc(O)c5c4[C@]2(CCN3C)[C@H]1O5,0
N1C(=O)NC(C1=O)(c1ccccc1)c1ccccc1,0
Nc1nc(nc2c1cc(OC)c(OC)c2)N1CCN(CC1)C(=O)c1ccco1,0
OCC(=O)[C@]1(O)CC[C@@H]2[C@@H]3CCC4=CC(=O)C=C[C@@]4(C)[C@@H]3C(=O)C[C@@]12C,0
C#CCN(C)[C@@H](C)Cc1ccccc1,0
NS(=O)(=O)c1ccc(OC)c(c1)C(=O)NC[C@@H]1CCCN1CC,0
OC1(CCCCC1)[C@@H](CN(C)C)c1ccc(OC)cc1,0
CN(C)C(=O)Cc1c(nc2ccc(C)cn12)c1ccc(C)cc1,0
c1(c(c(cc(c1C(O[C@H]1CCN(C1)Cc1ccccc1)=O)C)C)C(OC)=O)c1cccc(c1)[N](O)=O,1
N1C(C)=C([C@@H](c2cccc(c2)N(=O)=O)C(C(=O)O[C@H]2CCCN(Cc3ccccc3)C2)=C1C)C(=O)OC,1
N1CCC[C@@H](CC1)n1nc(Cc2ccc(Cl)cc2)c2ccccc2c1=O,1
N1C(C)=C([C@H](c2cc(ccc2)N(=O)=O)C(C(=O)OCCN2CCN(CC2)C(c2ccccc2)c2ccccc2)=C1C)C(=O)OC,1
O[C@@H]([C@@H]1C[C@@H]2CCN1C[C@@H]2C=C)c1ccnc2ccc(OC)cc12,1
OC(=O)CCC(=O)O[C@H]1O[C@H]2O[C@@]3(C)CC[C@H]4[C@H](C)CC[C@@H]([C@H]1C)[C@@]24OO3,0
Oc1ccc(cc1)c1coc2cc(O)ccc2c1=O,0
Oc1c(CNCC)cc(cc1)Nc1ccnc2cc(Cl)ccc12,1
Oc1c2C(=O)C=C(C(=O)c2cc(C)c1)c1c(C)cc2C(=O)C=CC(=O)c2c1O,0
Oc1cc2c3c(oc(=O)c4cc(O)c(O)c(oc2=O)c34)c1O,0
OC(=O)\C=C\c1cc(OC)c(O)cc1,0
O=c1cc(oc2ccccc12)c1ccccc1,1
Oc1ccc(cc1)c1coc2cc(O)cc(O)c2c1=O,0
OC[C@H]1O[C@@H](Oc2cccc3cc4c(C(=O)OC4)c(O)c23)[C@@H](O)[C@H](O)[C@@H]1O,0
O[C@H](C(Cl)(Cl)Cl)P(=O)(OC)OC,0
O[C@H]([C@H]1C[C@H]2CCN1C[C@H]2C=C)c1ccnc2ccc(OC)cc12,1
O[C@H](COc1cccc2c1cccn2)CN1CCN(CC1)C1c2ccccc2[C@H]2[C@H](c3c1cccc3)C2(F)F,1
O[C@@H](CN1CCN(CC1)C(c1ccccc1)c1ccccc1)c1cc(OC)c(OC)cc1,1
N(C1CCN(CCc2ccc(OC)cc2)CC1)c1nc2ccccc2n1Cc1ccc(F)cc1,1
Clc1ccccc1C(n1ccnc1)(c1ccccc1)c1ccccc1,1
[nH]1c(=O)n(C2CCN(CCCC(c3ccc(F)cc3)c3ccc(F)cc3)CC2)c2ccccc12,1
O[C@H](CN1C[C@@H]2CCCC[C@H]2C[C@@H]1C(=O)NC(C)(C)C)[C@H](Cc1ccccc1)NC(=O)[C@@H](CC(=O)N)NC(=O)c1nc2ccccc2cc1,1
CC1=C([C@@H](C(=C(N1)C)C(=O)OCCCN1CCC(CC1)(c1ccccc1)c1ccccc1)c1cc(ccc1)N(=O)=O)C(=O)OC,1
O[C@@H](COc1ccccc1C(=O)CCc1ccccc1)CNCCC,1
OC(=O)CC[C@H](NC(=O)c1ccc(Cl)c(Cl)c1)C(=O)N(CCCCC)CCCOC,1
N1C(=O)CCc2c1ccc(OCCCCc1nnnn1C1CCCCC1)c2,1
CC(C)COC[C@H](CN(Cc1ccccc1)c1ccccc1)N1CCCC1,1
Cc1c2c(c(c3c1ccnc3)C)c1ccccc1[nH]2,0
c1cc(ccc1O)[C@H](CC)[C@H](CC)c1ccc(O)cc1,0
Cc1c(c(ccc1)C)NC(=O)CN1CCN(CC1)CCCC(c1ccc(cc1)F)c1ccc(cc1)F,0
O[C@H]1C[C@]2(C)[C@H](C[C@H](C)[C@]2(OC(=O)c2ccco2)C(=O)CCl)[C@H]2CCC3=CC(=O)C=C[C@@]3(C)[C@]12Cl,1
[nH]1c2cc(OC)ccc2c2c1[C@H]1C[C@H]3[C@@H](C[C@@H](OC(=O)\C=C\c4cc(OC)c(OC)c(OC)c4)[C@@H](OC)[C@@H]3C(=O)OC)CN1CC2,1
N(C)CCC[C@@](C#N)(C(C)C)c1cc(OC)c(OC)cc1,0
NCCC[C@@](C#N)(C(C)C)c1cc(OC)c(OC)cc1,0
Oc1c(OC)cc(cc1)[C@@](CCCN(C)CCc1cc(OC)c(OC)cc1)(C#N)C(C)C,1
N(C)\C(=[NH]/CCSCc1c(C)nc[nH]1)NC#N,0
COc1ccc(cc1)[C@H]1Sc2ccccc2N(CCN(C)C)C(=O)[C@@H]1OC(C)=O,1
OCCN(CCO)c1nc2c(nc(nc2N2CCCCC2)N(CCO)CCO)c(n1)N1CCCCC1,1
OCC(=O)[C@]1(O)C[C@H](O[C@H]2C[C@@H](N)[C@H](O)[C@@H](C)O2)c2c(O)c3c(C(=O)c4cccc(OC)c4C3=O)c(O)c2C1,0
[nH]1cc(CCS(=O)(=O)c2ccccc2)c2cc(C[C@@H]3CCCN3C)ccc12,0
O[C@@H]1[C@H](O[C@@H]2[C@H]3COC(=O)[C@@H]3[C@@H](c3cc(OC)c(O)c(OC)c3)c3cc4c(OCO4)cc23)O[C@@H]2CO[C@@H](C)O[C@H]2[C@H]1O,0
N(C(=O)c1cccc2c1[nH]c1c(cccc1OC)c2=O)c1ccc(CCN2CCc3cc(OC)c(OC)cc3C2)cc1,1
[nH]1c2cc(ccc2nc1c1ccc2nc([nH]c2c1)c1ccc(OCC)cc1)N1CCN(C)CC1,0
N(C(=O)OC)c1nc2ccc(cc2[nH]1)C(=O)c1ccccc1,1
Cc1ncc2CN=C(c3ccccc3F)c3cc(Cl)ccc3n12,1
OC[C@]1(O)O[C@H]([C@H]2C[C@H](C)[C@H](O2)[C@]2(CC)CC[C@@H](O2)[C@]2(C)CC[C@@]3(C[C@@H](O)[C@@H](C)[C@H](O3)[C@H](C)[C@@H](OC)[C@@H](C)C(=O)O)O2)[C@H](C)C[C@@H]1C,1
N1C(C)=C([C@@H](c2cccc(c2)N(=O)=O)C(C(=O)OCC)=C1C)C(=O)OC,1
O[C@H](COc1ccc(cc1)NC(C)=O)CNC(C)C,0
OC[C@H]1O[C@@H]([C@H](O)[C@@H]1NC(=O)[C@@H](Cc1ccc(OC)cc1)N)n1cnc2c1ncnc2N(C)C,0
CN(C)C(=O)OC1=C[N](C)=CC=C1,0
O[C@@H]1CC[C@@H]2C3CCC4=CC(=O)CC[C@@]4(C)[C@@H]3CC[C@@]12C,1
O[C@H]1CC[C@H]2CN3CCc4c([nH]c5ccccc45)[C@H]3C[C@@H]2[C@H]1C(=O)OC,0
OC(=O)\C=C\c1nc(ccc1)\C(=C\CN1CCCC1)c1ccc(C)cc1,0
NC12CC3CC(CC(C3)C1)C2,0
CN(C)CC\C=C1\c2ccccc2CCc2c1cccc2,1
Cn1n(c(=O)cc1C)c1ccccc1,0
O[C@@H](COc1ccc(CC(=O)N)cc1)CNC(C)C,0
O[C@@](CCN1CCCCC1)([C@H]1C[C@H]2C[C@@H]1C=C2)c1ccccc1,0
O[C@]12O[C@@](NC(=O)[C@@H]3CN(C)[C@@H]4Cc5c(Br)[nH]c6cccc(c56)C4=C3)(C(C)C)C(=O)N1[C@@H](CC(C)C)C(=O)N1CCCC21,1
NC(=O)N1c2ccccc2C=Cc2ccccc12,0
OC(=O)COCCN1CCN(CC1)[C@@H](c1ccccc1)c1ccc(Cl)cc1,0
CN(C)CCCN1c2ccccc2Sc2ccc(Cl)cc12,1
CN(C)CC\C=C1\c2ccccc2Sc2c1cc(cc2)Cl,1
CN1CCC[C@H]1CCO[C@](C)(c1ccccc1)c1ccc(Cl)cc1,1
CN(C)CCCN1c2ccccc2CCc2c1cc(cc2)Cl,1
N(C1=NCCN1)c1c(Cl)cccc1Cl,0
CN(C)CCO[C@@](C)(c1ccccc1)c1ccccn1,0
CCOC(=O)c1c2CN(C)C(=O)c3cc(F)ccc3n2cn1,0
[NH2]=C(N)N\N=C\c1c(Cl)cccc1Cl,0
[NH2]=C(N)NC(=O)Cc1c(Cl)cccc1Cl,0
CN(C)CCCN1c2ccccc2CCc2ccccc12,0
OC(=O)Cc1c(C)n(C(=O)c2ccc(Cl)cc2)c2ccc(OC)cc12,0
N(C)[C@]1(CCCCC1=O)c1ccccc1Cl,0
O[C@H](CN[C@H](C)CCc1ccccc1)c1ccc(O)c(c1)C(=O)N,0
COc1ccc2Sc3ccccc3N(C[C@@H](C)CN(C)C)c2c1,1
OC[C@@H](O)[C@@H](O)[C@H](O)[C@H](O)CO,0
N(C)CCCC12CCC(c3ccccc13)c1ccccc21,1
NC(=O)OCC(C)(CCC)COC(=O)N,0
C([C@H]1CN2CCC1CC2)N1c2ccccc2Sc2c1cccc2,1
OC[C@H](CC)NC(=O)[C@@H]1CN(C)[C@H]2Cc3cn(C)c4cccc(c34)C2=C1,0
O[C@H](COc1ccc(CCOC)cc1)CNC(C)C,0
N[C@H](C)COc1c(C)cccc1C,0
O[C@H]1CC[C@@]2(O)[C@@H]3Cc4c5c(O[C@@H]1[C@]25CCN3CC1CCC1)c(O)cc4,0
Oc1ccc2C[C@@H]3N(CC=C)CC[C@]45[C@@H](Oc1c24)C(=O)CC[C@@]35O,0
Oc1c2O[C@H]3C(=O)CC[C@@]4(O)[C@@H]5Cc(cc1)c2[C@]34CCN5CC1CC1,0
O[C@H](CN1C[C@H]2CCCC[C@H]2C[C@H]1C(=O)NC(C)(C)C)[C@H](CSc1ccccc1)NC(=O)c1c(C)c(O)ccc1,1
CN(C)C(=O)Oc1cccc(c1)[N](C)(C)C,0
N1c2ccc(cc2C(=NCC1=O)c1ccccc1)N(=O)=O,0
N1c2ccc(Cl)cc2C(=NCC1=O)c1ccccc1,0
COc1c(OC)c2c(cc1)[C@H](OC2=O)[C@@H]1N(C)CCc2cc3c(OCO3)c(OC)c12,1
O[C@@H](COc1ccccc1OCC=C)CNC(C)C,0
OCCN1CCN(CCCN2c3ccccc3Sc3ccc(Cl)cc23)CC1,1
N(C)CC[C@H](c1ccccc1)c1ccccn1,0
N1c2cccnc2N(C(=O)CN2CCN(C)CC2)c2ccccc2C1=O,0
Cc1c(CCN2CCC(CC2)c2noc3c2ccc(F)c3)c(=O)n2CCCCc2n1,1
OC[C@H](C(=O)OC1C[C@H]2[C@@H]3O[C@@H]3[C@@H](C1)N2C)c1ccccc1,0
OC(=O)c1cc(ccc1O)\N=N\c1ccc(cc1)S(=O)(=O)Nc1ccccn1,0
N(C)S(=O)(=O)Cc1ccc2[nH]cc(CCN(C)C)c2c1,0
Nc1c2CCCCc2nc2ccccc12,0
Oc1ccc2[nH]cc(CCCCN3CCC(=CC3)c3ccccc3)c2c1,1
Oc1c([C@@H](CC(C)=O)c2ccccc2)c(=O)oc2ccccc12,0
CN(C)C\C=C(\c1ccc(Br)cc1)c1cnccc1,0
[nH]1cc(CCN(C)C)c2cc(C[C@H]3COC(=O)N3)ccc12,0
Oc1cc(CCCCC)cc(O)c1[C@H]1C=C(C)CC[C@H]1C(C)=C,1
O[C@H]1C(=C[C@@H]2C(O[C@@H]3C[C@H](CC=C(C[C@H](C=CC=C4CO[C@H]1[C@@]24O)C)C)O[C@]1(C3)C\C(=N\OC)[C@H](C)[C@H](O1)\C(C)=C\C(C)C)=O)C,1
c1cc2c(cc1Cl)[nH]c(=O)o2,0
OCC(=O)[C@]1(O)CC[C@@H]2[C@@H]3CCC4=CC(=O)CC[C@H]4[C@@H]3C(=O)C[C@]12C,1
CCC(=O)N(c1ccccc1)C1(CCN(CC1)CCc1cccs1)COC,1
CC\C(c1ccccc1)=C(\c1ccccc1)c1ccc(OCCN(C)C)cc1,1
c12ccccc1c1c([nH]2)cccc1OC[C@@H](O)CNCCOc1ccc(O)cc1OC,0
c12ccccc1c1c([nH]2)cccc1OC[C@@H](O)CNCCOc1cc(O)ccc1OC,0
CCCC(=O)Nc1cc(c(cc1)OC[C@@H](CNC(C)C)O)C(=O)C,0
[NH2]=C(N)N1CCc2ccccc2C1,0
CC(C)NC[C@H](COc1c(cc(cc1)NC(=O)C)C(=O)C)O,0
C[C@H](CCc1ccccc1)NC[C@@H](c1cc(c(cc1)O)C(=O)N)O,0
c1c(ccc2c1sc(c1ccc(cc1)S(=O)(=O)CCCC)c2C(=O)c1ccc(OCCN2CCCCC2)cc1)OS(=O)(=O)CCCC,1
C1(c2ccccc2C2C(c3c1cccc3)C2(F)F)N1CCN(CC1)C[C@@H](COc1c2c(ccc1)nccc2)O,1
C1(c2ccccc2C2C(c3c1cccc3)C2(F)F)N1CCN(CC1)C[C@H](COc1c2c(ccc1)nccc2)O,1
C1(c2ccccc2C2C(c3c1cccc3)C2(Cl)Cl)N1CCN(CC1)C[C@@H](COc1c2c(ccc1)nccc2)O,1
C1(c2ccccc2C2C(c3c1cccc3)C2(Cl)Cl)N1CCN(CC1)C[C@H](COc1c2c(ccc1)nccc2)O,1
c12ccccc1C(N1CCN(CC1)C[C@H](O)COc1cccc3ncccc13)c1ccccc1[C@H]1[C@@H]2C1,1
c12ccccc1C(N1CCN(CC1)C[C@@H](O)COc1cccc3ncccc13)c1ccccc1[C@H]1[C@@H]2C1(F)F,1
CC(C)[C@@](CCCNCCc1cc(c(cc1)OC)OC)(C#N)c1cc(c(c(c1)OC)OC)OC,1
CC(C)(C)NC[C@@H](COc1ccc(cc1)NC(=O)NC1CCCCC1)O,0
N(CCCC)C(=O)NS(=O)(=O)c1ccc(C)cc1,0
O[C@@H](COc1ccccc1CC=C)CNC(C)C,0
N(C)CCCN1c2ccccc2CCc2ccccc12,0
O[C@H](C[C@H](O)\C=C\c1c(c2ccccc2n1C(C)C)c1ccc(F)cc1)CC(=O)O,0
[nH]1c2ccc(OC(F)F)cc2nc1S(=O)Cc1c(OC)c(OC)ccn1,0
CCOc1c(OC)cc2c(c1)[C@H]1CN(C)CC[C@H]1N=C2c1ccc(cc1)C(=O)N(C(C)C)C(C)C,1
N(c1ccc(cc1)C1=N[C@@H]2CCN(C)C[C@@H]2c2c1cc(OC)c(OC)c2)S(=O)(=O)c1ccc(C)cc1,1
OC(=O)[C@@]1(C)CCc2c(C)c(O)c(C)c(C)c2O1,0
Oc1c([C@H](CC(C)=O)c2ccc(cc2)N(=O)=O)c(=O)c2ccccc2o1,0
Oc1ccc(cc1)NC(C)=O,0
ONC(C)=O,0
N(CC(=O)OCc1ccccc1)C(=O)[C@@H](CSC(C)=O)Cc1ccccc1,0
N\C(N\C(N)=[NH]\C[C@H](CC)CCCC)=[NH]/CCCCCC\[NH]=C(/N)N\C(N)=[NH]\C[C@H](CC)CCCC,1
NS(=O)(=O)c1c(Cl)cc2N[C@H](CSCC=C)NS(=O)(=O)c2c1,0
OC[C@@H]1O[C@@H](O[C@H]2[C@@H](C[C@@H](N)[C@H](O[C@H]3O[C@H](CN)[C@@H](O)[C@H](O)[C@@H]3O)[C@@H]2O)NC(=O)[C@@H](O)CCN)[C@@H](O)[C@@H](N)[C@H]1O,0
[nH]1cnc2c1c(=O)n(C)c(=O)n2C,0
CN(C)c1c(C)n(C)n(c1=O)c1ccccc1,0
N1CCN(CC1)C1=Nc2ccccc2Oc2ccc(Cl)cc12,1
OC(=O)[C@H]1N2[C@@H](SC1(C)C)[C@@H](NC(=O)[C@@H](N)c1ccc(O)cc1)C2=O,0
Nc1cc(c[nH]c1=O)c1ccncc1,0
N1CCN=C1CN(Cc1ccccc1)c1ccccc1,1
Oc1c(cccc1NC=O)C(=O)N[C@@H]1[C@H](C)OC(=O)[C@@H](CCCCCC)[C@H](OC(=O)CC(C)C)[C@H](C)OC1=O,0
CN1[C@H]2CC(C[C@@H]1[C@H]1O[C@@H]21)OC(=O)C(=C)c1ccccc1,0
OC[C@@H](O)[C@@H]1OC(O)=C(O)C1=O,0
CN1[C@@H]2CC[C@H]1CC(C2)OC(=O)[C@H](CO)c1ccccc1,0
O[C@@H]1CC(C)=C2[C@H]([C@@H]3OC(=O)[C@H](C)[C@H]13)C(C)=CC2=O,0
OC(=O)[C@@H]1N2[C@H](SC1(C)C)C(NC(=O)[C@@H](NC(=O)N1CCNC1=O)c1ccccc1)C2=O,0
CC(C)(C)NC[C@H](c1cc(cc(c1)OC(=O)N(C)C)OC(=O)N(C)C)O,0
NS(=O)(=O)c1cc2c(cc1C(F)(F)F)N[C@@H](Cc1ccccc1)NS2(=O)=O,0
N\C(=[NH]/Cc1ccccc1)NC(=O)c1c(nc(N)c(Cl)n1)N,0
CC(C)(C)CC(C)(C)c1ccc(OCCOCC[N](C)(C)Cc2ccccc2)cc1,1
NS(=O)(=O)c1c(Cl)cc2NC(CSCc3ccccc3)=NS(=O)(=O)c2c1,1
COc1c(OC)c2=C[N]3=C(C=c2cc1)c1cc2c(OCO2)cc1CC3,0
OC[C@@H]1O[C@@H]2[C@H](OC(=O)c3cc(O)c(OC)c(O)c23)[C@H](O)[C@@H]1O,0
N(C)CCc1ccccn1,0
C1C[C@@H]2C([C@@]3(C1=CC(C=C3)=C)C)([C@H](C[C@]1([C@H]2C[C@@H]([C@@]1(C(=O)CO)O)C)C)O)F,0
O[C@@H](COc1ccc(CCOCC2CC2)cc1)CNC(C)C,0
O[C@@H]1C[C@@H](C(=O)O)[N](C)(C)C1,0
O[C@@H]1CC[C@@]2(C)[C@H](CC[C@@]3(C)[C@@H]2CC[C@@H]2[C@H]4[C@@H](CC[C@]4(CC[C@@]32C)C(=O)O)C(C)=C)C1(C)C,0
CN1CCc2cc3c(OCO3)cc2[C@@H]1[C@H]1OC(=O)c2c1ccc1c2OCO1,0
CC(=O)Oc1ccc(cc1)C(c1ccc(OC(C)=O)cc1)c1ccccn1,0
Oc1c(OC)cc2c(C[C@@H]3N(C)CCc4cc(O)c(OC)c2c34)c1,0
CS(=O)(=O)OCCCCOS(C)(=O)=O,0
Nc1c(Br)cc(C(=O)NCCN(CC)CC)c(OC)c1,0
N(C(=O)[C@@H]1CCCCN1CCCC)c1c(C)cccc1C,0
N1[C@@H]2N(C)CC[C@@]3([C@H]4Nc5c(cccc5)[C@@]23CCN4C)c2ccccc12,0
O[C@]1(CC)C(=O)OCc2c1cc1n(Cc3c1nc1ccccc1c3)c2=O,0
COc1c(OC)c2c(C[C@@H]3N(CCc4cc5c(OCO5)cc34)C2)cc1,0
OC(=O)[C@@H](CCO\[NH]=C(\N)N)N,0
NC(=O)OCC[N](C)(C)C,0
OC(=O)[C@@H](C(=O)N[C@H]1[C@@H]2SC(C)(C)[C@H](N2C1=O)C(=O)O)c1ccccc1,0
OC(=O)CCC(=O)O[C@@H]1CC[C@]2(C)[C@H](CC[C@@]3(C)[C@@H]2C(=O)C=C2[C@@H]4C[C@](C)(CC[C@@]4(C)CC[C@]32C)C(=O)O)C1(C)C,1
CN(C)CCO[C@H](c1ccc(Cl)cc1)c1ccccn1,0
N(CCCl)C(=O)N(CCCl)N=O,0
OC(=O)C1=C(Cl)CS[C@@H]2[C@H](NC(=O)[C@H](N)c3ccccc3)C(=O)N12,0
OC(=O)C1=C(CSc2nnnn2C)CS[C@@H]2N1C(=O)[C@]2(OC)NC(=O)CSCC#N,0
OC(=O)C1=C(CSc2nnnn2C)CS[C@H]2[C@@H](NC(=O)[C@@H](NC(=O)N3CCN(CC)C(=O)C3=O)c3ccc(O)cc3)C(=O)N12,0
OC(=O)C1=C(COC(C)=O)CS[C@H]2[C@@H](NC(=O)\C(=N\OC)c3csc(n3)N)C(=O)N12,1
OC(=O)C1=C(COC(=O)N)CS[C@H]2N1C([C@H]2NC(=O)\C(=N\OC)c1ccco1)=O,0
OC(=N)c1cc(=O)c(=O)c2=c1[nH]c1c(o2)cc(cc1)N(CC)CC,0
OC(=O)C1=C(COC(C)=O)CS[C@H]2[C@@H](NC(=O)Cc3cccs3)C(=O)N12,0
OC(=O)C1=C(COC(C)=O)CS[C@@H]2[C@@H](NC(=O)CSc3ccncc3)C(=O)N12,0
O[C@@H]1CC[C@@]2(C)[C@H](C1)C[C@H](O)C1[C@@H]3CC[C@@H]([C@H](C)CCC(=O)O)[C@@]3(C)CC[C@H]21,1
N\C(=[NH]\CCCCCC\[NH]=C(/N)\[NH]=C(/N)Nc1ccc(Cl)cc1)\[NH]=C(\N)Nc1ccc(Cl)cc1,1
CN1[C@H](c2ccc(Cl)cc2)S(=O)(=O)CCC1=O,0
O[C@@H]1C[C@@](O)(C[C@H](OC(=O)\C=C\c2cc(O)c(O)cc2)[C@H]1O)C(=O)O,0
COc1ccc(cc1)\C(Cl)=C(\c1ccc(OC)cc1)c1ccc(OC)cc1,0
O[C@H](COC(=O)N)COc1ccc(Cl)cc1,1
N(CCC)C(=O)NS(=O)(=O)c1ccc(Cl)cc1,0
O[C@@]1(NC(=O)c2ccccc12)c1cc(c(Cl)cc1)S(=O)(=O)N,0
NS(=O)(=O)c1c(Cl)cc2NC=NS(=O)(=O)c2c1,0
O=C1C=CC(=O)c2c1ccc1c2ccc2ccccc12,0
N(CCCCN1CCN(CC1)c1ccccc1OC)C(=O)c1cc2ccccc2cc1,0
OC(=O)c1nn(CC)c2cc3c(OCO3)cc2c1=O,0
N([C@@H]1CCSC1=O)C(C)=O,0
O[C@H](CNC(C)(C)C)c1cc(Cl)c(N)c(Cl)c1,0
OC(C(=O)O[C@@H]1C[N]2(C)CCC1CC2)(c1ccccc1)c1ccccc1,0
O[C@H]1[C@@H](O[C@@H]([C@@H](NC(=O)[C@H]2C[C@@H](CCC)CN2C)[C@@H](C)Cl)[C@@H](O)[C@@H]1O)SC,1
O[C@@H]1C[C@]2(C)[C@H](C[C@@H](C)[C@]2(OC(=O)CC)C(=O)CCl)[C@H]2CCC3=CC(=O)C=C[C@@]3(C)[C@@]12F,0
OC(=O)C(C)(C)Oc1ccc(Cl)cc1,0
CCCCCCC[N](CC)(CC)CCCCc1ccc(Cl)cc1,1
NS(=O)(=O)c1c(Cl)ccc(c1)C(=O)NN1[C@H](C)CCC[C@H]1C,0
C#CCN(C)CCCOc1c(Cl)cc(Cl)cc1,0
COc1c(OC)cc(cc1)C(=O)OC1C[C@@H]2CC[C@H](C1)N2C,0
OCC(=O)[C@]1(O)CC[C@@H]2[C@H]3CCC4=CC(=O)CC[C@@]4(C)[C@@H]3[C@@H](O)C[C@]12C,0
OCC(=O)[C@]1(O)CC[C@@H]2[C@@H]3CCC4=CC(=O)CC[C@]4(C)[C@H]3C(=O)C[C@]12C,0
O[C@H](CC1CC(=O)NC(=O)C1)[C@H]1C[C@@H](C)C[C@@H](C)C1=O,0
CN1CC\C(CC1)=C1\c2ccccc2C=Cc2c1cccc2,1
O[C@@H]1C[C@@]2(C)[C@H](C[C@H](C)[C@]2(O)C(=O)COC(C)=O)[C@H]2CCC3=CC(=O)C=C[C@@]3(C)[C@]12F,1
ON(CCCCCNC(=O)CCC(=O)N(O)CCCCCNC(=O)CCC(=O)N(O)CCCCCN)C(C)=O,0
O[C@@H]1[C@@H]2[C@]34[C@H]5C[C@@H]6[C@@H](OC)[C@H]5[C@@]5(C[C@H]6OC)OCO[C@]15[C@@H]3N(CC)C[C@@]2(COC)CC[C@H]4OC,0
O[C@@H]1CC[C@@]2(COC)CN(CC)[C@@H]3[C@]4(O)[C@@H](OC)[C@@H]2[C@]13[C@H]1C[C@@H]2[C@@H](OC)[C@@H]1[C@@]4(O)C[C@H]2OC,0
O[C@@]12C[C@H]3[C@@H](OC)[C@]1(O)[C@@]1(C[C@@H]3OC)OCO[C@]31[C@@H]([C@H]1[C@]42[C@@H]3N(CC)C[C@]1(C)CC[C@@H]4OC)C(C)=O,0
O[C@H]1[C@H]2C[C@@H]3[C@H](N(C)C)C(=O)\C(=C(\O)N)C(=O)[C@]3(O)C(=O)C2=C(O)c2c(O)ccc(Cl)c12,0
N(C(=O)OCC)C1=C(N2CC2)C(=O)C(NC(=O)OCC)=C(N2CC2)C1=O,0
CCN(CC)C(=O)N1CCN(C)CC1,0
Oc1ccc(cc1)\C(CC)=C(\CC)c1ccc(O)cc1,0
OC[C@H]1O[C@H](O[C@H]2[C@@H](O[C@@H]3[C@H](O)[C@@H](O)[C@@H](\[NH]=C(\N)N)[C@H](O)[C@@H]3\[NH]=C(\N)N)O[C@H](C)[C@@]2(O)CO)[C@@H](NC)[C@@H](O)[C@H]1O,0
N1C(=O)OC(C)(C)C1=O,0
Oc1ccc(cc1)\C(=C\C)\C(c1ccc(O)cc1)=C\C,0
N(C(=O)OC[C@@H](CN1CCCCC1)OC(=O)Nc1ccccc1)c1ccccc1,1
CN1CCC(CC1)OC(c1ccccc1)c1ccccc1,0
OS(=O)(=O)CN(C)c1c(C)n(C)n(c1=O)c1ccccc1,0
Oc1c(OC)cc2CCN3Cc4c(C[C@H]3c2c1)ccc(OC)c4O,1
Oc1ccc(CC[C@@H](C)NCCc2cc(O)c(O)cc2)cc1,0
CN(C)CC\C=C1\c2ccccc2COc2c1cccc2,1
O[C@H]1[C@H]2[C@@H](C)c3cccc(O)c3C(O)=C2C(=O)[C@@]2(O)[C@H]1[C@H](N(C)C)C(=O)\C(=C(\O)N)C2=O,0
CC[C@@]12CCCN3CCc4c([C@H]13)n(c1ccccc41)C(=O)C2,0
Oc1cc(O)c2c(=O)cc(oc2c1)c1ccc(OC)cc1,0
OC(=O)c1cn(CC)c2c(cc(F)c(n2)N2CCNCC2)c1=O,0
C1[C@H]([C@@H](Oc2cc(cc(c12)O)O)c1cc(c(cc1)O)O)O,0
O[C@@]12O[C@@](NC(=O)[C@@H]3CN(C)[C@H]4Cc5c[nH]c6cccc(c56)C4=C3)(C(C)C)C(=O)N1[C@@H](C(C)C)C(=O)N1CCC[C@@H]21,0
O[C@]12O[C@@](NC(=O)[C@@H]3CN(C)[C@@H]4Cc5c[nH]c6cccc(c56)C4=C3)(C(C)C)C(=O)N1[C@@H](Cc1ccccc1)C(=O)N1CCCC21,1
O[C@@]12O[C@@](NC(=O)[C@@H]3CN(C)[C@@H]4Cc5c[nH]c6cccc(c56)C4=C3)(C(C)C)C(=O)N1[C@@H](CC(C)C)C(=O)N1CCCC21,1
OC[C@H](C)NC(=O)[C@H]1CN(C)[C@H]2Cc3c[nH]c4cccc(c34)C2=C1,0
N(C)C(=O)Oc1ccc2N(C)[C@H]3N(C)CC[C@@]3(C)c2c1,0
NC(=S)c1cc(CC)ncc1,0
N1c2c(cc(OCC)cc2)C(C)=CC1(C)C,0
OC(C)(P(=O)(O)O)P(=O)(O)O,0
OC(=O)CN(CC(=O)O)CC(=O)Nc1c(CC)cccc1CC,0
O[C@@H](COc1c(OC)c2nc3c(cco3)c(OC)c2cc1)C(C)(C)O,0
N\C(CCSCc1csc(\[NH]=C(/N)N)n1)=[NH]/S(=O)(=O)N,0
N1C(C)=C([C@@H](c2c(Cl)c(Cl)ccc2)C(C(=O)OCC)=C1C)C(=O)OC,0
N(CCC(c1ccccc1)c1ccccc1)[C@H](C)c1ccccc1,1
N(CC)[C@@H](C)Cc1cc(ccc1)C(F)(F)F,0
OC(=O)[C@@H](C)c1cc(Oc2ccccc2)ccc1,0
O[C@@H](CN[C@H](C)Cc1ccc(O)cc1)c1cc(O)cc(O)c1,1
Clc1ccc(OCC(=O)N2CCN(Cc3cc4c(OCO4)cc3)CC2)cc1,1
Cc1c(oc2c(cccc2c1=O)C(=O)OCCN1CCCCC1)c1ccccc1,1
O[C@@H]1C[C@@]2(C)[C@@H](C[C@@H]3OC(C)(C)O[C@]23C(=O)COC(C)=O)[C@@H]2C[C@@H](F)C3=CC(=O)C=C[C@@]3(C)[C@@]12F,0
OC(Cn1cncn1)(Cn1cncn1)c1c(F)cc(F)cc1,0
OCC(=O)[C@]1(O)CC[C@@H]2[C@H]3CCC4=CC(=O)CC[C@@]4(C)[C@]3(F)[C@@H](O)C[C@]12C,0
OCC(=O)[C@]12OC(C)(C)O[C@@H]1C[C@@H]1[C@H]3C[C@@H](F)C4=CC(=O)C=C[C@@]4(C)[C@@H]3[C@@H](O)C[C@]21C,0
N1c2ccccc2[C@]23CC[N]4(C)C\C(=C\C)[C@H](C[C@@H]24)C(C=O)=C13,0
O[C@@H]1C[C@@]2(C)[C@H](CC[C@]2(O)C(C)=O)[C@H]2C[C@H](C)C3=CC(=O)C=C[C@@]3(C)[C@]12F,0
N(C)CC[C@@H](Oc1ccc(cc1)C(F)(F)F)c1ccccc1,1
OC(=O)CC[C@H](NC(=O)c1ccc(cc1)NCc1cnc2[nH]c(nc(=O)c2n1)N)C(=O)O,0
O[C@@H](COc1cccc2c1n(C)c(=O)cc2OC)C(C)(C)O,0
OC(=O)c1ccccc1OP(=O)(O)O,0
O=N(=O)c1ccc(o1)\C=N\N1C[C@H](CN2CCOCC2)OC1=O,0
OC(=O)c1cc(c(Cl)cc1NCc1ccco1)S(=O)(=O)N,0
O[C@@H]1CC[C@]2(C)[C@H](CC[C@]3(C)[C@@H]2[C@H](O)C[C@@H]\2[C@@]3(C)C[C@@H](OC(C)=O)C2=C(/CC\C=C(\C)C)C(=O)O)[C@H]1C,1
OC(=O)CC1(CN)CCCCC1,0
O[C@@H]1C[C@@H]2Oc3c(OC)ccc4c3[C@@]2(CCN(C)C4)C=C1,0
[nH]1c2cc(=O)ccc2c2cc[nH]c(C)c12,0
OCC(CO)OCn1cnc2c1[nH]c(nc2=O)N,0
N1C(=O)[C@@]2([C@@H]3OC[C@@H]4[C@@H]5[C@H]2[C@]([C@H]4C3)(CN5C)C=C)c2ccccc12,0
N(N1C[C@H]2CCC[C@H]2C1)C(=O)NS(=O)(=O)c1ccc(C)cc1,0
[nH]1cc(CN(C)C)c2c1cccc2,1
Cn1c2ccccc2c(=O)cc1c1cc2c(OCO2)cc1,0
OC[C@H](O)COc1ccccc1OC,0
OC1(CCN(CCCC(=O)c2ccc(F)cc2)CC1)c1ccc(Cl)cc1,1
Clc1cc(Cl)c(Cl)cc1OCC#CI,0
[nH]1c2=CC(=O)C=Cc2c2CCNC(C)=c12,1
[nH]1c2ccccc2c2c1c(C)ncc2,0
[nH]1c2ccccc2c2c1[C@@H](C)NCC2,0
O[C@H]1C[C@]2(C)[C@H](C[C@H]3OC(C)(C)O[C@@]23C(=O)CCl)[C@H]2CCC3=CC(=O)CC[C@@]3(C)[C@@]12F,0
O[C@H]1CCN2CC=C(COC(=O)[C@@](O)(C(C)C)[C@H](C)OC)C12,0
O[C@@]1(C[N](C)(C)CCO1)c1ccc(cc1)c1ccc(cc1)[C@@]1(O)C[N](C)(C)CCO1,0
OCCN1CCN(CCS(=O)(=O)O)CC1,0
N1CCC2=c3ccc(OC)cc3=NC2=C1C,0
O[C@H]1[C@@H](C)O[C@H](OC[C@@H]2O[C@H](Oc3cc(O)c4C(=O)C[C@H](Oc4c3)c3cc(O)c(OC)cc3)[C@H](O)[C@H](O)[C@H]2O)[C@@H](O)[C@H]1O,0
Oc1ccc(cc1)[C@H](CC)[C@H](CC)c1ccc(O)cc1,0
O[C@@H]1C=C2CCN(C)[C@H]2[C@H]2[C@H]1OC(=O)c1cc3c(OCO3)cc21,0
CN1CCCN(CC1)[C@@H](c1ccccc1)c1ccc(Cl)cc1,1
OCc1c2Sc3ccccc3C(=O)c2c(cc1)NCCN(CC)CC,0
COc1c(OC)c2c(cc1)[C@H](OC2=O)[C@@H]1N(C)CCc2cc3c(OCO3)cc12,1
O[C@@H]1N(C)CCc2cc3c(OCO3)cc12,0
COc1c2CN(C)CCc2cc2c1OCO2,0
C1CN(CCN1CCOCCO)[C@H](c1ccccc1)c1ccc(cc1)Cl,1
O[C@@H]([C@@H](C)N1CCC(Cc2ccccc2)CC1)c1ccc(O)cc1,0
O[C@H](C)[C@H]1[C@H]2CC(SCC\[NH]=C\N)=C(N2C1=O)C(=O)O,0
Clc1cc(Cl)c(cc1)[C@H](Cn1ccnc1)OCc1c(Cl)cccc1Cl,1
Oc1c2c(C[C@@H]3N(C)CCc4cc(OC)c(OC)c2c34)ccc1OC,0
NC(=O)C(CCN(C(C)C)C(C)C)(c1ccccc1)c1ccccc1,0
N(C(C)C)c1c(C)n(C)n(c1=O)c1ccccc1,0
O=N(=O)O[C@H]1CO[C@H]2[C@H](CO[C@@H]12)ON(=O)=O,0
OC[C@H]1O[C@H](O[C@H]2C(O)[C@H](O[C@H]3O[C@@H](CN)[C@@H](O)[C@@H](O)[C@H]3O)[C@@H](C[C@@H]2N)N)[C@H](O)[C@H](N)[C@H]1O,0
O[C@@H]1[C@@H]2C[C@@H]3[C@H]1[C@](O)(C[C@@H]2OC)[C@H]1C[C@H]2[C@]43[C@@H]1N(CC)C[C@]2(C)CC[C@H]4O,0
COC1=CC(=O)O[C@H](C1)\C=C\c1ccccc1,0
[nH]1c(=O)n(CCN2CCC(CC2)C(=O)c2ccc(F)cc2)c(=O)c2ccccc12,0
CN1CC\C(CC1)=C1\c2c(scc2)C(=O)Cc2c1cccc2,0
N(Cc1ccco1)c1ncnc2c1[nH]cn2,0
COc1c(OC)cc(C[C@@H]2N(C)CCc3cc(OC)c(OC)cc23)c(Br)c1,1
COc1c(OC)cc(C[C@@H]2N(C)CCc3cc(OC)c(OC)cc23)cc1,0
N(C(=O)c1c(C)onc1)c1ccc(cc1)C(F)(F)F,0
OC(=O)CC[C@H](NC(=O)c1ccc(cc1)NCC1CNc2c(N1C=O)c(=O)nc(N)[nH]2)C(=O)O,0
O[C@H](COc1cccc2c1CCCC2=O)CNC(C)(C)C,0
O[C@]1(CC[C@@H]2[C@@H]3CCC4=CC(=O)CC[C@H]4[C@H]3CC[C@@]12CC)C#C,0
O[C@@H]1CC[C@@]2(C)[C@@H](CCC3[C@@H]4CC[C@@H]([C@H](C)CCC(=O)O)[C@@]4(C)CC[C@H]23)C1,1
O[C@@H](C[C@H]1CCC[C@H](CC(=O)c2ccccc2)N1C)c1ccccc1,0
OC(=O)c1cn(CC)c2c(cc(F)c(N3CCN[C@H](C)C3)c2F)c1=O,0
CCN(CC)CCOCCOC(=O)C1(CCCC1)c1ccccc1,0
O[C@H]1C[C@H](CC[C@H]2[C@@H](C)C=CC3=C[C@@H](C)C[C@@H](OC(=O)[C@H](C)CC)[C@H]23)OC(=O)C1,1
CN1CCN(CC1)C1=Nc2ccccc2Oc2ccc(Cl)cc12,1
CN(C)CCOC(=O)COc1ccc(Cl)cc1,0
O[C@H]1C=C2CCN3Cc4cc5c(OCO5)cc4[C@@H]([C@H]23)[C@@H]1O,0
OC[C@H]1CN(C)[C@H]2Cc3c[nH]c4cccc(c34)C2=C1,1
N([C@@H]1CN(C)[C@@H]2Cc3c[nH]c4cccc(c34)C2=C1)C(=O)N(CC)CC,1
NCc1ccc(cc1)S(=O)(=O)N,1
CCN(CCCCOC(=O)c1cc(OC)c(OC)cc1)[C@@H](C)Cc1ccc(OC)cc1,0
CN(CCCl)CCCl,0
Cc1cc(CN2CCN(CC2)[C@H](c2ccccc2)c2ccc(Cl)cc2)ccc1,0
OC(=O)c1ccccc1Nc1c(Cl)ccc(C)c1Cl,0
N(CCN(CC)CC)C(=O)COc1ccc(OC)cc1,0
O[C@@H]([C@@H]1CCCCN1)c1cc(nc2c1cccc2C(F)(F)F)C(F)(F)F,1
OC(C(=O)O[C@H]1CCC[N](C)(C)C1)(c1ccccc1)c1ccccc1,0
OS(=O)(=O)CCS,0
O[C@]1(CC[C@H]2[C@@H]3CCc4cc(OC)ccc4[C@H]3CC[C@@]12C)C#C,0
OC(=O)[C@@H]1[C@@H]2[C@H](SC1(C)C)[C@H](NC(=O)[C@H](N=C)c1ccccc1)C2=O,0
O[C@H](CNC)c1cc(OC)c(O)cc1,1
C[C@H](C[N](C)(C)C)OC(C)=O,0
CN(C)CCN(Cc1cccs1)c1ccccn1,0
[nH]1ccn(C)c1=S,0
OC(=O)[C@H](CCS(C)(=O)=N)N,0
CN1CCC[C@H](CC2c3ccccc3Sc3c2cccc3)C1,1
O[C@H](COC(=O)N)COc1ccccc1OC,0
OC(=O)CC[C@H](NC(=O)c1ccc(cc1)N(C)Cc1cnc2nc(nc(N)c2n1)N)C(=O)O,0
O[C@@H]([C@H](C)N)c1c(OC)ccc(OC)c1,0
Cc1c(OCCOCC[N](C)(C)Cc2ccccc2)ccc(c1)C(C)(C)CC(C)(C)C,1
OC[C@@H](CC)NC(=O)[C@H]1CN(C)[C@@H]2Cc3c[nH]c4cccc(c34)C2=C1,0
OCC(=O)[C@]1(O)CC[C@@H]2[C@@H]3C[C@@H](C)C4=CC(=O)C=C[C@]4(C)[C@@H]3[C@@H](O)C[C@]12C,1
OCCn1c(C)ncc1N(=O)=O,0
O[C@@]1(CC[C@@H]2[C@H]3CCC4=CC(=O)CCC4=C3[C@H](C[C@@]12C)c1ccc(cc1)N(C)C)C#CC,1
OC(=O)[C@@H](Cn1ccc(=O)c(O)c1)N,0
ClC(Cl)[C@H](c1ccc(Cl)cc1)c1ccccc1Cl,0
O\C(OCC)=N\C1=C[N](=NO1)N1CCOCC1,0
O[C@]1(C)[C@H](C)C(=O)O[C@@H]2CCN3CC=C(COC(=O)[C@]1(C)O)C23,0
[NH2]=C(\[NH]=C(/N)N)N1CCOCC1,0
OC(=O)CC\C(C)=C\Cc1c(O)c2c(COC2=O)c(C)c1OC,0
Oc1cc(O)c2c(=O)c(O)c(oc2c1)c1cc(O)c(O)c(O)c1,0
OC(=O)C[C@@H](NC(C)=O)C(=O)O,0
OC[C@H]1O[C@H](O)[C@@H](NC(C)=O)[C@@H](O[C@@H](C)C(=O)O)[C@@H]1O,0
N1[C@H](C)CCC[C@@H]1C,0
O[C@@H]1C(=C)[C@@H]2C[C@@]31[C@H]1C[C@H]4[C@@]5([C@@H]1N(CC)C[C@]4(C)CC[C@H]5O)[C@@H]3C[C@H]2O,0
OC(=O)[C@@H](C)c1cc2c(cc1)cc(OC)cc2,0
Oc1ccc(cc1)[C@H]1CC(=O)c2c(O)cc(O)cc2O1,1
OC[C@@H]1O[C@H](Oc2cc(O)c3C(=O)C[C@H](Oc3c2)c2ccc(O)cc2)[C@@H](O[C@H]2O[C@@H](C)[C@H](O)[C@@H](O)[C@H]2O)[C@H](O)[C@@H]1O,0
O[C@@H]1[C@@H](CN)O[C@@H](O[C@H]2[C@@H](O)[C@@H](O)[C@@H](C[C@H]2N)N)[C@H](N)[C@H]1O,0
OC[C@@H]1O[C@H](O[C@H]2C(O)[C@H](O[C@H]3O[C@@H](CN)[C@H](O)C[C@@H]3N)[C@H](C[C@@H]2N)N)[C@@H](O)[C@@H](N)[C@H]1O,0
CN1CCO[C@@H](c2ccccc2)c2c(C1)cccc2,0
CO[C@]12C[C@@H](COC(=O)c3cc(Br)cnc3)CN(C)[C@@H]1Cc1cn(C)c3cccc2c13,1
N(C(=O)c1cnccc1)c1c(C)n(C)n(c1=O)c1ccccc1,0
OC(=O)c1c(nccc1)Nc1cccc(c1)C(F)(F)F,0
[nH]1c2ccccc2c2c1[C@H]1[C@H]3CC[C@@H]([C@H]4CCCNC34)N1CC2,0
O[C@@H]([C@H](C)N)c1cc(O)c(O)cc1,0
O[C@@H](CNC(C)C)c1cc(O)cc(O)c1,0
O[C@H](CCl)Cn1c(C)ncc1N(=O)=O,0
CN(C)CCO[C@H](c1ccccc1)c1ccccc1C,0
CCN(CC)CCc1nc(no1)c1ccccc1,0
OC(=O)c1cc2c(cccc2)c(Cc2cc3ccccc3c(C(=O)O)c2O)c1O,0
O[C@@](C1CCCCC1)(C(=O)OCC#CCN(CC)CC)c1ccccc1,1
COc1c(OC)cc2c(CC[N]3=C2C=c2ccc(OC)c(OC)c2=C3)c1,0
N1CCCC[C@H]1CC(C1CCCCC1)C1CCCCC1,1
OC[C@@H]1O[C@@H](O[C@@H]2[C@@H](O)[C@@H](C[C@H](N)[C@@H]2O[C@H]2O[C@H](CO)[C@@H](O)[C@@H](O)[C@H]2N)N)[C@H](O)[C@H]1O[C@@H]1O[C@H](CN)[C@H](O)[C@H](O)[C@@H]1N,0
CC1=CCC[C@@]2(C)O[C@H]2[C@@H]2OC(=O)C(=C)[C@@H]2CC1,0
CN1C(C)(C)CCCC1(C)C,0
Cn1cnc2c1c(=O)n(CCCCC(C)=O)c(=O)n2C,1
C1CCn2nnnc2CC1,1
O[C@@H](CC(=O)O)[C@@H](CC(C)C)NC(=O)[C@@H](C)NC(=O)C[C@@H](O)[C@H](CC(C)C)NC(=O)[C@@H](NC(=O)[C@H](NC(=O)CC(C)C)C(C)C)C(C)C,0
N(C(C)=O)c1ccc(OCC)cc1,0
Nc1nc(N)c(cc1)\N=N\c1ccccc1,0
Oc1c(OC)cc(cc1)C(=O)OC1C[C@H]2CC[C@@H](C1)N2C,0
N(Cc1cnccc1)C(=O)c1cc(C(=O)NCc2cnccc2)c(OC)cc1,0
O[C@@]12C[C@@H]3O[C@@]43C(=O)O[C@H]([C@H]3OC(=O)[C@H]1[C@H]3C(C)=C)[C@@]24C,0
N(C#N)\C(Nc1ccncc1)=[NH]/[C@@H](C)C(C)(C)C,1
CC[N](CC)(CC)CCOc1cccc(OCC[N](CC)(CC)CC)c1OCC[N](CC)(CC)CC,0
O\C(Nc1ccccn1)=C1\N(C)S(=O)(=O)c2ccccc2C1=O,0
O[C@@H]1[C@H]2COC(=O)C2[C@@H](c2cc(OC)c(OC)c(OC)c2)c2c1cc1OCOc1c2,0
CCCCOc1ccc(OCCCN2CCOCC2)cc1,0
OCC(=O)[C@]1(O)CC[C@@H]2[C@@H]3CCC4=CC(=O)C=C[C@]4(C)[C@@H]3[C@@H](O)C[C@@]12C,0
O[C@@H]1CC[C@]2(C)[C@H]3CC[C@@]4(C)[C@H](CC[C@H]4C(C)=O)[C@@H]3CC=C2C1,0
N(CCC(c1ccccc1)c1ccccc1)[C@@H](C)Cc1ccccc1,0
OC(CCN1CCCCC1)(c1ccccc1)c1ccccc1,0
CCCC(C(=O)OCCN(CC)CC)(c1ccccc1)c1ccccc1,1
Oc1c(cc(SC(C)(C)Sc2cc(c(O)c(c2)C(C)(C)C)C(C)(C)C)cc1C(C)(C)C)C(C)(C)C,0
CCN(CC)[C@H](C)CN1c2ccccc2Sc2c1cccc2,0
[nH]1c(=O)cc(CCC)[nH]c1=S,0
NC(=O)c1nccnc1,0
OCc1cnc(C)c(O)c1CO,0
Oc1cc(O)c2c(=O)c(O)c(oc2c1)c1cc(O)c(O)cc1,0
N1CCN(CC1)c1nc2ccccc2cc1,0
COc1c(C#N)c(=O)n(C)cc1,0
CN1CCc2cc3c(OCO3)c3c2[C@@H]1Cc1ccccc31,0
O[C@@H]([C@H](C)NCCc1ccc(O)cc1)c1ccc(O)cc1,0
N1CCc2cc(OC)c(OC)cc2[C@H]1C,0
Oc1c(O)cc2[C@H](C)NCCc2c1,0
O=C1O[C@@]23C[C@@H](C=CC2=C1)N1CCCC[C@@H]31,0
N(C1CCC(C)CC1)C(=O)N(CCCl)N=O,0
O[C@]1(C)C(=C)C\C(=C/C)C(=O)O[C@H]2CCN3CC=C(COC1=O)C23,0
O[C@]12CC[C@H]3[C@H](C)[C@H]4CC[C@@H](C)CN4C[C@@H]3[C@@H]1C[C@@H]1[C@@H]2CC(=O)[C@@H]2CC(=O)CC[C@@]12C,0
O[C@@H]1[C@@H](O[C@H]2[C@H](C[C@H](N)[C@@H](O[C@H]3OC(CN)=CC[C@H]3N)C2O)N)OC[C@](C)(O)[C@@H]1NC,0
COc1c(OC)c2nc3c(cco3)c(OC)c2cc1,0
N1CN(c2ccccc2)C2(CCN(CCCC(=O)c3ccc(F)cc3)CC2)C1=O,1
OC(=O)[C@H]1CCC[N]1(C)C,0
OC[C@@H]1O[C@@H](O[C@H]2[C@@H](O[C@H]3[C@@H](O)[C@H](O)[C@@H](\[NH]=C(\N)N)[C@@H](O)[C@H]3\[NH]=C(/N)N)O[C@@H](C)[C@@]2(O)C=O)[C@H](NC)[C@H](O)[C@@H]1O,0
OC[C@H]1O[C@H](O)[C@@H](NC(=O)N(C)N=O)[C@@H](O)[C@@H]1O,0
O[C@@H]1CC[C@]2(C=O)[C@H]3CC[C@@]4(C)[C@H](CC[C@]4(O)[C@H]3CC[C@@]2(O)C1)C1=CC(=O)OC1,0
OC(=O)CCC(=O)Nc1ccc(cc1)S(=O)(=O)Nc1nccs1,0
Nc1ccc(cc1)S(=O)(=O)NC(=O)c1ccccc1,0
Nc1ccc(cc1)S(=O)(=O)Nc1nnc(Cl)cc1,0
Nc1ccc(cc1)S(=O)(=O)Nc1cc(OC)nc(OC)n1,0
Nc1ccc(cc1)S(=O)(=O)Nc1nccc(C)n1,0
Nc1ccc(cc1)S(=O)(=O)Nc1ncc(OC)cn1,0
Nc1ccc(cc1)S(=O)(=O)Nc1nc(C)cc(C)n1,0
Nc1ccc(cc1)S(=O)(=O)Nc1nnc(C)s1,0
Nc1ccc(cc1)S(=O)(=O)Nc1ccccn1,0
Nc1ccc(cc1)S(=O)(=O)Nc1cc2nccnc2cc1,0
Nc1ccc(cc1)S(=O)(=O)Nc1c(C)c(C)no1,0
[nH]1c2cccnc2nc1c1c(OC)cc(cc1)S(C)=O,0
OC(=O)[C@H](C)c1ccc(cc1)C(=O)c1cccs1,0
OC(=O)CCC(=O)OCC1(CCCC)C(=O)N(N(C1=O)c1ccccc1)c1ccccc1,0
[nH]1c2cc(OC)ccc2c2c1[C@H]1C[C@H]3[C@H](C[C@@H](OC(=O)c4cc(OC)c(OC(=O)OCC)c(OC)c4)[C@@H](OC)[C@@H]3C(=O)OC)CN1CC2,0
O[C@@H]1[C@H]2[C@@H]3N4C[C@@]5(C)C[C@H](OC(=O)c6ccccc6)[C@@H](OC(C)=O)[C@]63[C@@H]5[C@H]4C[C@@]32CC(=C)[C@H]1[C@H](OC(C)=O)[C@@H]63,0
Nc1nc(nc2cc(OC)c(OC)cc12)N1CCN(CC1)C(=O)[C@H]1CCCO1,0
O[C@@H](CNC(C)(C)C)c1cc(O)cc(O)c1,0
[nH]1c2ccccc2c2c1[C@@H]1C[C@@H]3[C@@H](CN1CC2)[C@@H](C)OC=C3C(=O)OC,0
N1CCN=C1[C@H]1CCCc2ccccc12,0
C1CN2C[C@H](N=C2S1)c1ccccc1,0
C1CCC2=Nc3ccccc3CN2C1,0
O=c1n2CCCCc2nc2ccccc12,0
COc1cc(C[C@H]2N(C)CCc3cc(OC)c(OC)cc23)c(Oc2c(OC)cc3c(C[C@H]4N(C)CCc5cc(OC)c(OC)c3c45)c2)cc1OC,1
[nH]1c2ccccc2nc1c1cscn1,0
OC(=O)c1ccccc1S,0
N(CCN(CC)CC)C(=O)c1c(OC)ccc(c1)S(C)(=O)=O,1
CCS(=O)(=O)CCn1c(C)ncc1N(=O)=O,0
N(N1CCCCCC1)C(=O)NS(=O)(=O)c1ccc(C)cc1,0
C(C#CCN1CCCC1)N1CCCC1,0
OCC(=O)[C@]1(O)[C@@H](O)C[C@H]2[C@@H]3CCC4=CC(=O)C=C[C@]4(C)[C@]3(F)[C@@H](O)C[C@@]12C,0
NS(=O)(=O)c1c(Cl)cc2N[C@H](NS(=O)(=O)c2c1)C(Cl)Cl,0
CN1CCN(CCCN2c3ccccc3Sc3ccc(cc23)C(F)(F)F)CC1,1
OC(=O)[C@@H](Cc1cc(I)c(Oc2cc(I)c(O)cc2)c(I)c1)N,0
N1CCN(Cc2c(OC)c(OC)c(OC)cc2)CC1,0
CN1C(=O)OC(C)(C)C1=O,0
Cc1cc2c(o1)c(C)c1oc(=O)cc(C)c1c2,0
Oc1ccc2C[C@@H]3c4c(Oc5ccc(C[C@H]6N(C)CCc7cc(OC)c(Oc1c2)cc67)cc5)c(O)c(OC)cc4CC[N]3(C)C,0
CO[C@@H]1C=C2CCN(C)[C@H]2[C@H]2[C@@H]1OC(=O)c1cc3c(OCO3)cc21,0
Fc1ccc(cc1)C(OCCN1CCN(CCCc2ccccc2)CC1)c1ccc(F)cc1,1
O[C@H]1[C@@H](O)[C@@]2(O)[C@H](C[C@@]34O[C@@]5(O)[C@H](CC[C@@H]23)[C@]4(C)CC[C@@H]5OC(=O)c2cc(OC)c(OC)cc2)[C@@H]2CN3C[C@@H](C)CC[C@H]3[C@@](C)(O)[C@@H]12,0
OC[C@H]1O[C@@H]([C@H](O)[C@H]1O)n1cnc2c1ncnc2N,0
O[C@@]1(C[C@@]2(CC)CCCN3CCc4c([C@H]23)n1c1ccccc41)C(=O)OC,0
CCOC(=O)C1=C[C@@]2(CC)CCCN3CCc4c([C@@H]23)n1c1ccccc41,1
N(C1=NCCCS1)c1c(C)cccc1C,0
O[C@@H]1CC[C@H]2CN3CCc4c([nH]c5ccccc45)[C@H]3C[C@@H]2[C@H]1C(=O)O,0
OC(=O)Cc1cc(C)c(n1C)C(=O)c1ccc(Cl)cc1,0
c1cc(ccc1CCNC(c1c(ccc(c1)Cl)OC)=O)S(N\C(NC1CCC(CC1)C)=[NH]\C#N)(=O)=O,1
O[C@H]1[C@H](C)C=C(C)[C@@H](OC(=O)N)[C@H](OC)C=CC=C(C)C(=O)NC2=CC(=O)C(OC)=C(C[C@H](C)C[C@@H]1OC)C2=O,1
Oc1cc2c(O)c(c1)NC(=O)C(C)=CC=C[C@@H](C)[C@@H](OC(=O)N)C(C)=C[C@@H](C)[C@H](OC)[C@H](C[C@@H](C)[C@H]2OC)OC,1
O[C@H]1[C@@H](C)C=C(C)[C@H](OC(=O)N)[C@@H](OC)C=CC=C(C)C(=O)NC2=CC(=O)C(NCC=C)=C(C[C@H](C)C[C@@H]1OC)C2=O,1
CCCCc1c(C(=O)c2cc(I)c(OCCN(CC)CC)c(I)c2)c2c(o1)cccc2,1
Cn1cnc2c1c(=O)n(C)c(=O)n2C,0
O[C@H](CCCN1CCC(CC1)C(O)(c1ccccc1)c1ccccc1)c1ccc(cc1)C(C)(C)C(=O)O,0
O[C@H](CCCN1CCC(CC1)C(O)(c1ccccc1)c1ccccc1)c1ccc(cc1)C(C)(C)C,1
COc1ccc(CCN(C)CCC[C@](C#N)(C(C)C)c2ccc(OC)c(OC)c2)cc1OC,1
N1c2c(cc(C)s2)C(=Nc2ccccc12)N1CCN(C)CC1,1
OCCOCCN1CCN(CC1)C1=Nc2ccccc2Sc2ccccc12,1
N(C)C(=O)O\N=C\C(C)(C)SC,0
N(C)C(=O)O\N=C\C(C)(C)S(C)(=O)=O,0
N(C)C(=O)Oc1cc(C)c(cc1)N(C)C,0
N(CC)c1nc(nc(Cl)n1)NC(C)C,0
N(C)C(=O)Oc1cccc2c1cccc2,0
Cl\C(Cl)=C(\c1ccc(Cl)cc1)c1ccc(Cl)cc1,0
Clc1ccc(cc1)C(c1ccc(Cl)cc1)C(Cl)(Cl)Cl,0
ClC1=C(Cl)[C@]2(Cl)[C@@H]3[C@H]([C@H]4C[C@@H]3[C@H]3[C@H]4O3)[C@@]1(Cl)C2(Cl)Cl,0
N(\N=C(\C=C\c1ccc(cc1)C(F)(F)F)\C=C\c1ccc(cc1)C(F)(F)F)C1=NCC(C)(C)CN1,1
N(C)C(=O)O\N=C(/C)SC,0
ClC1C(Cl)C(Cl)C(Cl)C(Cl)C1Cl,0
COc1ccc(cc1)C(c1ccc(OC)cc1)C(Cl)(Cl)Cl,0
COC(=O)\C=C(\C)OP(=O)(OC)OC,0
ClC12C3(Cl)C4(Cl)C5(Cl)C(Cl)(C1(Cl)C4(Cl)Cl)C2(Cl)C(Cl)(Cl)C35Cl,0
N(CC)C(=O)Oc1ccccc1N(=O)=O,0
C[N]1=CC=C(C=C1)C1=CC=[N](C)C=C1,0
Oc1c(Cl)c(Cl)c(Cl)c(Cl)c1Cl,0
CC1(C)[C@H](\C=C(\Cl)Cl)[C@H]1C(=O)OCc1cc(Oc2ccccc2)ccc1,0
COP(=S)(OC)SCN1C(=O)c2ccccc2C1=O,0
CCC[C@@H]1CO[C@](Cn2cncn2)(O1)c1c(Cl)cc(Cl)cc1,0
N(C)C(=O)Oc1ccccc1OC(C)C,0
ClCC\1(CCl)[C@@H]2C[C@H](C(Cl)(Cl)[C@@H]2Cl)C1=C/Cl,0
C[C@@]1(OC(=O)N(C1=O)c1cc(Cl)cc(Cl)c1)C=C,0
COc1cc2c(SCCN(C2)C(=O)CCN2CCC(Cc3ccccc3)CC2)cc1,1
N(CC(c1ccc(F)cc1)c1ccc(F)cc1)C1CCN(CC1)c1nc(nc(n1)NCC=C)NCC=C,1
O[C@@H](COc1cccc2c1cccn2)CN1CCN(CC1)C(=O)C(c1ccccc1)c1ccccc1,1
CC(C)[C@@](CCCN(C)CCc1ccccc1)(C#N)c1ccccc1,1
CCCCCCCCCCCCC(CCCN(C)CCc1cc(OC)ccc1)(C#N)c1cc(OC)ccc1,1
n1c(NCCc2cccc(OC)c2OC)nc(c2c1cc(OC)c(OC)c2)N1CCc2cc(OC)c(OC)cc2C1,1
n1c(NCCc2cccc(OC)c2OC)nc(NCCc2cccc(OC)c2OC)c2c1cc(OC)c(OC)c2,1
n1c(c2c(nc1NCCc1ccc(c(c1)OC)OC)ccc(c2)N(C)C)N1Cc2c(CC1)cc(c(c2)OC)OC,1
n1c(c2c(nc1NCCc1ccc(c(c1)OC)OC)ccc(c2)C)N(Cc1ccccc1)C,1
C1Cc2ccccc2C(c2ccccc12)N1CCN(CC1)C[C@@H](O)COc1cccc2ncccc12,1
C1Cc2ccccc2\C(=C\CCN[C@H](C)Cc2ccc(OC)c(OC)c2)c2ccccc12,1
c1cccc2c1oc(cc2=O)C(=O)Nc1cc(OC)c(OC)cc1c1nnn(n1)c1ccc(CCN2CCc3cc(OC)c(OC)cc3C2)cc1,1
OC[C@H]1Oc2c(O[C@@H]1c1ccc(OC)c(OC)c1)cc(cc2)c1c(O)c(=O)c2c(O)cc(OC)cc2o1,1
OC[C@H]1Oc2c(O[C@H]1c1ccc(OC)c(OC)c1)cc(cc2)c1c(OC)c(=O)c2c(O)cc(O)cc2o1,1
OC[C@H]1Oc2c(O[C@@H]1c1ccc(OC)c(OC)c1)cc(cc2)c1c(OC)c(=O)c2c(O)cc(OC)cc2o1,1
OC[C@H]1Oc2c(O[C@@H]1c1ccc(OC)c(OC)c1)cc(cc2)c1c(O)c(=O)c2c(OC)cc(OC)cc2o1,1
OC[C@H]1Oc2c(O[C@H]1c1ccc(O)c(O)c1)cc(cc2)c1c(O)c(=O)c2c(O)cc(O)cc2o1,1
OC[C@@H]1Oc2ccc(cc2O[C@H]1c1ccc(O)c(OC)c1)[C@H]1Oc2c(C(=O)[C@@H]1O)c(O)cc(OCc1ccccc1)c2,1
OC[C@H]1Oc2c(O[C@H]1c1ccc(O)c(OC)c1)cc(cc2)c1c(O)c(=O)c2c(O)cc(O)cc2o1,1
OC[C@H]1Oc2c(O[C@H]1c1ccc(O)c(OC)c1)cc(cc2)c1c(O)c(=O)c2c(O)cc(OCc3ccccc3)cc2o1,1
OC[C@H]1Oc2c(O[C@@H]1c1ccc(O)c(OC)c1)cc(cc2)c1c(O)c(=O)c2c(O)cc(OC)cc2o1,1
OC[C@H]1Oc2c(O[C@H]1c1ccc(OC)c(OC)c1)cc(cc2)c1c(O)c(=O)c2c(O)cc(O)cc2o1,1
OC[C@H]1Oc2c(O[C@@H]1c1ccc(O)c(OC)c1)cc(cc2)c1c(OC)c(=O)c2c(O)cc(OC)cc2o1,1
CC(=O)Oc1c(O)cc2oc(cc(=O)c2c1O)c1ccccc1,1
COc1c(OC)c(OC)c2c(=O)cc(oc2c1)c1ccccc1,1
COc1c(OC)c(O)c2c(=O)cc(oc2c1)c1ccccc1,1
Oc1c2c(=O)cc(oc2cc2c1OCO2)c1ccccc1,1
COc1c2c(=O)cc(oc2cc2c1OCO2)c1ccccc1,1
c1(c2c(cc(c1OC(=O)C)Oc1ccccc1)oc(cc2=O)c1ccccc1)OC(=O)C,1
c1(c2c(cc(c1Oc1ccccc1)O)oc(cc2=O)c1ccccc1)O,1
COc1c2c(=O)cc(oc2cc2c1OC(O2)(c1ccccc1)c1ccccc1)c1ccccc1,1
CCCOc1c(O)cc2oc(cc(=O)c2c1O)c1ccccc1,1
CCOc1c(O)cc2oc(cc(=O)c2c1O)c1ccccc1,1
CC(=O)Oc1c(OC(C)=O)c(O)c2c(=O)cc(oc2c1)c1ccccc1,1
CCOc1c(OC)cc2oc(cc(=O)c2c1O)c1ccccc1,1
CCCOc1c(OC)cc2oc(cc(=O)c2c1OC)c1ccccc1,1
CCCOc1c(OCCC)c(O)c2c(=O)cc(oc2c1)c1ccccc1,1
CCOc1c(OCC)c(O)c2c(=O)cc(oc2c1)c1ccccc1,1
CCCCCCCCOc1c(OCCCCCCCC)c(O)c2c(=O)cc(oc2c1)c1ccccc1,1
CCCCCOc1c(OCCCCC)c(O)c2c(=O)cc(oc2c1)c1ccccc1,1
CCCCOc1c(OCCCC)c(O)c2c(=O)cc(oc2c1)c1ccccc1,1
CC(=O)Oc1c(OC(C)=O)c(OC(C)=O)c2c(=O)cc(oc2c1)c1ccccc1,1
CCCCCOc1c(OCCCCC)c(OC)c2c(=O)cc(oc2c1)c1ccccc1,1
CCCCCCOc1c(OCCCCCC)c(OC)c2c(=O)cc(oc2c1)c1ccccc1,1
CCOc1c(OCC)c(OC)c2c(=O)cc(oc2c1)c1ccccc1,1
CCCCOc1c(OCCCC)c(OC)c2c(=O)cc(oc2c1)c1ccccc1,1
COc1c(OC(C)=O)c(OC)c2c(=O)cc(oc2c1)c1ccccc1,1
CC(=O)Oc1c(OCc2ccccc2)cc2oc(cc(=O)c2c1OC(C)=O)c1ccccc1,1
CC(=O)Oc1c(OCc2ccccc2)c(O)c2c(=O)cc(oc2c1)c1ccccc1,1
CC(=O)Oc1c(OC(C)=O)c(OCc2ccccc2)c2c(=O)cc(oc2c1)c1ccccc1,1
CC(=O)Oc1c(OC(C)=O)c(Br)c2oc(cc(=O)c2c1O)c1ccccc1,1
O[C@@H](COc1c(cccc1)C(=O)CCc1ccccc1)CN1CCN(CC1)c1cccc(C)c1C,1
Clc1c(cccc1)c1nc2c(cccc2)c(n1)N1CCCC1,1
O[C@H](COc1c(cccc1)C(=O)CCc1ccccc1)CN(CCC)C(=O)c1ccccc1,1
O[C@H](COc1c(cccc1)C(=O)CCc1cccc2c1cccc2)CN1CCOCC1,1
O[C@H](COc1c(cccc1)C(=O)CCc1cccc2c1cccc2)CN(C(C)C)C(C)C,1
O[C@H](COc1c(cccc1)C(=O)CC)CN1CCC(O)(CC1)c1ccccc1,1
O[C@H](COc1c(cccc1)C(=O)Cc1cccc2c1cccc2)CN1CCC(O)(CC1)c1ccccc1,1
O[C@@H](COc1cc(ccc1)C(C)=O)CN1CCCCC1,1
O[C@@H](COc1cc(ccc1)C(C)=O)CN1CCN(CC1)c1ccc(F)cc1,1
O[C@H](COc1c(cccc1)C(=O)CCc1ccccc1)CN1CCN(CC1)C(=O)c1ccccc1,1
O[C@H](COc1ccc(OC)cc1)CN1CCN(CC1)c1ccc(F)cc1,1
NC1=C(C#N)[C@H](c2c(O1)[nH]nc2c1ccc(C)cc1)c1ccc(cc1)N(C)C,1
O[C@H](COc1c(cccc1)C(=O)CCc1ccccc1)CN[C@H](C(C)C)c1ccccc1,1
O[C@H](COc1c(cc(Cl)c(Cl)c1)C(=O)CCc1ccccc1)CN1CCN(CC1)c1ccccc1C,1
O[C@H](COc1c(cc(C)cc1)C(C)=O)CN1CCCCC1,1
O[C@H](COc1cccc2c1C(=O)CC2=C)CN1CCCCC1,1
O[C@H](COc1c(cccc1)C(=O)CCc1ccccc1)CN[C@@H](c1ccccc1)C(C)(C)C,1
O[C@@H](COc1cccc2c1C(=C)CC2=O)CN1CCCCC1,1
O[C@H](COc1cccc2c1C(=O)[C@H](C2=C)c1ccccc1)CN1CCCCC1,1
O[C@H](COc1cccc2c1C(=C)[C@H](C2=O)c1ccccc1)CN1CCCCC1,1
O[C@@H](COc1cccc2c1C(=O)[C@@H](C2=C)c1ccccc1)CN1CCN(CC1)c1cccc(C)c1C,1
N(C(=O)c1ccc(cc1)C(C)(C)C)c1cc2c(cc1)nc(SCc1c(C)c(C(C)=O)c(C)cc1C)s2,1
O=C1C[C@@H](CCN2CCCCC2)Oc2ccccc12,0
OC(=O)COc1ccccc1C(=O)CCc1ccccc1,0
O[C@H](COc1cccc(c1)C(C)=O)CN1CCN(CC1)c1c(C)c(C)ccc1,1
O[C@@H](COc1cccc(c1)C(C)=O)CN1CCN(CC1)c1c(C)cccc1,1
O[C@H](COc1ccccc1C(C)=O)CN1CCN(CC1)c1c(C)c(C)ccc1,1
O=C([C@@H]1Oc2ccccc2[C@H]1Cc1ccccc1)N1CCCCC1,1
C[C@H]1[C@@H](Oc2c1cccc2)C(=O)N1CCCCC1,0
C([C@@H]1Oc2ccccc2[C@H]1Cc1ccccc1)N1CCCCC1,1
N(C(=O)c1ccc(OCCCC)cc1)c1cc2c(cc1)nc(SCc1c(C)c(C(C)=O)c(C)cc1C)s2,1
N(C(=O)CCc1ccccc1)c1cc2c(cc1)nc(SCc1c(C)c(C(C)=O)c(C)cc1C)s2,1
N(C(=O)c1cccc2c1cccc2)c1cc2c(cc1)nc(SCc1c(C)c(C(C)=O)c(C)cc1C)s2,1
N(C(=O)C1=C(C)NC(=S)N[C@H]1c1cccs1)c1c(OCC)cccc1,1
O[C@H](COc1cccc(c1)C(C)=O)CN1CCN(CC1)c1ccccc1C,1
O[C@@H](COc1ccc(cc1)C(=O)CCc1ccccc1)CN1CCN(CC1)c1cccc(C)c1C,1
c1(cc(ccc1C(CCc1ccccc1)=O)OC)OCC(CN1CCN(CC1)c1c(cccc1)C)=O,1
O[C@H](COc1c(cc(C)cc1)C(C)=O)CN1CCN(CC1)c1ccccc1C,1
O[C@@H](COc1c(cccc1)C(C)=O)CN1CCN(CC1)c1ccccc1C,1
O[C@@H](COc1c(ccc(C)c1)C(C)=O)CN1CCN(CC1)c1ccccc1C,1
O[C@@H](COc1c(cc(Cl)c(Cl)c1)C(C)=O)CN1CCN(CC1)c1ccccc1C,1
N(NC(=O)c1nn(C)cc1I)C(=C)c1ccnn1C,0
O[C@H](COc1c(ccc(OC)c1)C(=O)CCc1ccc(cc1)N(C)C)CN1CCN(CC1)c1ccccc1C,1
O[C@H](COc1ccc(cc1)C(C)=O)CNCCC(c1ccccc1)c1ccccc1,1
O[C@H](COc1cc(ccc1)C(=O)CCc1ccccc1)CN1CCN(CC1)c1ccccc1C,1
O[C@@H](COc1cc(ccc1)C(=O)CCc1ccccc1)CNCCC(c1ccccc1)c1ccccc1,1
O[C@@H](COc1cc(ccc1)C(=O)CCc1ccccc1)CN1CCOCC1,1
O[C@H](COc1ccc(cc1)C(=O)CCc1ccccc1)CNCCC(c1ccccc1)c1ccccc1,1
N(\N=C\c1cccnc1)c1nnc(nn1)n1nc(C)cc1C,0
OC[C@H](O)Cc1cc(OC)c(OC)cc1,0
N(C(=O)C(=O)N1CCCCCC1)\N=C\c1c(F)cccc1Cl,0
O[C@@H](COc1c(cccc1)C(=O)CCc1ccc(cc1)N(C)C)CN1CCN(CC1)c1ccccc1C,1
Nc1ccc(cc1)C(=O)OCCOCC,0
CN(C)c1ccc(cc1)c1nc(nc(n1)C(F)(F)F)C(F)(F)F,0
O[C@@H](COc1c(cccc1)C(=O)CCc1ccccc1)CNCCC,1
O[C@H](COc1c(cccc1)C(=O)CCc1ccccc1)CN(CC)CC,1
O[C@@H](COc1c(cccc1)C(=O)CCc1ccccc1)CN1CCCCC1,1
O[C@H](COc1c(cccc1)C(=O)CCc1ccccc1)CN(C(C)C)C(C)C,1
O[C@@H](COc1c(cccc1)C(=O)CC)CN1CCCCC1,1
O[C@H](COc1c(cccc1)C(=O)CCc1ccccc1)CN1CCN(CC1)c1ccccc1,1
c1cc(c(cc1)OC[C@@H](CN1CCN(CC1)c1c(cccc1)OC)O)C(CCc1ccccc1)=O,1
O[C@H](COc1c(cccc1)C(=O)CC)CN1CCOCC1,0
O[C@H](COc1c(cccc1)C(=O)CCc1ccccc1)CN1CCN(CC1)c1cccc(OC)c1,1
O[C@H](COc1c(cccc1)C(=O)CCc1ccccc1)CN1CCN(CC1)c1ccc(OC)cc1,1
O[C@H](COc1c(cccc1)C(=O)CCc1ccccc1)CN1CCN(CC1)c1ccccc1C,1
O[C@H](COc1c(cccc1)C(=O)CCc1ccccc1)CN1CCN(Cc2ccccc2)CC1,1
O[C@H](COc1c(cccc1)C(=O)CCc1ccccc1)CN1CCN(CC1)c1ccc(F)cc1,1
O[C@H](COc1c(cccc1)C(C)=O)CN1CCN(CC1)c1ccc(F)cc1,1
O[C@H](COc1c(cccc1)C(=O)CCc1ccccc1)CN(C)C,1
O[C@@H](COc1c(cccc1)C(=O)CCc1ccccc1)CN(C)CCC,1
O[C@H](COc1c(cccc1)C(=O)CCc1ccccc1)CN1CCOCC1,1
O[C@H](COc1c(cccc1)C(=O)CCc1ccccc1)CN1CCC(O)(CC1)c1ccccc1,1
O[C@@H](COc1ccc(cc1)C(=O)CCc1ccccc1)CN1CCCCC1,1
O[C@@H](COc1c(cccc1)[C@H](O)CCc1ccccc1)CN1CCCCC1,1
O[C@@H](COc1c(cccc1)[C@H](CCc1ccccc1)OC)CN1CCCCC1,1
C(Cc1c(CCc2ccccc2)c2c(o1)cccc2)N1CCCCC1,1
O[C@H](CNCCC)c1c(CC)c2c(o1)cccc2,1
O[C@@H](CNCCC)c1c(CCc2ccccc2)c2c(o1)cccc2,1
O[C@H](COc1c(cccc1)C(=O)CCc1ccccc1)CN1CCC(Cc2ccccc2)CC1,1
O[C@@H](COc1cc(ccc1)C(C)=O)CN1CCOCC1,0
O[C@@H](COc1c(cc(O)cc1)C(=O)CCc1ccccc1)CN(CCC)CCC,1
O[C@@H](COc1ccc(cc1)C(=O)CCc1ccccc1)CN1CCN(CC1)c1ccc(F)cc1,1
O[C@@H](COc1cc(ccc1)C(=O)CCc1ccccc1)CN1CCCCC1,1
O[C@@H](COc1ccc(cc1)C(=O)CCc1ccccc1)CN1CCOCC1,1
O[C@H](COc1ccccc1[C@@H](O)CCc1ccccc1)CN1CCN(CC1)c1ccc(F)cc1,1
O[C@@H](COc1ccccc1[C@H](CCc1ccccc1)OC)CN1CCN(CC1)c1ccc(F)cc1,1
O[C@@H](COc1cccc(c1)C(=O)CCc1ccccc1)CN1CCN(CC1)c1ccc(F)cc1,1
O[C@@H](COc1ccc(cc1)C(=O)CCc1ccccc1)CN(CCC)CCC,1
O[C@H](COc1ccccc1[C@@H](O)CCc1ccccc1)CN(CCC)CCC,1
O[C@@H](COc1ccccc1[C@H](CCc1ccccc1)OC)CN(CCC)CCC,1
O[C@@H](COc1ccccc1C(=O)CCc1cccc2c1cccc2)CN1CCCCC1,1
O[C@H](COc1ccccc1C(=O)CCc1ccccc1)CNCC(c1ccccc1)c1ccccc1,1
O[C@H](COc1ccccc1C(=O)CCc1cccc2c1cccc2)CNCCC(c1ccccc1)c1ccccc1,1
O=C(CCc1ccccc1)c1ccccc1OCCCN1CCCCC1,1
O=C(CCc1ccccc1)c1ccccc1OCCN1CCCCC1,1
O=C(CCc1ccccc1)c1ccccc1OCCCCN1CCCCC1,1
O=C(CCc1ccccc1)c1ccccc1OCCCCCN1CCCCC1,1
O=C(CCc1ccccc1)c1ccccc1OCCCCCCN1CCCCC1,1
N1[C@@H](N(c2ccc(cc2)[C@H](C)CC)C(=O)c2ccccc12)c1ccc(OC)cc1,1
O=C(CCc1ccccc1)c1ccccc1OCCCCCCCCN1CCCCC1,1
O[C@@H](COc1c(cccc1)[C@H](CCc1ccccc1)OC)CNCCCC(c1ccccc1)c1ccccc1,1
O[C@@H](COc1c(cccc1)[C@@H](O)CCc1ccccc1)CN1CCOCC1,1
O[C@@H](COc1c(cccc1)[C@@H](CCc1ccccc1)OC)CN1CCOCC1,1
O[C@@H](COc1c(cc(Oc2ccccc2)cc1)C(=O)CCc1ccccc1)CNC(C)C,1
O[C@H](COc1c(cc(O)cc1)C(=O)CCc1ccccc1)CN1CCCCC1,1
O[C@@H](COc1c(cccc1)C(=O)CCc1ccccc1)CNCCCC(c1ccccc1)c1ccccc1,1
O[C@H](COc1c(cccc1)C(=O)CCc1ccccc1)CNC1CCCCC1,1
N1[C@@H](N(c2ccc(Oc3ccccc3)cc2)C(=O)c2c1cccc2)c1ccc(OC)cc1,1
N1[C@H](N(c2ccc(cc2)C(C)(C)C)C(=O)c2ccccc12)c1ccc2OCOc2c1,1
N1[C@@H](N(c2ccc(CC)cc2)C(=O)c2ccccc12)c1ccc(OCC(C)C)cc1,1
N1[C@@H](N(c2ccc(CC)cc2)C(=O)c2ccccc12)c1ccc(OCc2ccccc2)cc1,0
N1[C@H](N(c2ccc(Cl)cc2)C(=O)c2c1cccc2)c1ccc(cc1)[C@@H](C)CC,1
N1[C@@H](N(c2ccc(cc2)[C@H](C)CC)C(=O)c2ccccc12)c1ccc(cc1)C(C)C,1
CCCCSc1nc2c(c(=O)n1CC=C)C1(CCCC1)Cc1c2cccc1,1
O[C@H](COc1c(cc(O)cc1)C(=O)CCc1ccccc1)CN(C(C)C)C(C)C,1
O[C@H](COc1c(cccc1)[C@H](CCc1ccccc1)OC(C)C)CN1CCCCC1,1
O[C@H](COc1c(cccc1)C(=O)c1ccccc1)CN1CCC(O)(CC1)c1ccccc1,1
O[C@@H](COc1c(cccc1)C(=O)c1ccccc1)CN1CCN(CC1)c1ccc(F)cc1,1
O[C@H](COc1c(cccc1)C(C)=O)CN1CCC(Cc2ccccc2)CC1,1
O[C@H](COc1c(cccc1)C(C)=O)CN1CCC(O)(CC1)c1ccccc1,1
O[C@H](COc1c(cccc1)C(=O)CCc1ccc(Cl)cc1)CN1CCN(CC1)c1c(C)cccc1,1
O[C@@H](COc1c(cccc1)C(=O)CCc1ccc(OC)cc1)CN1CCN(CC1)c1c(C)cccc1,1
N=C(CCC(=O)N)c1n[nH]c(=S)n1c1ccc(OC)cc1,0
CC(=O)O[C@H](COc1c(cccc1)C(=O)CCc1ccccc1)CN1CCCCC1,1
O[C@@H](COc1c(cccc1)C(=O)CCc1ccccc1)CNc1ccc(cc1)C(=O)OC,1
O[C@H](COc1c(cc(Cl)cc1)C(=O)CCc1ccccc1)CN1CCN(CC1)c1ccccc1C,1
c1c(cc(c(c1)OCC[C@H](CN1CCN(CC1)c1c(cccc1)C)O)C(CCc1ccccc1)=O)OC,1
O[C@@H](COc1c(cc(C)cc1)C(=O)CCc1ccccc1)CN1CCN(CC1)c1ccccc1C,1
O[C@H](COc1c(cccc1)C(=O)CCc1ccccc1)CNc1ccc(cc1)C(F)(F)F,1
O[C@H](COc1c(cccc1)C(=O)CCc1ccccc1)CNc1ccc(cc1)N(=O)=O,1
O[C@H](COc1c(cccc1)C(=O)CCc1ccccc1)CN(C(=O)CC)c1ccccc1,1
O=C(CCc1ccccc1)c1c(OCCCCN2CCOCC2)cccc1,1
Fc1ccc(cc1)N1CCN(CCCCOc2c(cccc2)C(=O)CCc2ccccc2)CC1,1
C[C@H]1CC[C@@H]2COC3=C([C@H]2C1)C(=O)C1=C([C@H]2C[C@@H](C)CC[C@H]2C(C)(C)O1)C3=O,1
COc1ccc2[C@@H]3[C@H](COc2c1)C(C)(C)OC1=C3C(=O)C(=O)C2=C1OC(C)(C)[C@H]1COc3cc(OC)ccc3[C@@H]21,1
COc1ccc2[C@@H]3[C@H](COc2c1)C(C)(C)OC1=C3C(=O)C(=O)C2=C1OC(C)(C)[C@@H]1COc3cc(OC)ccc3[C@H]21,1
COc1cccc(CCc2c(OCCN3CCN(C)CC3)cccc2)c1,1
COc1cccc(CCc2c(OCCCN3CCc4cc(OC)c(OC)cc4C3)cccc2)c1,1
COc1cccc(CCc2c(OCCN3CCN(CC3)c3cc(Cl)ccc3)cccc2)c1,1
COc1cccc(CCc2c(OCCCN3CCN(CC3)c3cc(Cl)ccc3)cccc2)c1,1
COc1cccc(CCc2c(OCCCCN3CCN(CC3)c3cc(Cl)ccc3)cccc2)c1,1
COc1cccc(CCc2c(OCCCCCN3CCN(CC3)c3cc(Cl)ccc3)cccc2)c1,1
COc1cccc(CCc2c(OCCCN3CCN(CC3)c3cc(ccc3)C(F)(F)F)cccc2)c1,1
COc1cccc(CCc2c(OCCCCN3CCN(CC3)c3cc(ccc3)C(F)(F)F)cccc2)c1,1
COc1cccc(CCc2c(OCCCN3CCN(CC3)c3c(OC)cccc3)cccc2)c1,1
COc1cccc(CCc2c(OCCCCN3CCN(CC3)c3c(OC)cccc3)cccc2)c1,1
COc1cccc(CCc2c(OCCCCCN3CCN(CC3)c3c(OC)cccc3)cccc2)c1,1
COc1cccc(CCc2c(OCCN3CCN(CC3)c3ccc(F)cc3)cccc2)c1,1
COc1cccc(CCc2c(OCCCN3CCN(CC3)c3ccc(F)cc3)cccc2)c1,1
COc1cccc(CCc2c(OCCCCN3CCN(CC3)c3ccc(F)cc3)cccc2)c1,1
COc1cccc(CCc2c(OCCCCCN3CCN(CC3)c3ccc(F)cc3)cccc2)c1,1
COc1cccc(CCc2c(OCCN3CCN(CC3)c3ncccn3)cccc2)c1,1
COc1cccc(CCc2c(OCCCN3CCN(CC3)c3ncccn3)cccc2)c1,1
COc1cccc(CCc2c(OCCCCN3CCN(CC3)c3ncccn3)cccc2)c1,1
COc1cccc(CCc2c(OCCCCCN3CCN(CC3)c3ncccn3)cccc2)c1,1
COc1cccc(CCc2c(OCCCCCN3CCN(C)CC3)cccc2)c1,1
COc1cccc(CCc2c(OCCN3CCc4ccccc4C3)cccc2)c1,1
COc1cccc(CCc2c(OCCCN3CCc4ccccc4C3)cccc2)c1,1
COc1cccc(CCc2c(OCCCCN3CCc4ccccc4C3)cccc2)c1,1
COc1cccc(CCc2c(OCCCCCN3CCc4ccccc4C3)cccc2)c1,1
COc1cccc(CCc2c(OCCN3CCc4cc(OC)c(OC)cc4C3)cccc2)c1,1
N([C@H](C)c1ccccc1)C(=O)Nc1ccc(S[C@@H]2CC3=CC(=O)CC[C@]3(C)[C@H]3CC[C@]4(C)[C@H](CC[C@H]4C(C)=O)[C@H]23)cc1,1
OCC12[C@@H]3C4[C@H]1N([C@@H]1C([C@H](N3C(=O)OC)C1(CO)[C@@H]4c1ccccc1)[C@@H]2c1ccccc1)C(=O)OC,1
OCC12[C@H]3C4[C@@H]1N([C@H]1C([C@@H](N3C(=O)OC(C)(C)C)C1(CO)[C@H]4c1ccccc1)[C@@H]2c1ccccc1)C(=O)OC(C)(C)C,1
OCC12[C@H]3C4[C@H](C5([C@@H](N([C@H]24)C(=O)Oc2ccccc2)C([C@H]1c1ccccc1)[C@@H]5N3C(=O)Oc1ccccc1)CO)c1ccccc1,1
OCC12[C@@H]3C4[C@H]1N(Cc1ccccc1)[C@@H]1C([C@H](N3Cc3ccccc3)C1(CO)[C@H]4c1ccccc1)[C@H]2c1ccccc1,1
COc1ccc(cc1)c1cc(=O)c2c(OC)cc(OC)cc2o1,1
OC(=O)Cc1ccccc1Nc1c(Cl)cccc1Cl,0
N(C(=O)OC)c1nc2c(cc(SCC)cc2)[nH]1,0
OC(=O)CC[C@H](NC(=O)c1ccc(cc1)N(C)Cc1cnc2nc(nc(N)c2n1)N)C(=O)O,0
N(C)\C(NCCSCc1ccc(CN(C)C)o1)=C\N(=O)=O,0
NC(=O)OC[C@](C)(CCC)COC(=O)NC(C)C,0
NCCO\N=C(\CCCCOC)c1ccc(cc1)C(F)(F)F,0
N(C)CC\C=C1\c2ccccc2CCc2ccccc12,0
N1C(=S)NC(=O)C(CC)([C@H](C)CCC)C1=O,0
N1C(C)=C([C@@H](c2cccc(c2)N(=O)=O)C(C(=O)OCCN(C)Cc2ccccc2)=C1C)C(=O)OC,1
Oc1c(CN(CC)CC)cc(cc1)Nc1ccnc2cc(Cl)ccc12,1
OC(=O)\C=C\c1cc(O)c(O)cc1,0
OCCNCCNc1c2C(=O)c3c(O)ccc(O)c3C(=O)c2c(cc1)NCCNCCO,0
Nc1ncc2ncn(CCC(COC(C)=O)COC(C)=O)c2n1,0
N(C)CC(C)(C)c1ccccc1,0
N(C[C@H]1C[C@@H]2[C@@H](Cc3cn(C)c4cccc2c34)N(C)C1)C(=O)OCc1ccccc1,1
CCC(=O)N(c1ccccc1)C1(CCN(CC1)CCn1c(=O)n(nn1)CC)COC,0
CCC(=O)N(C1CCN(CC1)CCc1ccccc1)c1ccccc1,1
CN(CCCC1(S(=O)(=O)CCCS1(=O)=O)c1cc(c(cc1)OC)OC)CCc1cc(c(cc1)OC)OC,0
C[N]1(CCCCC[N]2(C)CCCC2)CCCC1,0
Oc1ccc(cc1)c1cc(=O)c2c(O)cc(O)cc2o1,0
OC(=O)C(C)(C)O\N=C(\C(=O)N[C@@H]1[C@H](C)N(C1=O)S(=O)(=O)O)c1csc(n1)N,0
CN(C)CCCOc1nn(Cc2ccccc2)c2c1cccc2,1
C1[C@@H]([C@H](Oc2cc(cc(c12)O)O)c1cc(c(cc1)O)O)O,0
OC(=O)C1=C(CSc2nnc(C)s2)CS[C@H]2N1C([C@@H]2NC(=O)Cn1cnnn1)=O,0
Nc1c(Cl)cc(C(=O)NC2CCN(Cc3ccccc3)CC2)c(OC)c1,0
Oc1c2nc(Cl)nc2n(C)c(=O)n1C,1
Oc1c(Cc2c(O)oc3ccccc3c2=O)c(=O)c2ccccc2o1,0
O[C@@]12OC(C)(NC(=O)[C@H]3C[C@H]4[C@@H](Cc5c[nH]c6cccc4c56)N(C)C3)C(=O)N1[C@@H](Cc1ccccc1)C(=O)N1CCC[C@@H]21,1
OCCNC(=O)Cn1ccnc1N(=O)=O,0
N\C(=[NH]/CCN1CCCCCCC1)N,1
Oc1cc(O)c2C(=O)C[C@@H](Oc2c1)c1cc(O)c(OC)cc1,0
NS(=O)(=O)c1c(Cl)ccc(c1)C(=O)N[C@@H]1[C@@H](C)Nc2ccccc12,0
N\C(=[NH]/Cc1cc(I)ccc1)N,0
O[C@H]([C@@H](C)CCc1c(C(=O)O)c(O)c(C)cc1)[C@@H](C)C(=O)[C@@H](CC)[C@H]1O[C@@](CC)(C[C@H]1C)[C@@H]1CC[C@@](O)(CC)[C@@H](C)O1,1
N(Cc1ccccc1)c1ncnc2c1[nH]cn2,0
Oc1ccc(cc1)C(=O)N\N=C\c1ccc(o1)N(=O)=O,0
O[C@]1(CC[C@@H]2[C@@H]3CCC4=CC(=O)CC[C@H]4[C@H]3CC[C@@]12C)C#C,0
On1ccccc1=S,0
Oc1c(cc(C)c(CC2=NCCN2)c1C)C(C)(C)C,1
[NH2]=C(N)c1ccc(OCCCCCOc2ccc(cc2)C(=N)N)cc1,0
O=C1C(C(=O)c2ccccc12)c1ccccc1,0
O[C@@H]([C@H](C)N)c1ccccc1,0
CN1CC\C(CC1)=C1\c2ccccc2Sc2c1cccc2,1
OC(C(=O)O[C@H]1CCC[N](C)(CC)C1)(c1ccccc1)c1ccccc1,0
OC(=O)[C@H]1N2[C@@H](SC1(C)C)C(NC(=O)[C@H](NC(=O)N1CCN(CC)C(=O)C1=O)c1ccccc1)C2=O,0
CCCCCCCCCCCCC(CCCN(C)CCc1cc(OC)ccc1)(C#N)c1cc(OC)ccc1,1
Oc1ccc(\C=C\c2cc(O)cc(O)c2)cc1,0
OC[C@@]1(O)[C@H](C)C\C(=C/C)C(=O)O[C@H]2CCN3CC=C(COC1=O)C23,0
C1CCN2C[C@H]3C[C@@H](CN4CCCC[C@H]34)[C@H]2C1,0
CC(=O)S[C@@H]1CC2=CC(=O)CC[C@@]2(C)[C@@H]2CC[C@@]3(C)[C@H](CC[C@@]43CCC(=O)O4)[C@H]12,1
Clc1ccc(CS[C@@H](Cn2ccnc2)c2c(Cl)cc(Cl)cc2)cc1,0
OC(=O)c1c(OC(C)=O)cc(cc1)C(F)(F)F,0
O[C@@H]1CC[C@@]2(C)[C@H](CC[C@]3(C)[C@@H]2CC=C2[C@@H]4[C@@H](C)[C@H](C)CC[C@]4(CC[C@]32C)C(=O)O)C1(C)C,0
N1CCN=C1Cc1c(C)cc(cc1C)C(C)(C)C,0
[nH]1nc2c(nc(nc2=O)c2ccccc2OCCC)[nH]1,0
Nc1ccc(cc1)c1cc(cc(c1)C(F)(F)F)C(F)(F)F,1
N1C(=O)N(C)C(=O)[C@]1(CC)c1ccccc1,0
CC(C)[C@H](C(=O)O[C@H](C#N)c1cc(Oc2ccccc2)ccc1)c1ccc(Cl)cc1,0
N([C@@H](C(C)C)C(=O)O[C@@H](C#N)c1cc(Oc2ccccc2)ccc1)c1c(Cl)cc(cc1)C(F)(F)F,0
N1C(C)=C([C@H](c2cccc(c2)N(=O)=O)C(C(=O)OCCCN2CCC(CC2)(c2ccccc2)c2ccccc2)=C1C)C(=O)OC,1
c1ccc2c(n1)cccc2OC[C@@H](O)CN1CCN(CC1)C(=O)C(c1ccccc1)c1ccccc1,1
OC[C@H]1Oc2c(O[C@H]1c1ccc(O)c(OC)c1)cc(cc2)c1c(O)c(=O)c2c(O)cc(OCc3ccccc3)cc2o1,1
CCCOc1c(OC)cc2oc(cc(=O)c2c1O)c1ccccc1,1
COc1c2c(=O)cc(oc2cc(OC(C)=O)c1OC(C)=O)c1ccccc1,1
O[C@@H](COc1ccccc1C(C)=O)CN1CCN(CC1)c1cccc(C)c1C,1
O[C@H](COc1c(cc(OC)cc1)C(C)=O)CN1CCN(CC1)c1ccccc1C,1
O[C@H](COc1c(cc(C(C)=O)c(C)c1)C(C)=O)CN1CCN(CC1)c1ccccc1C,1
O[C@H](COc1cc(ccc1)C(=O)CCc1ccccc1)CN1CCN(CC1)c1cccc(C)c1C,1
Oc1c(cccc1OC)\C=N\NC(=O)C(=O)NC(C)(C)C,0
O[C@@H](COc1c(cccc1)C(=O)c1ccccc1)CN(CC)CC,1
O[C@@H](CN1CCN(CC1)c1cccc(OC)c1)c1c(CCc2ccccc2)c2c(o1)cccc2,1
O[C@H](COc1ccccc1C(=O)CCc1ccccc1)CNC(c1ccccc1)c1ccccc1,1
O=C(CCc1ccccc1)c1ccccc1OCCCCCCCN1CCCCC1,1
O[C@H](COc1c(cc(Oc2ccccc2)cc1)C(=O)CCc1ccccc1)CN1CCCCC1,1
O[C@H](COc1c(cccc1)C(=O)CCc1ccccc1)CNc1ccccc1,1
O[C@@H](COc1c(cc(Oc2ccccc2)cc1)C(=O)CCc1ccccc1)CN1CCN(Cc2ccccc2)CC1,1
O[C@@H](COc1c(cccc1)C(=O)CCc1ccc(C)cc1)CN1CCN(CC1)c1c(C)cccc1,1
COc1ccc2[C@@H]3[C@H](COc2c1)C(C)(C)OC1=C3C(=O)C(=O)C2=C1OC(C)(C)[C@H]1COc3cc(OC)ccc3[C@@H]21,1
COc1cccc(CCc2c(OCCCCN3CCc4cc(OC)c(OC)cc4C3)cccc2)c1,1
COc1cccc(CCc2c(OCCCCCN3CCc4cc(OC)c(OC)cc4C3)cccc2)c1,1
COc1cccc(CCc2c(OCCCN3CCN(C)CC3)cccc2)c1,1
COc1cccc(CCc2c(OCCCCN3CCN(C)CC3)cccc2)c1,1
N(CCCl)C(=O)Nc1ccc(S[C@@H]2CC3=CC(=O)CC[C@]3(C)[C@H]3CC[C@@]4(C)[C@H](CC[C@H]4C(C)=O)[C@H]23)cc1,1
N(CC)C(=O)Nc1ccc(S[C@@H]2CC3=CC(=O)CC[C@]3(C)[C@@H]3CC[C@@]4(C)[C@H](CC[C@@H]4C(C)=O)[C@H]23)cc1,1
CCCCCc1ccc(cc1)C(=O)Nc1ccccc1C(=O)NCCN1CCc2cc(c(cc2C1)OC)OC,1
Cc1cccc(c1NC(=O)c1ccc(cc1)C(C)C)C(=O)NCCN1CCc2cc(c(cc2C1)OC)OC,1
CC(C)c1ccc(cc1)C(=O)Nc1c(cccc1Cl)C(=O)NCCN1CCc2cc(c(cc2C1)OC)OC,1
CC(C)c1ccc(cc1)C(=O)Nc1cccc(c1C(=O)NCCN1CCc2cc(c(cc2C1)OC)OC)Cl,1
COc1cc2c(cc1OC)CN(CC2)CCNC(=O)c1ccccc1NC(=O)c1ccc(cc1)Oc1ccccc1,1
COc1cc2c(cc1OC)CN(CC2)CCNC(=O)c1ccccc1NC(=O)c1ccc(cc1)C(=O)c1ccccc1,1
CC(C)c1ccc(cc1)C(=O)Nc1cc(ccc1C(=O)NCCN1CCc2cc(c(cc2C1)OC)OC)N,1
COc1cc2c(cc1OC)CN(CC2)CCNC(=O)c1ccccc1NC(=O)c1ccc(cc1)OC1CCCCC1,1
COc1cc2c(cc1OC)CN(CC2)CCNC(=O)c1ccccc1NC(=O)c1ccc(cc1)OCc1ccccc1,1
COc1cc2c(cc1OC)CN(CC2)CCc1ccc(cc1)NC(=O)c1ccccc1NC(=O)c1cccc2c1cccc2,1
COc1cc2c(cc1OC)CN(CC2)CCNC(=O)c1ccccc1NC(=O)c1ccc(cc1)c1ccccc1,1
COc1cc2c(cc1OC)CN(CC2)CCc1ccc(cc1)NC(=O)c1ccccc1NC(=O)c1cccs1,1
COc1cc2c(cc1OC)CN(CC2)CCc1ccc(cc1)NC(=O)c1ccccc1NC(=O)c1ccsc1,1
COc1cc2c(cc1OC)CN(CC2)CCc1ccc(cc1)NC(=O)c1ccccc1NC(=O)c1ccoc1,1
Cc1ccc(cc1C)C(=O)Nc1ccccc1C(=O)Nc1ccc(cc1)CCN1CCc2cc(c(cc2C1)OC)OC,1
COc1cc2c(cc1OC)CN(CC2)CCc1ccc(cc1)NC(=O)c1ccccc1NC(=O)c1cc2ccccc2o1,1
COc1cc2c(cc1OC)CN(CC2)CCc1ccc(cc1)NC(=O)c1ccccc1NC(=O)c1cc2ccccc2nc1,1
COc1cc2c(cc1OC)CN(CC2)CCc1ccc(cc1)NC(=O)c1ccccc1NC(=O)c1ccc2ccccc2n1,1
CCC(=O)c1cnc(cn1)C(=O)Nc1ccccc1C(=O)Nc1ccc(cc1)CCN1CCc2cc(c(cc2C1)OC)OC,1
COc1cc2c(cc1OC)CN(CC2)CCNC(=O)c1ccccc1NC(=O)c1ccc2ccccc2c1,1
COc1cc2c(cc1OC)CN(CC2)Cc1ccc(cc1)NC(=O)c1ccccc1NC(=O)c1cc2ccccc2nc1,1
COc1cc2c(cc1OC)CN(CC2)CCc1ccc(cc1)NC(=O)c1ccccc1NC(=O)c1cc2c(nc1)CCCC2,1
CN(CCc1ccc(cc1)NC(=O)c1ccccc1NC(=O)c1cnc2ccccc2n1)Cc1ccc(c(c1)OC)OC,1
COc1cc2c(cc1OC)CN(CC2)CCNC(=O)c1ccccc1NC(=O)c1ccc(cc1)C1CCCCC1,1
CN(CCc1ccc(cc1)NC(=O)c1ccccc1NC(=O)c1cc2ccccc2nc1)Cc1ccc(c(c1)F)F,1
CN(CCc1ccc(cc1)NC(=O)c1ccccc1NC(=O)c1cc2ccccc2nc1)Cc1ccc(c(c1)O)OC,1
CN(CCc1ccc(cc1)NC(=O)c1ccccc1NC(=O)c1cc2ccccc2nc1)Cc1ccc(c(c1)OC)O,1
Cc1cnc(cn1)C(=O)Nc1ccccc1C(=O)Nc1cccc(c1)CCN1CCc2cc(c(cc2C1)OC)OC,1
CC(C)(C)c1ccc(cc1)C(=O)Nc1ccccc1C(=O)NCCN1CCc2cc(c(cc2C1)OC)OC,1
CC(C)c1ccc(cc1)C(=O)Nc1cc(ccc1C(=O)NCCN1CCc2cc(c(cc2C1)OC)OC)Cl,1
CC(C)c1ccc(cc1)C(=O)Nc1ccc(cc1C(=O)NCCN1CCc2cc(c(cc2C1)OC)OC)Cl,1
COc1cc2c(cc1OC)CN(CC2)CCNC(=O)c1ccccc1NC(=O)c1ccc2ccccc2n1,1
COc1cc2c(cc1OC)CN(CC2)CCNC(=O)c1ccccc1NC(=O)c1cc2ccccc2cn1,1
CCCc1ccc(cc1)C(=O)Nc1ccccc1C(=O)NCCN1CCc2cc(c(cc2C1)OC)OC,1
COc1cc2c(cc1OC)CN(CC2)CCNC(=O)c1ccccc1NC(=O)c1ccc(cc1)Br,1
COc1cc2c(cc1OC)CN(CC2)CCNC(=O)c1ccccc1NC(=O)c1ccc(cc1)Cc1ccccc1,1
COc1cc2c(cc1OC)CN(CC2)CCc1ccc(cc1)NC(=O)c1ccccc1NC(=O)c1ccccn1,1
COc1cc2c(cc1OC)CN(CC2)CCc1ccc(cc1)NC(=O)c1ccccc1NC(=O)c1cccnc1,1
COc1cc2c(cc1OC)CN(CC2)CCc1ccc(cc1)NC(=O)c1ccccc1NC(=O)c1cnccn1,1
COc1cccc(c1)C(=O)Nc1ccccc1C(=O)Nc1ccc(cc1)CCN1CCc2cc(c(cc2C1)OC)OC,1
COc1ccc(cc1OC)CN1CCc2ccc(cc2C1)NC(=O)c1ccccc1NC(=O)c1cnc2ccccc2n1,1
CN(CCc1ccc(cc1)NC(=O)c1ccccc1NC(=O)c1cc2ccccc2nc1)CCc1ccc(c(c1)OC)OC,1
Cc1nc(cs1)C(=O)Nc1ccccc1C(=O)Nc1ccc(cc1)CCN1CCc2cc(c(cc2C1)OC)OC,1
c1ccc(cc1)CCNc1c2c(c(c3n2CCCC3)C#N)ncn1,1
c1ccc(cc1)CS(=O)(=O)Nc1c2c(c(c3n2CCCC3)C#N)ncn1,1
c1ccc2c(c1)c(c[nH]2)CCN1CCN(CC1)c1c2c(c(c3n2CCCC3)C#N)ncn1,1
c1ccc(cc1)CCN1CCN(CC1)c1c2c(c(c3n2CCCC3)C#N)ncn1,1
c1ccc(cc1)CCCN1CCN(CC1)c1c2c(c(c3n2CCCC3)C#N)ncn1,1
c1ccc(cc1)CS(=O)(=O)N1CCN(CC1)c1c2c(c(c3n2CCCC3)C#N)ncn1,1
c1ccc(cc1)C(=O)CN1CCN(CC1)c1c2c(c(c3n2CCCC3)C#N)ncn1,1
c1ccc(c(c1)CCN1CCN(CC1)c1c2c(c(c3n2CCCC3)C#N)ncn1)Cl,1
c1cc(cc(c1)Cl)CCN1CCN(CC1)c1c2c(c(c3n2CCCC3)C#N)ncn1,1
c1cc(ccc1CCN1CCN(CC1)c1c2c(c(c3n2CCCC3)C#N)ncn1)Cl,1
c1cc(cc(c1)N(=O)=O)CCN1CCN(CC1)c1c2c(c(c3n2CCCC3)C#N)ncn1,1
c1cc(ccc1CCN1CCN(CC1)c1c2c(c(c3n2CCCC3)C#N)ncn1)N(=O)=O,1
COc1cccc(c1)CCN1CCN(CC1)c1c2c(c(c3n2CCCC3)C#N)ncn1,1
c1cc(c(cc1CCN1CCN(CC1)c1c2c(c(c3n2CCCC3)C#N)ncn1)F)F,1
c1ccc(cc1)CCN1CCN(CC1)c1c2c(c(c3n2CCCC3)C#N)nc(n1)I,1
c1ccc(cc1)CCN1CCN(CC1)c1c2c(c(c3n2CCCC3)C#N)nc(n1)c1ccccc1,1
CC(=O)Nc1ccc(cc1)c1nc2c(c3n(c2c(n1)N1CCN(CC1)CCc1ccccc1)CCCC3)C#N,1
c1cc(c(cc1CCN1CCN(CC1)c1c2c(c(c3n2CCCC3)C#N)nc(n1)c1ccncc1)F)F,1
Cc1ccccc1c1nc2c(c3n(c2c(n1)N1CCN(CC1)CCc1ccc(c(c1)F)F)CCCC3)C#N,1
c1ccc(cc1)CCN1CCN(CC1)c1c2c(c(c3n2CCCC3)C(=O)c2ccccc2)ncn1,1
COC(=O)c1c2n(c3c1ncnc3N1CCN(CC1)CCc1ccccc1)CCCC2,1
Cc1c(sc(n1)c1c2n(c3c1ncnc3N1CCN(CC1)CCc1ccccc1)CCCC2)C,1
Cc1nc(no1)c1c2n(c3c1ncnc3N1CCN(CC1)CCc1ccccc1)CCCC2,1
CCNC(=O)c1c2n(c3c1ncnc3N1CCN(CC1)CCc1ccc(c(c1)F)F)CCCC2,1
COc1cccc(c1OC)CNC(=O)c1c2n(c3c1ncnc3N1CCN(CC1)CCc1ccc(c(c1)F)F)CCCC2,1
c1ccnc(c1)CNC(=O)c1c2n(c3c1ncnc3N1CCN(CC1)CCc1ccc(c(c1)F)F)CCCC2,1
c1cc(cnc1)NC(=O)c1c2n(c3c1ncnc3N1CCN(CC1)CCc1ccc(c(c1)F)F)CCCC2,1
CCCNC[C@@H](COc1ccccc1C(=O)CCc1ccccc1)O,1
CC(C)N(C[C@@H](COc1ccccc1[C@@H](CCc1ccccc1)O)O)C(C)C,1
c1ccc(cc1)CC[C@H](c1ccccc1OC[C@H](CN1CCOCC1)O)O,1
CO[C@H](CCc1ccccc1)c1ccccc1OC[C@@H](CN1CCCCC1)O,1
CO[C@@H](CCc1ccccc1)c1ccccc1OC[C@H](CN1CCN(CC1)c1ccc(cc1)F)O,1
CC(C)N(C[C@@H](COc1ccccc1[C@H](CCc1ccccc1)OC)O)C(C)C,1
CO[C@@H](CCc1ccccc1)c1ccccc1OC[C@@H](CNCCC(c1ccccc1)c1ccccc1)O,1
c1ccc2c(c1)cccc2CCC(=O)c1ccccc1OC[C@H](CN1CCCCC1)O,1
CC(C)N(C[C@H](COc1ccccc1C(=O)CCc1cccc2c1cccc2)O)C(C)C,1
c1ccc(cc1)C1(CCN(CC1)C[C@@H](COc1ccccc1C(=O)CCc1cccc2c1cccc2)O)O,1
c1ccc(cc1)C(CCNC[C@H](COc1ccccc1C(=O)CCc1cccc2c1cccc2)O)c1ccccc1,1
CCC(=O)c1ccccc1OC[C@@H](CN1CCOCC1)O,0
CCC(=O)c1ccccc1OC[C@@H](CN1CCC(CC1)(c1ccccc1)O)O,1
c1ccc(cc1)C(=O)c1ccccc1OC[C@@H](CN1CCC(CC1)(c1ccccc1)O)O,1
c1ccc(cc1)CCC(=O)c1ccc(cc1)OC[C@H](CN1CCCCC1)O,1
c1ccc(cc1)CCC(=O)c1ccc(cc1)OC[C@H](CN1CCN(CC1)c1ccc(cc1)F)O,1
CC(C)N(C[C@H](COc1ccc(cc1)C(=O)CCc1ccccc1)O)C(C)C,1
c1ccc(cc1)CCC(=O)c1ccc(cc1)OC[C@H](CN1CCOCC1)O,1
CCCNC[C@@H](COc1ccc(cc1C(=O)CCc1ccccc1)O)O,1
c1ccc(cc1)CCC(=O)c1cc(ccc1OC[C@@H](CN1CCN(CC1)Cc1ccccc1)O)O,1
CCCNC[C@@H](COc1ccc(cc1C(=O)CCc1ccccc1)OCc1ccccc1)O,1
c1ccc(cc1)CCC(=O)c1cc(ccc1OC[C@H](CN1CCCCC1)O)OCc1ccccc1,1
CC(C)N(C[C@H](COc1ccc(cc1C(=O)CCc1ccccc1)OCc1ccccc1)O)C(C)C,1
c1ccc(cc1)CCC(=O)c1cc(ccc1OC[C@@H](CN1CCN(CC1)Cc1ccccc1)O)OCc1ccccc1,1
CC(=O)c1ccc(cc1)OC[C@H](CN1CCN(CC1)c1ccc(cc1)F)O,1
CC(=O)c1ccc(cc1)OC[C@H](CN1CCOCC1)O,0
CC(=O)c1cccc(c1)OC[C@H](CN1CCN(CC1)c1ccc(cc1)F)O,1
c1ccc(cc1)CCC(=O)c1ccccc1OC[C@@H](CN1CCN(CC1)Cc1ccccc1)O,1
c1ccc(cc1)CCC(=O)c1ccccc1OC[C@@H](CN1CCC(CC1)(c1ccccc1)O)O,1
c1ccc(cc1)CCC(=O)c1ccccc1OC[C@H](CNCCC(c1ccccc1)c1ccccc1)O,1
c1ccc(cc1)CC[C@H](c1ccccc1OC[C@H](CN1CCCCC1)O)O,1
CCN(CC)C[C@H](COc1ccccc1C(=O)CCc1ccccc1)O,1
c1ccc(cc1)CCC(=O)c1ccccc1OC[C@H](CNCc1ccccc1)O,1
c1ccc(cc1)CCC(=O)c1ccccc1OC[C@@H](CN1CCCC1)O,1
COc1ccccc1N1CCN(CC1)C[C@@H](c1c(c2ccccc2o1)CCc1ccccc1)O,1
CCCNCCc1c(c2ccccc2o1)CCc1ccccc1,1
CC(C)NCCc1c(c2ccccc2o1)CCc1ccccc1,1
COc1ccccc1N1CCN(CC1)CC(=O)c1c(c2ccccc2o1)CCc1ccccc1,1
c1ccc(cc1)CCC(=O)c1ccccc1OC[C@@H](CNC1CCCCC1)O,1
COc1ccccc1N1CCN(CC1)C[C@@H](COc1ccccc1C(=O)CCc1ccccc1)O,1
c1ccc(cc1)CCC(=O)c1ccccc1OC[C@@H](CNc1ccccc1)O,1
COC(=O)c1ccc(cc1)NC[C@@H](COc1ccccc1C(=O)CCc1ccccc1)O,1
c1ccc(cc1)CCC(=O)c1ccccc1OC[C@@H](CNCC(c1ccccc1)c1ccccc1)O,1
Cc1c(c(=O)n(n1C[C@@H](CN(C(C)C)C(C)C)O)c1ccccc1)C(=O)c1ccccc1,1
Cc1c(c(=O)n(n1C[C@H](CNC(C)(C)C)O)c1ccccc1)C(=O)c1ccccc1,0
Cc1ccccc1N1CCN(CC1)C[C@@H](Cn1c(C)c(c(=O)n1c1ccccc1)C(=O)c1ccccc1)O,1
CCCNC[C@H](Cn1c(c(c(=O)n1c1ccccc1)C(=O)c1cccs1)C)O,0
Cc1c(c(=O)n(n1C[C@H](CNC(C)C)O)c1ccccc1)C(=O)c1cccs1,0
CCCNC[C@@H](Cn1c(c(c(=O)n1c1ccccc1)C(=O)CCc1ccccc1)C)O,1
Cc1c(c(=O)n(n1C[C@@H](CNC(C)C)O)c1ccccc1)C(=O)CCc1ccccc1,1
CCCCNC[C@H](Cn1c(c(c(=O)n1c1ccccc1)C(=O)CCc1ccccc1)C)O,1
Cc1c(c(=O)n(n1C[C@H](CNC(C)(C)C)O)c1ccccc1)C(=O)CCc1ccccc1,1
Cc1ccccc1N1CCN(CC1)C[C@@H](Cn1c(c(c(=O)n1c1ccccc1)C(=O)CCc1ccccc1)C)O,1
Cc1c(c(n(n1)C)OC[C@H](CN(C(C)C)C(C)C)O)C(=O)c1ccccc1,1
Cc1c(c(n(n1)c1ccccc1)OC[C@H](CN(C(C)C)C(C)C)O)C(=O)c1ccccc1,1
Cc1c(c(=O)n(n1C[C@H](CNC(C)C)O)c1ccccc1)C(=O)c1ccccc1,0
CC1([C@@H]([C@H](c2cc(ccc2O1)C#N)N1CCN(CC1)Cc1ccccc1)O)C,1
CC1([C@@H]([C@H](c2cc(ccc2O1)C#N)NC)O)C,0
CC1([C@@H]([C@H](c2cc(ccc2O1)C#N)N(Cc1ccccc1)CC(=O)OC(C)(C)C)O)C,1
Cc1ccc(cc1)C(=O)N1c2ccccc2[C@@H]([C@H]([C@@H]1C)O)NCc1ccccc1,1
Cc1ccc(cc1)C(=O)N1c2ccccc2[C@@H]([C@H]([C@@H]1C)O)N1CCN(CC1)Cc1ccccc1,1
Cc1ccc(cc1)C(=O)N1c2ccccc2[C@@H]([C@H]([C@@H]1C)O)N1CCCC1,1
CCN(CC)CCC[C@H](C)N[C@H]1c2ccccc2N([C@H]([C@@H]1O)C)C(=O)c1ccc(cc1)C,1
Cc1ccc(cc1)C(=O)O[C@H]1[C@@H](Nc2ccccc2[C@@H]1N1CCCC1)C,1
CCN(CC)CCC[C@H](C)N[C@H]1c2ccccc2N[C@H]([C@@H]1OC(=O)c1ccc(cc1)C)C,1
C(Cc1ccccc1OCc1ccccc1)c1ccccc1,0
COc1cccc(CCc2ccccc2OCc2ccccc2OC)c1,1
COc1ccc(COc2ccccc2CCc2ccccc2)cc1,1
COc1ccc(COc2ccccc2CCc2cccc(OC)c2)cc1,1
COc1cccc(COc2ccccc2CCc2ccccc2)c1OC,1
COc1cccc(CCc2ccccc2OCc2cccc(OC)c2OC)c1,1
COc1ccc(COc2ccccc2CCc2ccccc2)cc1OC,1
COc1cccc(CCc2ccccc2OCc2ccc(OC)c(OC)c2)c1,1
COc1cc(COc2ccccc2CCc2ccccc2)cc(OC)c1,1
COc1cccc(CCc2ccccc2OCc2cc(OC)cc(OC)c2)c1,1
COc1cccc(CCc2ccccc2OCc2ccncc2)c1,1
COc1cccc(CCc2ccccc2NCc2cccc(OC)c2)c1,1
COc1cccc(CCc2ccccc2NCc2cccc(OC)c2OC)c1,1
COc1cccc(CCc2ccccc2NCc2ccc(OC)c(OC)c2)c1,1
COc1cccc(CCc2ccccc2NCc2cc(OC)cc(OC)c2)c1,1
C(Cc1ccccc1OCc1ccccn1)c1ccccc1,0
C(Cc1ccccc1OCc1cccnc1)c1ccccc1,0
COc1cccc(CCc2ccccc2OCc2cccnc2)c1,0
OCC12[C@H]3C4[C@@H]1N(Cc1ccccc1)[C@H]1C([C@@H](N3Cc3ccccc3)C1(CO)[C@@H]4c1ccccc1)[C@@H]2c1ccccc1,1
COc1ccc(CCN(C)CC#CCN2C(=O)[C@H]3[C@H](C4c5ccccc5C3c3ccccc43)C2=O)cc1OC,1
COc1ccc(CCN(C)CCCN2C(=O)[C@@H]3[C@H](C4c5ccccc5C3c3ccccc43)C2=O)cc1OC,1
COc1ccc(CCN(C)CCN2C(=O)[C@H]3[C@@H](C4c5ccccc5C3c3ccccc43)C2=O)cc1OC,1
CCCCCCC[C@@H]1[C@@H](C(=O)O[C@H](C(=O)N([C@H]([C@@H](CC(=O)O1)OCOC)Cc1ccccc1)C)C(C)C)C,1
C[C@H]1COC(=O)C[C@H]([C@@H](N(C(=O)[C@@H](OC1=O)C(C)C)C)Cc1ccccc1)O,1
C[C@H]1COC(=O)C[C@H]([C@H](N(C(=O)[C@@H](OC1=O)C(C)C)C)Cc1ccccc1)OCOC,1
CCCCCCC[C@@H]1[C@@H](C(=O)O[C@H](C(=O)N([C@H](CCC(=O)O1)Cc1ccccc1)C)C(C)C)C,1
CCCCCCC[C@@H]1[C@@H](C(=O)O[C@H](C(=O)N([C@H]([C@H](CC(=O)O1)O)Cc1ccccc1)C)C(C)C)C,1
CCCCCCC[C@@H]1[C@@H](C(=O)O[C@H](C(=O)N([C@H]([C@H](CC(=O)O1)OCOC)Cc1ccccc1)C)C(C)C)C,1
CCCCCCC[C@@H]1[C@@H](C(=O)OC(C(=O)N([C@H]([C@@H](CC(=O)O1)O)Cc1ccccc1)C)(C)C)C,1
CCCCCCC[C@@H]1[C@@H](C(=O)OC(C(=O)N([C@H]([C@@H](CC(=O)O1)OCOC)Cc1ccccc1)C)(C)C)C,1
CCCC[C@@H]1[C@@H](C(=O)OCC(=O)N([C@H]([C@@H](CC(=O)O1)O)Cc1ccccc1)C)C,1
CCCCCCC[C@@H]1[C@@H](C(=O)O[C@H](C(=O)N([C@H]([C@@H](CC(=O)O1)O)Cc1ccccc1)C)C)C,1
CCCC[C@@H]1[C@@H](C(=O)OCC(=O)N([C@H]([C@@H](CC(=O)O1)OCOC)Cc1ccccc1)C)C,1
CCCCCCC[C@H]1[C@H](C(=O)O[C@H](C(=O)N([C@H]([C@@H](CC(=O)O1)O)Cc1ccccc1)C)C(C)C)C,1
CCCCCCC[C@H]1[C@H](C(=O)O[C@H](C(=O)N([C@H]([C@@H](CC(=O)O1)OCOC)Cc1ccccc1)C)C(C)C)C,1
CN([C@@H](Cc1ccccc1)[C@@H](CC(=O)OC)OCOC)C(=O)OCc1ccccc1,1
CN([C@@H](Cc1ccccc1)[C@@H](CC(=O)OC)O)C(=O)OCc1ccccc1,1
CCCCCCC[C@H]([C@H](C)C(=O)O[C@@H](C(C)C)C(=O)OC)O,1
CCCCCCC[C@@H]1[C@@H](C(=O)O[C@H](C(=O)N([C@H]([C@@H](CC(=O)O1)OCOC)Cc1ccccc1)C)C)C,1
CCCCCCC[C@@H]1[C@@H](C(=O)OCC(=O)N([C@H]([C@@H](CC(=O)O1)O)Cc1ccccc1)C)C,1
CCCCCCC[C@@H]1[C@@H](C(=O)OCC(=O)N([C@H]([C@@H](CC(=O)O1)OCOC)Cc1ccccc1)C)C,1
CCCCCCC[C@@H]1CC(=O)O[C@H](C(=O)N([C@H]([C@@H](CC(=O)O1)O)Cc1ccccc1)C)C(C)C,1
CCCCCCC[C@@H]1CC(=O)O[C@H](C(=O)N([C@H]([C@@H](CC(=O)O1)OCOC)Cc1ccccc1)C)C(C)C,1
C[C@H]1[C@H](OC(=O)C[C@H]([C@@H](N(C(=O)[C@@H](OC1=O)C(C)C)C)Cc1ccccc1)O)C,1
C[C@H]1[C@H](OC(=O)C[C@H]([C@@H](N(C(=O)[C@@H](OC1=O)C(C)C)C)Cc1ccccc1)OCOC)C,1
c1ccc2c(c1)c(=O)c1ccccc1n2CCCCN1CCCCC1,1
COc1cccc2c1n(c1ccccc1c2=O)CCCCN1CCCCC1,1
c1ccc2c(c1)c(=O)c1ccccc1n2CCCCN1CCOCC1,1
COc1cccc2c1n(c1ccccc1c2=O)CCCCN1CCOCC1,1
c1ccc2c(c1)c(=O)c1ccccc1n2CCCCN(CCO)CCO,1
COc1cccc2c1n(c1ccccc1c2=O)CCCCN(CCO)CCO,1
c1ccc2c(c1)c(=O)c1ccccc1n2CCCCN1CCN(CC1)CCO,1
COc1cccc2c1n(c1ccccc1c2=O)CCCCN1CCN(CC1)CCO,1
COc1cccc2c1[nH]c1ccccc1c2=O,1
c1ccc2c(c1)c(=O)c1ccccc1n2CCCCl,1
COc1cccc2c1n(c1ccccc1c2=O)CCCCl,1
CN1CCN(CC1)CCCn1c2ccccc2c(=O)c2c1cccc2,1
CN1CCN(CC1)CCCn1c2ccccc2c(=O)c2c1c(ccc2)OC,1
c1ccc2c(c1)c(=O)c1ccccc1n2CCCN1CCCCC1,1
COc1cccc2c1n(c1ccccc1c2=O)CCCN1CCCCC1,1
c1ccc2c(c1)c(=O)c1ccccc1n2CCCN1CCOCC1,1
COc1cccc2c1n(c1ccccc1c2=O)CCCN1CCOCC1,1
c1ccc2c(c1)c(=O)c1ccccc1n2CCCN(CCO)CCO,1
COc1cccc2c1n(c1ccccc1c2=O)CCCN(CCO)CCO,1
c1ccc2c(c1)c(=O)c1ccccc1n2CCCN1CCN(CC1)CCO,1
COc1cccc2c1n(c1ccccc1c2=O)CCCN1CCN(CC1)CCO,1
c1ccc2c(c1)c(=O)c1ccccc1n2CCCCCl,1
COc1cccc2c1n(c1ccccc1c2=O)CCCCCl,1
CN1CCN(CC1)CCCCn1c2ccccc2c(=O)c2c1cccc2,1
CN1CCN(CC1)CCCCn1c2ccccc2c(=O)c2c1c(ccc2)OC,1
CN(C)c1ccc(cc1)c1c(nc([nH]1)c1ccc(cc1)CCC(=O)OC)c1ccc(cc1)N(C)C,1
CN(C)c1ccc(cc1)c1c(nc([nH]1)c1ccc(cc1)\C=C\C#N)c1ccc(cc1)N(C)C,1
CN(C)c1ccc(cc1)c1c(nc([nH]1)c1ccc(cc1)\C=C\COC)c1ccc(cc1)N(C)C,1
CN(C)c1ccc(cc1)c1c(nc([nH]1)c1ccc(cc1)CCCOC)c1ccc(cc1)N(C)C,1
CN(C)c1ccc(cc1)c1c(nc([nH]1)c1ccc(cc1)C(=O)OC)c1ccc(cc1)N(C)C,1
CN(C)c1ccc(cc1)c1c(nc([nH]1)c1ccc(cc1)CCCCOC)c1ccc(cc1)N(C)C,1
CN(C)c1ccc(cc1)c1c(nc([nH]1)c1ccc(cc1)[C@@H]1C[C@@H]1C(=O)OC)c1ccc(cc1)N(C)C,1
CCCCOC\C=C\c1ccc(cc1)c1[nH]c(c(n1)c1ccc(cc1)N(C)C)c1ccc(cc1)N(C)C,1
CN(C)c1ccc(cc1)c1c(nc([nH]1)c1ccc(cc1)\C=C\COCCOC)c1ccc(cc1)N(C)C,1
CN(C)c1ccc(cc1)c1c(nc([nH]1)c1ccc(cc1)\C=C\COCc1ccccc1)c1ccc(cc1)N(C)C,1
CN(C)c1ccc(cc1)c1c(nc([nH]1)c1ccc(cc1)\C=C\COc1ccccc1)c1ccc(cc1)N(C)C,1
CCN(CC)C(=O)OC\C=C\c1ccc(cc1)c1[nH]c(c(n1)c1ccc(cc1)N(C)C)c1ccc(cc1)N(C)C,1
CCCCC(=O)OC\C=C\c1ccc(cc1)c1[nH]c(c(n1)c1ccc(cc1)N(C)C)c1ccc(cc1)N(C)C,1
CN(C)C\C=C\c1ccc(cc1)c1nc(c([nH]1)c1ccc(cc1)N(C)C)c1ccc(cc1)N(C)C,1
CN(C)c1ccc(cc1)c1c(nc([nH]1)c1ccc(cc1)\C=C\CN1CCCCC1)c1ccc(cc1)N(C)C,1
CCCCCCn1c(c(nc1c1ccc(cc1)C(=O)O)c1ccc(cc1)N(C)C)c1ccc(cc1)N(C)C,1
CN(C)c1ccc(cc1)c1c(nc([nH]1)c1ccc(cc1)\C=C\CN1CCOCC1)c1ccc(cc1)N(C)C,1
CCCCCCn1c(c(nc1c1ccc(cc1)C(=O)OC)c1ccc(cc1)N(C)C)c1ccc(cc1)N(C)C,1
CN(C)c1ccc(cc1)c1c(nc([nH]1)c1ccc(cc1)\C=C\C(=O)O)c1ccc(cc1)N(C)C,1
CN(C)c1ccc(cc1)c1c(nc([nH]1)c1ccc(cc1)\C=C\C(=O)OC)c1ccc(cc1)N(C)C,1
CN(C)c1ccc(cc1)c1c(nc([nH]1)c1ccc(cc1)O)c1ccc(cc1)N(C)C,1
CN(C)c1ccc(cc1)c1c(n(c(n1)c1ccc(cc1)O)CCc1ccccc1)c1ccc(cc1)N(C)C,1
CN(C)c1ccc(cc1)c1c(n(c(n1)c1ccc(cc1)C(=O)O)CCc1ccccc1)c1ccc(cc1)N(C)C,1
CCN(CC)c1ccc(cc1)c1c([nH]c(n1)c1ccc(cc1)\C=C\C(=O)OC)c1ccc(cc1)N,1
CNc1ccc(cc1)c1c(nc([nH]1)c1ccc(cc1)\C=C\C(=O)OC)c1ccc(cc1)NC,1
CC(C)Nc1ccc(cc1)c1c([nH]c(n1)c1ccc(cc1)\C=C\C(=O)OC)c1ccc(cc1)NC,1
CCOC\C=C\c1ccc(cc1)c1[nH]c(c(n1)c1ccc(cc1)N(C)C)c1ccc(cc1)N(C)C,1
CCN(CC)c1ccc(cc1)c1c(nc([nH]1)c1ccc(cc1)\C=C\COCC)c1ccc(cc1)N(CC)CC,1
CCOC\C=C/c1ccc(cc1)c1[nH]c(c(n1)c1ccc(cc1)N1CCOCC1)c1ccc(cc1)N1CCOCC1,1
CCOC\C=C\c1ccc(cc1)c1[nH]c(c(n1)c1ccc(cc1)NC)c1ccc(cc1)N(C)C,1
CCN(CC)c1ccc(cc1)c1c(nc([nH]1)c1ccc(cc1)\C=C\COCC)c1ccc(cc1)NC,1
CCOC\C=C\c1ccc(cc1)c1[nH]c(c(n1)c1ccc(cc1)NC)c1ccc(cc1)N1CCCC1,1
CCOC\C=C\c1ccc(cc1)c1[nH]c(c(n1)c1ccc(cc1)NC)c1ccc(cc1)NC(C)C,1
CCN(CC)c1ccc(cc1)c1c(nc([nH]1)c1ccc(cc1)\C=C\C(=O)OC)c1ccc(cc1)N(CC)CC,1
CCNc1ccc(cc1)c1c([nH]c(n1)c1ccc(cc1)\C=C\COCC)c1ccc(cc1)NC(C)C,1
CCOC\C=C\c1ccc(cc1)c1[nH]c(c(n1)c1ccc(cc1)F)c1ccc(cc1)NC(C)C,1
CCOC\C=C\c1ccc(cc1)c1[nH]c(c(n1)c1ccc(cc1)NC(C)C)c1ccc(cc1)NC(C)C,1
CCN(CC)c1ccc(cc1)c1cnc([nH]1)c1ccc(cc1)\C=C\COCC,1
CCCN(CCC)c1ccc(cc1)c1cnc([nH]1)c1ccc(cc1)\C=C\COCC,1
CCOC\C=C\c1ccc(cc1)c1[nH]c(cn1)c1ccc(cc1)N1CCOCC1,1
CCOC\C=C\c1ccc(cc1)c1[nH]c(cn1)c1ccc(cc1)NC(C)C,1
CCOC\C=C\c1ccc(cc1)c1[nH]c(cn1)c1ccc(cc1)NCC(C)C,1
COC(=O)\C=C\c1ccc(cc1)c1[nH]c(c(n1)c1ccc(cc1)N1CCCC1)c1ccc(cc1)N1CCCC1,1
COC(=O)\C=C\c1ccc(cc1)c1[nH]c(c(n1)c1ccc(cc1)N(CC=C)CC=C)c1ccc(cc1)N(CC=C)CC=C,1
CNc1ccc(cc1)c1c(nc([nH]1)c1ccc(cc1)\C=C\C(=O)OC)c1ccc(cc1)N(C)C,1
CCN(CC)c1ccc(cc1)c1c([nH]c(n1)c1ccc(cc1)\C=C\C(=O)OC)c1ccc(cc1)NC,1
CCCN(CCC)c1ccc(cc1)c1c([nH]c(n1)c1ccc(cc1)\C=C\C(=O)OC)c1ccc(cc1)NC,1
CCCCN(CCCC)c1ccc(cc1)c1c([nH]c(n1)c1ccc(cc1)\C=C\C(=O)OC)c1ccc(cc1)NC,1
CN(C)c1ccc(cc1)c1c([nH]c(n1)c1ccc(cc1)\C=C\C(=O)OC)c1ccc(cc1)N,1
COc1ccc(CCN2CCC[C@H]2CNC(=O)c2ccccc2NC(=O)c2cnc3ccccc3c2)cc1OC,1
COc1ccc(CCN2CCC[C@@H]2CNC(=O)c2ccccc2NC(=O)c2cnc3ccccc3c2)cc1OC,1
O=C(N[C@@H]1CCCC[C@@H]1N1CCN(CC1)c1ccccc1)c1ccccc1NC(=O)c1cnc2ccccc2c1,1
COc1cc2CCN(CCc3ccc(NC(=O)c4ccccc4N(=O)=O)cc3)Cc2cc1OC,1
O=N(=O)c1ccccc1C(=O)Nc1ccc(CCN2CCc3ccccc3C2)cc1,1
COc1cc2CCN(CCc3ccc(NC(=O)c4ccccc4N)cc3)Cc2cc1OC,1
Nc1ccccc1C(=O)Nc1ccc(CCN2CCc3ccccc3C2)cc1,1
COc1cc2CCN(CCc3ccc(NC(=O)c4ccc(cc4)N(=O)=O)cc3)Cc2cc1OC,1
O=N(=O)c1ccc(cc1)C(=O)Nc1ccc(CCN2CCc3ccccc3C2)cc1,1
COc1cc2CCN(CCc3ccc(NC(=O)c4ccc(N)cc4)cc3)Cc2cc1OC,1
Nc1ccc(cc1)C(=O)Nc1ccc(CCN2CCc3ccccc3C2)cc1,1
COc1cc2CCN(CCc3ccc(NC(=O)c4cnc5ccccc5c4)cc3)Cc2cc1OC,1
O=C(Nc1ccc(CCN2CCc3ccccc3C2)cc1)c1cnc2ccccc2c1,1
COc1ccc(cc1OC)C(=O)Nc1ccc(CCN2CCc3cc(OC)c(OC)cc3C2)cc1,1
COc1cc2CCN(CCc3ccc(NC(=O)c4cc(OC)c(OC)cc4N(=O)=O)cc3)Cc2cc1OC,1
COc1cc2CCN(CCc3ccc(NC(=O)c4ccnc5ccccc45)cc3)Cc2cc1OC,1
COc1cc2CCN(CCc3ccc(NC(=O)c4ccccc4Br)cc3)Cc2cc1OC,1
COc1cc2CCN(CCc3ccc(NC(=O)c4cccc(Br)c4)cc3)Cc2cc1OC,1
COc1cc2CCN(CCc3ccc(NC(=O)c4cccc5ccccc45)cc3)Cc2cc1OC,1
COc1cc2CCN(CCc3ccc(NC(=O)c4ccc5ccccc5c4)cc3)Cc2cc1OC,1
COc1cc2CCN(CCc3ccc(NC(=O)c4cnc5ccccc5n4)cc3)Cc2cc1OC,1
COc1cc2CCN(CCc3ccc(NC(=O)c4cc5ccccc5cn4)cc3)Cc2cc1OC,1
COc1cc2CCN(CCc3ccc(NC(=O)c4cccnc4)cc3)Cc2cc1OC,1
COc1cc2CCN(CCc3ccc(NC(=O)c4ccc(Br)cc4)cc3)Cc2cc1OC,1
COc1cc2CCN(CCc3ccc(NC(=O)c4ccc5ncccc5c4)cc3)Cc2cc1OC,1
COc1cc2CCN(CCc3ccc(NC(=O)c4ccccc4NC(=O)c4ccc(C)cc4)cc3)Cc2cc1OC,1
COc1cc2CCN(CCc3ccc(NC(=O)c4ccccc4NC(=O)c4cnc5ccccc5c4)cc3)Cc2cc1OC,1
COc1cc2CCN(CCc3ccc(NC(=O)c4ccccc4NC(=O)c4ccccc4)cc3)Cc2cc1OC,1
O=C(Nc1ccccc1C(=O)Nc1ccc(CCN2CCc3ccccc3C2)cc1)c1cnc2ccccc2c1,1
CN(C)CCO[C@@H](c1ncccc1)c1ccc(Cl)cc1,0
C1C=CCN1Cc1ccccc1,0
c1ccc(cc1)Cn1ccnc1,0
C1NCCN(C1)Cc1ccccc1,0
c1cccc(c1)CCN1CCCCC1,0
C1NCCN(C1)c1ccccc1,0
ClNCc1ccccc1Cl,0
C(c1ccccc1)c1ncccc1,0
NCC(c1ccccc1)c1ccccc1,0
C1OCCN(C1)c1ncc2nc(nc(N3CCOCC3)c2n1)N1CCOCC1,0
OCCN(CCO)c1nc(N(CCO)CCO)c2nc(nc(N(CCO)CCO)c2n1)N(CCO)CCO,0
C1OCCN(C1)c1nc(N2CCOCC2)c2nc(nc(N3CCOCC3)c2n1)N1CCOCC1,0
C1CCN(CC1)c1nc(N2CCCCC2)c2nc(nc(N3CCCCC3)c2n1)N1CCCCC1,0
C1OCCN(C1)c1ncnc2c(nc(nc12)N1CCOCC1)N1CCOCC1,0
COc1cccc(CN(C)C)c1,0
CN(CCO)c1nc(N2CCCCC2)c2nc(nc(N3CCCCC3)c2n1)N(C)CCO,0
OCCNc1nc(N2CCCCC2)c2nc(NCCO)nc(N3CCCCC3)c2n1,0
CN(C)c1nc(N2CCCCC2)c2nc(nc(N3CCCCC3)c2n1)N(C)C,0
Nc1nc2nc(N)nc(N)c2nc1c1ccccc1,0
COc1cc2CCNCc2cc1OC,0
CCN(CC)CCOC(=O)C(c1ccccc1)c1ccccc1,0
C[C@@H](CC(C(=O)N)(c1ccccc1)c1ccccc1)N(C)C,0
CCN(CC)CCN(CC)CCOC(=O)c1ccc(N)cc1,0
C1COC(O1)(Cn1cncn1)c1ccc(Cl)cc1Cl,0
CCN(CC)CCOC(=O)C(O)(c1ccccc1)c1ccccc1,0
CN(C)CCCOC1(CCCCC1)Cc1ccccc1,0
C[C@H](NC=1C=CC1O)[C@@H](Cc1ccc(Cl)cc1)c1ccc(Cl)cc1,0
CCN(CC)CCOC(=O)c1cccc(c1O)c1ccccc1,0
COc1cc2CCN[C@H](CCCC[C@@H]3NCCc4cc(OC)c(OC)cc34)c2cc1OC,0
COc1cc(OC)c(C(=O)CCCN2CCCC2)c(OC)c1,0
CC[C@H](C(=O)OCCN(CC)CC)c1ccccc1,0
CN(C)CC[C@@](O)(c1ccccc1)c1ccccc1Cl,0
CN(C)CC[C@@H](c1ncccc1)c1ccc(Cl)cc1,0
COc1cc(\C=C\C(=O)N2CCN(CC2)CC(=O)O)cc(OC)c1OC,0
COc1c(OC)cc(\C=C\C2=C(CN3CCN2CC3)N2CCCC2)cc1OC,0
COc1c(OC)cc(\C=C\C2=C(NC(C)C)CN3CCN2CC3)cc1OC,0
COc1cc(\C=C\C(=O)N)cc(OC)c1OC,0
c1ccc2c(c1)C=Cc1ccccc1C2C(=O)N,0
COc1ccc(cc1)N(CCCC(=O)O)C(=O)c1ccc(Cl)cc1,0
C[C@H](CCCNCCO)Nc1ccnc2cc(Cl)ccc12,0
C[C@H](CN(C)C)[C@](C)(O)Cc1ccc(Cl)cc1,0
COC1CC2CC3N(CCC4CC(OC)C(OC)CC34)C(C)C2CC1OC,0
CC(c1ccc(OC#N)cc1)c1ccc(OC#N)cc1,0
CN1CC\C(CC1)=C1/c2ccccc2C(O)c2ccccc12,0
COc1cc2CCN[C@H](CC3=C(CC)CN4CCc5cc(OC)c(OC)cc5[C@@H]4C3)c2cc1OC,0
CN1CCN(CC1)C(=O)c1cc(ccc1N)S(=O)(=O)N(C)C,0
C(NCc1ccccc1)c1ccccc1,0
CCN(CC)c1ccccc1,0
CN(C)C(=O)C(c1ccccc1)c1ccccc1,0
ClN\C(=[NH]\Cl)COC(c1ccccc1)c1ccccc1,0
CC(C)N(CC[C@@](C(=O)N)(c1ccccc1)c1ccccn1)C(C)C,0
C1CN(CCCn2c(=O)[nH]c3ccccc23)CCC1n1c(=O)[nH]c2cc(Cl)ccc12,0
CCN(CC)CCOC(=O)[C@H](C1CCCCC1)c1ccccc1,0
C1CN(CCN1C[C@H](O)CO)c1ccccc1,0
C1NCCN(C1)c1cccc2OCCOc12,0
CC[N](C)(C)[C@H](C)CC(c1ccccc1)c1ccccc1,0
CC[C@@H]1CN2CCc3cc(OC)c(OC)cc3[C@@H]2C[C@H]1C[C@H]1NCCc2cc(OC)c(OC)cc12,0
CCN(Cc1ccccc1)c1ccccc1,0
C1CCN(CC1)CCC(C(=O)N)(c1ccccc1)c1ccccc1,0
C[N]1(CCCCC1)CCC(C(=O)N)(c1ccccc1)c1ccccc1,0
CN1CCN(CC1)c1c(F)cc2c(=O)c(cn(CCF)c2c1F)C(=O)O,0
C1CN(CCN1CCNC(=O)c1ccc(F)cc1)c1cccc2O[C@H](CO)COc12,0
CN(C)CC[C@H](C1CCCCC1)c1ccccc1,0
COc1ccc(CCN)cc1OC,0
CCN(CC)CCn1c(=N)onc1c1ccccc1,0
C[C@H](NC[C@H](O)c1ccc(O)c(OC)c1)CCn1cnc2ccccc12,0
C[C@@H](COc1ccccc1)N[C@@H](C)[C@@H](O)c1ccc(O)cc1,0
C[C@H]1NCCc2cc(O)c(O)cc12,0
CC(=O)O[C@@H]([C@H]1CCCCN1)c1ccccc1,0
NC(=O)CCN1C(=O)NC(C1=O)(c1ccccc1)c1ccccc1,0
OC(=O)CN1C2=C1C(N2)(c1ccccc1)c1ccccc1,0
OC(=O)CCN1C(=O)NC(C1=O)(c1ccccc1)c1ccccc1,0
C[C@@H]1NC(C(=O)N1CC(O)=O)(c1ccccc1)c1ccccc1,0
COc1ccc(cc1)C(OCCN(C)C)c1ccccc1,0
COc1ccc(Cl)cc1C(=O)NCCc1ccc(cc1)C(=O)O,0
COc1ccc(cc1)OC1=NCCc2ccccc12,0
C[C@H](NCCc1ccc(OC)cc1)[C@@H](O)c1ccc(O)c(c1)NS(=O)(=O)C,0
CS(=O)(=O)c1ccc2Sc3ccccc3N(CCCN3CCC(CC3)C(=O)N)c2c1,0
COc1ccc(CC\N=C2/CCCN2C)cc1OC,0
Clc1ccc(cc1)C(=O)NCCN1CCOCC1,0
COc1ccc(cc1)C(=O)N1CCN(CC1)CC(=O)N1CCOCC1,0
COCCCNCc1cc(OC)c(OC)c(OC)c1,0
c1ccc(cc1)CNC(=O)c1ccccc1,0
COc1c(OC)cc(cc1OC)[C@](C#N)(CCC[N](C)(C)CCc1ccc(OC)c(OC)c1)C(C)C,0
C1CN[C@H](Cc2ccc(O)c(O)c2)c2c1cc(O)c(O)c2,0
c1ccc(cc1)Nc1cccc2ccccc12,0
c1ccc(cc1)Nc1ccc2ccccc2c1,0
CCN(CC)C1CCCCC1,0
CN(C)Cc1ccccc1,0
C(CNCc1ccccc1)NCc1ccccc1,0
c1ccc(cc1)Nc1ccc(cc1)Nc1ccccc1,0
CCn1cc(C(=O)O)c(=O)c2cc(F)c(cc12)N1CCNCC1,0
C[C@H]1COc2c(c(F)cc3c(=O)c(cn1c23)C(=O)O)N1CCN(C)CC1,0
COc1cccc(c1)C(=O)CCN[C@H](C)[C@@H](O)c1ccccc1,0
CCn1cc(C(=O)O)c(=O)c2cc(F)c(cc12)N1CCN(C)CC1,0
c1ccc(cc1)CCN,0
C1CCN(C1)CCN1C(=O)c2cccc3cc(cc(C1=O)c23)[N](O)=O,0
CC(=O)Nc1ccc(cc1)N1CCN(CCCN(C)C)CC1,0
c1nc(nc2c1c(=O)c(cn2CC)C(O)=O)N1CCNCC1,0
C[C@H](C(=O)O)c1ccc(c(Cl)c1)N1CC=CC1,0
Cc1ccccc1OC[C@H](O)CNCCn1cc(C)c(=O)[nH]c1=O,0
Cc1cccc(Nc2cc(Cl)nc(SCC(=O)O)n2)c1C,0
C1CN(CCC1O)CCCN1c2ccccc2Sc2ccc(C#N)cc12,0
C[C@H](NC[C@@H](O)c1ccc(O)c(O)c1)Cc1ccc2OCOc2c1,0
CC[C@H](c1ccccc1)c1noc(CCN(CC)CC)n1,0
COc1cc2c(N)nc(nc2cc1OC)N1CCN(CC=C)CC1,0
c1(NC)c(NCC[C@H](O)CCC)nc(nc1[C@@H](NCCN(CCO)CCO)N1CCC[C@H](O)C1)N(CCO)CCO,0
C[N]1(C)CCN(CC1)c1nc(N2CCCCC2)c2nc(nc(N3CCCCC3)c2n1)N(CCO)CCO,0
OCCN(CCO)c1ncc2nc(nc(N3CCCCC3)c2n1)N(CCO)CCO,0
OCCN(CCO)c1nc(N2CCOCC2)c2nc(nc(N3CCOCC3)c2n1)N(CCO)CCO,0
Nc1nc(nc2c(N)nc(nc12)N(CCO)CCO)N(CCO)CCO,0
C1OCCN(C1)c1ncnc2c(ncnc12)N1CCOCC1,0
C1OCCN(C1)c1cnc2c(n1)nc(nc2N1CCOCC1)N1CCOCC1,0
CN(C)c1nc2nc(nc(N(C)C)c2nc1Cl)N1CCNCC1,0
CCN(CC)CCOc1ccccc1C(=O)Nc1ccccc1,0
CCN(CC)CCOC(=O)[C@H](Cc1ccccc1)c1ccccc1,0
O=C(OCCN1CCN(CCOC(=O)Cc2ccccc2)CC1)Cc1ccccc1,0
O=C(OCCN1CCN(CCOC(=O)CCc2ccccc2)CC1)CCc1ccccc1,0
CC[C@@H](c1ccccc1)C1=C(OCCCN2CCN(CCCO1)CC2)[C@H](CC)c1ccccc1,0
CN(C)CCN(Cc1cscc1)c1ncccc1,0
COc1ccc(cc1)CN(CCN(C)C)c1ncccn1,0
C1CN(CCN1CCO)C(=O)CN1C(=O)Sc2ccc(Cl)cc12,0
CCN(CC)CCOc1ccc2c3ccc(OCCN(CC)CC)cc3C(=O)c2c1,0
COc1cc2c(N)nc(nc2cc1OC)N1CCN(CC1)C(=O)c1nnc(SC)o1,0
CC(C)NC[C@@H](O)COc1ccccc1SC,0
COc1cc(cc(OC)c1OC)C[C@@H]1NCCc2cc(O)c(O)cc12,0
COc1cc2c(N)nc(nc2c(OC)c1OC)N1CCN(CC1)C(=O)OCC(C)(C)O,0
COc1cc(cc(OC)c1OC)C(=O)N1CCOCC1,0
CC[N](CC)(CC)CCOC(=O)c1ccc(OC)c(OC)c1OC,0
c1ccccc1\C(c1ccccc1)=C1\CCN(CCOCCOCC(=O)O)CC1,0
NCCCCCCNSc1cccc2c(Cl)cccc12,0
c1cc2c(Cl)cccc2c(c1)S(=O)(=O)NCCCCCCN,0
CN(C)CCN(Cc1ccc(OC)cc1)c1nccs1,0
C1CN(CCN1CCc1n[nH]nn1)c1ccccc1,0
c1cc(ccc1c1cc(=O)c2c(cc(cc2o1)O)O)OCCOCCOCCOCCO,1