Smiles,Substrate
CCCC(=O)Nc1ccc(OC[C@H](O)CNC(C)C)c(C(C)=O)c1,1
c1ccc([P+](c2ccccc2)(c2ccccc2)c2ccccc2)cc1,1
O=[S@@]1OC[C@@H]2[C@H](CO1)[C@]1(Cl)C(Cl)=C(Cl)[C@@]2(Cl)C1(Cl)Cl,1
CN1CC=CCC1,1
Cc1coc2ccccc2c1=O,1
CCN(CC)C(=S)SSC(=S)N(CC)CC,1
NC(N)=Nc1nc(CSCC/C(N)=N\S(N)(=O)=O)cs1,1
COC(=O)C1=C(C)NC(C)=C(C(=O)OC)C1c1ccccc1[N+](=O)[O-],1
COC(=O)[C@@H](N)CSC/C=C(\C)CC/C=C(\C)CCC=C(C)C,1
CCC(=O)C(C[C@H](C)N(C)C)(c1ccccc1)c1ccccc1,1
C[C@]12CC[C@H](O)C[C@H]1CC[C@H]1[C@@H]2CC[C@]2(C)[C@@H](C3=CC(=O)OC3)CC[C@]12O,1
OCCN1CCN(CCCN2c3ccccc3Sc3ccc(C(F)(F)F)cc32)CC1,1
CNCCC=C1c2ccccc2CCc2ccccc21,1
CCC1(c2ccccc2)C(=O)NC(=O)NC1=O,1
Cc1nc2n(c(=O)c1CCN1CCC(c3noc4cc(F)ccc34)CC1)CCCC2,1
CC1(C)S[C@@H]2[C@@H](NC(=O)[C@H](N)c3ccc(O)cc3)C(=O)N2[C@H]1C(=O)O,1
C(=N/N=C1NCCN1)\c1c2ccccc2c(/C=N/N=C2NCCN2)c2ccccc12,1
c1ccc2c(c1)Nc1ccccc1O2,1
N=C(N)NC(=O)c1nc(Cl)c(N)nc1N,1
COc1ccc(Cl)cc1C(=O)NCCc1ccc(S(=O)(=O)NC(=O)NC2CCCCC2)cc1,1
CC(C)(C(=O)O)c1ccc(C(=O)CCCN2CCC(OC(c3ccccc3)c3ccccc3)CC2)cc1,1
CN(Cc1cnc2nc(N)nc(N)c2n1)c1ccc(C(=O)N[C@H](CCC(=O)O)C(=O)O)cc1,1
CC(C)(C)CC(C)(C)c1ccc(OCCO)cc1,1
CN1CCC[C@@H]1Cc1c[nH]c2ccc(CCS(=O)(=O)c3ccccc3)cc12,1
COc1cccc2c1C(=O)c1c(O)c3c(c(O)c1C2=O)C[C@](O)(C(=O)CO)C[C@@H]3O,1
N[C@@H](Cc1ccc(O)c(O)c1)C(=O)O,1
CCN(CC)CCC[C@@H](C)Nc1ccnc2cc(Cl)ccc12,1
CC(=O)N[C@@H](CC(C)C)C(=O)N[C@@H](CC(C)C)C(=O)N[C@H](C=O)CCCNC(=N)N,1
CCCCc1oc2ccccc2c1C(=O)c1cc(I)c(OCCN(CC)CC)c(I)c1,1
COc1cc(Cc2cnc(N)nc2N)cc(OC)c1OC,1
Cn1cc(C(=O)[C@H]2CCc3nc[nH]c3C2)c2ccccc21,1
CN1C(=O)CN=C(c2ccccc2)c2cc(Cl)ccc21,1
C/C=C1\NC(=O)[C@H]2CSSCC/C=C\[C@H](CC(=O)N[C@H](C(C)C)C(=O)N2)OC(=O)[C@H](C(C)C)NC1=O,1
CC(=O)O[C@]12CO[C@@H]1C[C@H](O)[C@@]1(C)C(=O)[C@H](O)C3=C(C)[C@H](OC(=O)[C@H](O)[C@@H](NC(=O)OC(C)(C)C)c4ccccc4)C[C@@](O)([C@@H](OC(=O)c4ccccc4)[C@@H]12)C3(C)C,1
CN1CC[C@]23c4c5ccc(O)c4O[C@H]2[C@@H](O)C=C[C@H]3[C@H]1C5,1
COc1cc([C@@H]2c3cc4c(cc3[C@@H](O[C@@H]3O[C@@H]5CO[C@H](c6cccs6)O[C@H]5[C@H](O)[C@H]3O)[C@H]3COC(=O)[C@H]23)OCO4)cc(OC)c1O,1
CCN(CC)CC(=O)Nc1c(C)cccc1C,1
CN/C(=N\C#N)NCCSCc1nc[nH]c1C,1
CCN1CCN(C(=O)N[C@@H](C(=O)N[C@H]2C(=O)N3C(C(=O)O)=C(CSc4nnnn4C)CS[C@H]23)c2ccc(O)cc2)C(=O)C1=O,1
CC[C@H]1OC(=O)[C@H](C)[C@@H](O[C@@H]2C[C@](C)(OC)[C@@H](O)[C@H](C)O2)[C@H](C)[C@@H](O[C@H]2O[C@@H](C)C[C@@H](N(C)C)[C@H]2O)[C@](C)(OC)C[C@@H](C)C(=O)[C@H](C)[C@@H](O)[C@]1(C)O,1
CC(C)C[C@@H]1NC(=O)[C@H](C)N(C)C(=O)CNC(=O)/C(=C\c2ccccc2)N(C)C1=O,1
COc1ccc(CNCCN(C/C=C(/C)CC/C=C(/C)CC/C=C(/C)CC/C=C(/C)CC/C=C(/C)CC/C=C(/C)CC/C=C(\C)CC/C=C(\C)CCC=C(C)C)Cc2ccc(OC)c(OC)c2)cc1OC,1
COc1cc2c(c(OC)c1OC)-c1ccc(OC)c(=O)cc1[C@@H](NC(C)=O)CC2,1
C[C@H]1CN(c2c(F)c(N)c3c(=O)c(C(=O)O)cn(C4CC4)c3c2F)C[C@@H](C)N1,1
C=C[C@@H]1CN2CC[C@@H]1C[C@@H]2[C@H](O)c1ccnc2ccccc12,1
CC(C)COC[C@@H](CN(Cc1ccccc1)c1ccccc1)N1CCCC1,1
CCOC(=O)C1=C(C)NC(C)=C(C(=O)OCCNC(=O)c2ccc(N=[N+]=[N-])cc2)[C@@H]1c1ccccc1C(F)(F)F,1
COc1c(C[C@H](C)OC(=O)Oc2ccc(O)cc2)c2c3c(C[C@H](C)OC(=O)c4ccccc4)c(OC)c(=O)c4c(O)cc(OC)c(c5c(OC)cc(O)c(c1=O)c52)c43,1
CCC1=C[C@@H]2CN3CCc4c([nH]c5ccccc45)[C@@](C(=O)OC)(C2)[C@@H]13,1
N=C(N)N1CCc2ccccc2C1,1
CC(C)/N=c1\cc2n(-c3ccc(Cl)cc3)c3ccccc3nc-2cc1Nc1ccc(Cl)cc1,1
O=c1[nH]c2ccccc2n1CCCN1CCC(n2c(=O)[nH]c3cc(Cl)ccc32)CC1,1
CC(C)[C@@H]1NC(=O)[C@H](C(C)C)OC(=O)[C@H](C(C)C)NC(=O)[C@H](C)OC(=O)[C@H](C(C)C)NC(=O)[C@H](C(C)C)OC(=O)[C@H](C(C)C)NC(=O)[C@H](C)OC(=O)[C@H](C(C)C)NC(=O)[C@H](C(C)C)OC(=O)[C@H](C(C)C)NC(=O)[C@H](C)OC1=O,1
CO[C@]1(C)[C@H](N(C)C(=O)c2ccccc2)[C@H]2O[C@@]1(C)n1c3ccccc3c3c4c(c5c6ccccc6n2c5c31)C(=O)NC4,1
CCOC(=O)C1=C(C)NC(C)=C(C(=O)OC)[C@@H]1c1cccc(Cl)c1Cl,1
CS(=O)(=O)N1CCN(C2CN(CC[C@@]3(c4ccc(Cl)c(Cl)c4)CCC(=O)N(CC4CC4)C3)C2)CC1,1
CC(C)CN(C[C@@H](O)[C@H](Cc1ccccc1)NC(=O)O[C@H]1CCOC1)S(=O)(=O)c1ccc(N)cc1,1
CO[C@]12[C@H](COC(N)=O)C3=C(C(=O)C(C)=C(N)C3=O)N1C[C@@H]1N[C@H]12,1
CN(C)CCOc1ccc(/C(=C(\CCCl)c2ccccc2)c2ccccc2)cc1,1
CN(C(=O)C(c1ccccc1)c1ccccc1)[C@H](CN1CC[C@H](O)C1)c1ccccc1,1
CSc1ccc2c(c1)N(CC[C@H]1CCCCN1C)c1ccccc1S2,1
C[C@]12CC[C@@H]3c4ccc(O)cc4CC[C@H]3[C@@H]1C[C@@H](O)[C@H]2O,1
CC[C@H](C)n1ncn(-c2ccc(N3CCN(c4ccc(OC[C@H]5CO[C@](Cn6cncn6)(c6ccc(Cl)cc6Cl)O5)cc4)CC3)cc2)c1=O,1
CC(C)NC[C@@H](O)COc1cccc2ccccc12,1
CC(C)C[C@@H](NC(=O)[C@H](C)NC(=O)CNC(=O)[C@@H](NC=O)C(C)C)C(=O)N[C@@H](C)C(=O)N[C@@H](C(=O)N[C@H](C(=O)N[C@@H](C(=O)N[C@@H](Cc1c[nH]c2ccccc12)C(=O)N[C@H](CC(C)C)C(=O)N[C@@H](Cc1c[nH]c2ccccc12)C(=O)N[C@H](CC(C)C)C(=O)N[C@@H](Cc1c[nH]c2ccccc12)C(=O)N[C@H](CC(C)C)C(=O)N[C@@H](Cc1c[nH]c2ccccc12)C(=O)NCCO)C(C)C)C(C)C)C(C)C,1
COc1ccc(CCNc2nc(N3CCc4cc(OC)c(OC)cc4C3)c3cc(OC)c(OC)cc3n2)cc1OC,1
C/C(=C\c1csc(C)n1)[C@@H]1C[C@@H]2O[C@@H]2CCC[C@H](C)[C@H](O)[C@@H](C)C(=O)C(C)(C)[C@@H](O)CC(=O)O1,1
CN(C)[C@@H]1C(O)=C(C(N)=O)C(=O)[C@]2(O)C(O)=C3C(=O)c4c(O)cccc4[C@@](C)(O)[C@H]3C[C@@H]12,1
COCC(=O)O[C@]1(CCN(C)CCCc2nc3ccccc3[nH]2)CCc2cc(F)ccc2[C@@H]1C(C)C,1
CCOC(=O)N1CCC(=C2c3ccc(Cl)cc3CCc3cccnc32)CC1,1
Cc1c(O)cccc1C(=O)N[C@@H](CSc1ccccc1)[C@H](O)CN1C[C@H]2CCCC[C@H]2C[C@H]1C(=O)NC(C)(C)C,1
O=C(N[C@H](/C=C/S(=O)(=O)c1ccccc1)CCc1ccccc1)[C@@H](Cc1ccccc1)NC(=O)N1CCOCC1,1
CC(=O)O[C@H]1[C@@H](O)[C@H](C)O[C@@H](OC(=O)[C@@H]2CC[C@H]3[C@@H](C2)O[C@]2(C[C@H](OC(=O)/C=C/c4ccccc4)[C@H](C)CO2)[C@]32CO2)[C@H]1O[C@H]1O[C@@H](C)[C@@H](O)[C@@H](OC(C)=O)[C@H]1O,1
COc1cc([C@@H]2c3cc4c(cc3[C@H](NC(C)=O)[C@H]3COC(=O)[C@@H]32)OCO4)cc(OC)c1OC,1
CC[C@@H](C)[C@H]([C@@H](CC(=O)N1CCC[C@H]1[C@@H](OC)[C@@H](C)C(=O)N[C@H](Cc1ccccc1)c1nccs1)OC)N(C)C(=O)[C@H](NC(=O)[C@H](C(C)C)N(C)C)C(C)C,1
CC(C)c1c(C(=O)Nc2ccccc2)c(-c2ccccc2)c(-c2ccc(F)cc2)n1CC[C@@H](O)C[C@@H](O)CC(=O)O,1
Cc1c2oc3c(C)ccc(C(=O)N[C@@H]4C(=O)N[C@H](C(C)C)C(=O)N5CCC[C@@H]5C(=O)N(C)CC(=O)N(C)[C@H](C(C)C)C(=O)O[C@H]4C)c3nc-2c(C(=O)N[C@H]2C(=O)N[C@@H](C(C)C)C(=O)N3CCC[C@@H]3C(=O)N(C)CC(=O)N(C)[C@@H](C(C)C)C(=O)O[C@H]2C)c(N)c1=O,1
Cc1ccc(NC(=O)c2ccc(CN3CCN(C)CC3)cc2)cc1Nc1nccc(-c2cccnc2)n1,1
O=C(O)COCCN1CCN([C@H](c2ccccc2)c2ccc(Cl)cc2)CC1,1
C=CC[C@@H]1/C=C(/C)C[C@H](C)C[C@H](OC)[C@H]2O[C@@](O)(C(=O)C(=O)N3CCCC[C@H]3C(=O)O[C@H](/C(C)=C/[C@H]3CC[C@@H](O)[C@H](OC)C3)[C@H](C)[C@H](O)CC1=O)[C@H](C)C[C@@H]2OC,1
CC1(C)SSC(C)(C)[C@@H](NC(=O)[C@@H](N)Cc2ccc(O)cc2)C(=O)NCC(=O)N[C@@H](Cc2ccccc2)C(=O)N[C@H]1C(=O)O,1
CO[C@H](C(=O)[C@@H](O)[C@@H](C)O)[C@@H]1Cc2cc3cc(O[C@H]4C[C@@H](O[C@@H]5C[C@@H](O)[C@@H](OC)[C@@H](C)O5)[C@@H](OC(C)=O)[C@@H](C)O4)cc(O)c3c(O)c2C(=O)[C@H]1O[C@H]1C[C@@H](O[C@H]2C[C@@H](O[C@H]3C[C@](C)(O)[C@@H](OC(=O)C(C)C)[C@H](C)O3)[C@H](O)[C@@H](C)O2)[C@H](O)[C@@H](C)O1,1
O=C(NCCN1CCN(c2cccc3c2OC[C@H](CO)O3)CC1)c1ccc(F)cc1,1
C[C@@H]1C[C@H]2[C@@H]3CCC4=CC(=O)C=CC4(C)[C@@]3(F)[C@@H](O)C[C@]2(C)[C@@]1(O)C(=O)CO,1
CCCOc1ccc(S(=O)(=O)N2CCN(CC)CC2)cc1-c1nc2c(CC)n(Cc3ccccn3)nc2c(=O)[nH]1,1
COc1ccc(C[C@H]2C(=O)N[C@H](C)C(=O)N(C)[C@H]3C(=O)N(C)[C@H](Cc4ccc(O)c(c4)Oc4ccc(cc4)[C@H]3O)C(=O)N[C@@H](C)C(=O)N[C@@H](C)C(=O)N2C)cc1,1
COC(=O)[C@H]1[C@@H](O)CC[C@H]2CN3CCc4c([nH]c5ccccc45)[C@@H]3C[C@H]21,1
C[C@@H](CCc1ccccc1)NC[C@H](O)c1ccc(O)c(C(N)=O)c1,1
CN(C)C(=O)C(CCN1CCC(O)(c2ccc(Cl)cc2)CC1)(c1ccccc1)c1ccccc1,1
CC(C)(C)NC[C@H](O)COc1ccc(NC(=O)NC2CCCCC2)cc1,1
COc1cccc2c1C(=O)c1c(O)c3c(c(O)c1C2=O)C[C@@](O)(C(=O)CO)C[C@@H]3O[C@H]1C[C@H](N)[C@H](O)[C@H](C)O1,1
CC(C)C[C@H](N)C(=O)N[C@@H](CCCN)C(=O)N[C@H](C(=O)N[C@@H](CCCN)C(=O)N1CCC[C@H]1C(=O)N[C@@H](C=O)Cc1ccccc1)C(C)C,1
O=C1NC(=O)C(c2ccccc2)(c2ccccc2)N1,1
CCc1c2c(nc3ccc(OC(=O)N4CCC(N5CCCCC5)CC4)cc13)-c1cc3c(c(=O)n1C2)COC(=O)[C@]3(O)CC,1
O[C@H](COc1cccc2ncccc12)CN1CCN([C@@H]2c3ccccc3[C@@H]3[C@H](c4ccccc42)C3(F)F)CC1,1
C/C=C/C[C@@H](C)[C@@H](O)[C@@H]1C(=O)N[C@@H]([C@@H](C)O)C(=O)N(C)CC(=O)N(C)[C@@H](CC(C)C)C(=O)N[C@@H](C(C)C)C(=O)N(C)[C@@H](CC(C)C)C(=O)N[C@@H](C)C(=O)N[C@H](C)C(=O)N(C)[C@@H](CC(C)C)C(=O)N(C)[C@@H](CC(C)C)C(=O)N(C)[C@@H](C(C)C)C(=O)N1C,1
CC(C)c1nc(CN(C)C(=O)N[C@H](C(=O)N[C@@H](Cc2ccccc2)C[C@H](O)[C@H](Cc2ccccc2)NC(=O)OCc2cncs2)C(C)C)cs1,1
COc1ccc(CCN2CCC(Nc3nc4ccccc4n3Cc3ccc(F)cc3)CC2)cc1,1
Cc1cccc(C)c1OCC(=O)N[C@@H](Cc1ccccc1)[C@@H](O)C[C@H](Cc1ccccc1)NC(=O)[C@H](C(C)C)N1CCCNC1=O,1
CC[C@@]12C=CCN3CC[C@@]4(c5ccc(OC)cc5N(C)[C@H]4[C@@](O)(C(=O)OC)[C@@H]1OC(C)=O)[C@@H]32,1
CC[C@@]1([C@H]2O[C@H]([C@H]3O[C@@](O)(CO)[C@H](C)C[C@@H]3C)C[C@H]2C)CC[C@H]([C@@]2(C)CC[C@]3(C[C@H](O)[C@@H](C)[C@@H]([C@H](C)[C@H](OC)[C@@H](C)C(=O)O)O3)O2)O1,1
CC[C@H]1CN2CCc3cc(OC)c(OC)cc3[C@@H]2C[C@H]1C[C@H]1NCCc2cc(O)c(OC)cc21,1
COC(=O)[C@@H]1c2cc3c(c(O)c2[C@@H](O[C@H]2O[C@@H](C)[C@H](OC)[C@@](C)(OC)[C@H]2OC)C[C@]1(C)O)C(=O)c1c(O)cc2c(c1C3=O)O[C@@H]1O[C@]2(C)[C@H](O)[C@@H](N(C)C)[C@@H]1O,1
COc1ccc(-c2cc(=O)c3c(O)cc(O[C@@H]4O[C@H](CO[C@@H]5O[C@@H](C)[C@H](O)[C@@H](O)[C@H]5O)[C@@H](O)[C@H](O)[C@H]4O)cc3o2)cc1O,1
CO[C@H]1C[C@H](O[C@H]2[C@H](C)O[C@@H](O[C@@H]3C(C)=CC[C@@H]4C[C@@H](C[C@]5(CC[C@H](C)[C@H](C(C)C)O5)O4)OC(=O)[C@@H]4C=C(C)[C@@H](O)[C@@H]5OC/C(=C\C=C\[C@@H]3C)[C@@H]45)C[C@@H]2OC)O[C@@H](C)[C@@H]1O,1
C[C@H]1COc2c(N3CCN(C)CC3)c(F)cc3c(=O)c(C(=O)O)cn1c23,1
COCCOC(=O)C1=C(C)NC(C)=C(C(=O)OC(C)C)[C@@H]1c1cccc([N+](=O)[O-])c1,1
COc1ccc(CCN(C)CCC[C@](C#N)(c2cc(OC)c(OC)c(OC)c2)C(C)C)cc1OC,1
CC[C@@]1(O)C(=O)OCc2c1cc1n(c2=O)Cc2cc3c(CN(C)C)c(O)ccc3nc2-1,1
CC(C)(C)NC[C@@H](O)COc1cccc2c1C[C@H](O)[C@H](O)C2,1
CC[C@H]1NC(=O)[C@H](NC(=O)c2ncccc2O)[C@@H](C)OC(=O)[C@H](c2ccccc2)NC(=O)[C@@H]2CC(=O)CCN2C(=O)[C@H](Cc2ccc(N(C)C)cc2)N(C)C(=O)[C@H]2CCCN2C1=O,1
C[C@]12CCC(=O)C=C1CC[C@H]1[C@@H]3CC[C@H](C(=O)CO)[C@]3(C=O)C[C@H](O)[C@H]12,1
CO[C@@]1(NC(=O)C2SC(=C(C(N)=O)C(=O)O)S2)C(=O)N2C(C(=O)O)=C(CSc3nnnn3C)CS[C@@H]21,1
CN[C@@H]1C[C@H]2O[C@](C)([C@@H]1OC)n1c3ccccc3c3c4c(c5c6ccccc6n2c5c31)C(=O)NC4,1
CCn1cc(C(=O)O)c(=O)c2cc(F)c(N3CCNCC3)nc21,1
C[C@H]1O[C@@H](O[C@H]2[C@@H](O)C[C@H](O[C@H]3[C@@H](O)C[C@H](O[C@H]4CCC5(C)[C@H]6C[C@@H](O)[C@]7(C)[C@@H](C8=CC(=O)OC8)CC[C@@]7(O)[C@@H]6CC[C@@H]5C4)O[C@@H]3C)O[C@@H]2C)C[C@H](O)[C@@H]1O,1
CC[C@H]1CN2CCc3cc(OC)c(OC)cc3[C@@H]2C[C@@H]1C[C@H]1NCCc2cc(OC)c(OC)cc21,1
Cc1c(F)c(N2CCN[C@H](C)C2)cc2c1c(=O)c(C(=O)O)cn2C1CC1,1
C[C@]12C[C@H](O)[C@H]3[C@@H](CCC4=CC(=O)CC[C@@]43C)[C@@H]1CC[C@]2(O)C(=O)CO,1
CO[C@@H]1C[C@H](O[C@H]2[C@H](C)O[C@@H](O[C@@H]3/C(C)=C/C[C@@H]4C[C@@H](C[C@@]5(CC[C@H](C)[C@H](C(C)C)O5)O4)OC(=O)[C@H]4C=C(C)[C@@H](O)[C@H]5OC/C(=C\C=C\[C@@H]3C)[C@@]45O)C[C@H]2OC)O[C@@H](C)[C@@H]1O,1
COC(=O)C1=C(C)NC(C)=C(C(=O)OCCN(C)Cc2ccccc2)[C@H]1c1cccc([N+](=O)[O-])c1,1
CC[C@]1(O)C[C@@H]2CN(CCc3c([nH]c4ccccc34)[C@@](C(=O)OC)(c3cc4c(cc3OC)N(C)[C@H]3[C@@](O)(C(=O)OC)[C@H](OC(C)=O)[C@@]5(CC)C=CCN6CC[C@]43[C@@H]65)C2)C1,1
CC[C@]1(O)C[C@H]2CN(CCc3c([nH]c4ccccc34)[C@@](C(=O)OC)(c3cc4c(cc3OC)N(C=O)[C@H]3[C@@](O)(C(=O)OC)[C@H](OC(C)=O)[C@@]5(CC)C=CCN6CC[C@]43[C@@H]65)C2)C1,1
CN1CC[C@]23c4c5ccc(O)c4O[C@H]2[C@@H](O[C@@H]2O[C@H](C(=O)O)[C@@H](O)[C@H](O)[C@H]2O)C=C[C@H]3[C@H]1C5,1
OCCN1CCN(CCCN2c3ccccc3Sc3ccc(Cl)cc32)CC1,1
COc1cccc2c1C(=O)c1c(O)c3c(c(O)c1C2=O)C[C@](O)(C(=O)CO)C[C@@H]3O[C@H]1C[C@H](O)[C@H](O)[C@H](C)O1,1
OCCN1CCN(CC/C=C2/c3ccccc3Sc3ccc(C(F)(F)F)cc32)CC1,1
C[C@]12CC[C@H]3[C@H](CCC4=CC(=O)CC[C@@]43C)[C@H]1CC[C@@]2(O)C(=O)CO,0
Cl[C@H]1[C@H](Cl)[C@@H](Cl)[C@@H](Cl)[C@H](Cl)[C@H]1Cl,0
C[n+]1ccc(-c2cc[n+](C)cc2)cc1,0
CNC(=O)O/N=C/C(C)(C)SC,0
N[C@]12C[C@H]3C[C@H](C[C@H](C3)C1)C2,0
O=c1[nH]cc(F)c(=O)[nH]1,0
O=C(C=P(c1ccccc1)(c1ccccc1)c1ccccc1)c1ccccc1-c1ccccc1C(=O)C=P(c1ccccc1)(c1ccccc1)c1ccccc1,0
C=C[C@H](N)CCC(=O)O,0
Cc1cc(-c2ccc(/N=N/c3c(S(=O)(=O)O)cc4cc(S(=O)(=O)O)cc(N)c4c3O)c(C)c2)ccc1/N=N/c1c(S(=O)(=O)O)cc2cc(S(=O)(=O)O)cc(N)c2c1O,0
CCC[C@H]1CO[C@@](Cn2cncn2)(c2ccc(Cl)cc2Cl)O1,0
ClC1=C(Cl)[C@@]2(Cl)[C@@H]3[C@H](C4C[C@H]3[C@H]3O[C@H]43)[C@@]1(Cl)C2(Cl)Cl,0
COc1ccc(C(c2ccc(OC)cc2)C(Cl)(Cl)Cl)cc1,0
COC(=O)/C=C(\C)OP(=O)(OC)OC,0
O=NN(CCCl)C(=O)NCCCl,0
CC/C(=C(/c1ccccc1)c1ccc(OCCN(C)C)cc1)c1ccccc1,0
COc1cc([C@@H]2c3cc4c(cc3[C@H](N)[C@H]3COC(=O)[C@@H]32)OCO4)cc(OC)c1OC,0
CCNc1nc(Cl)nc(NC(C)C)n1,0
CSc1nc(O)c(C#N)c(-c2ccc(C)cc2)n1,0
C/C=C/C[C@@H](C)C(=O)[C@H]1C(=O)N[C@@H](C(C)C)C(=O)N(C)CC(=O)N(C)[C@@H](CC(C)C)C(=O)N[C@@H](C(C)C)C(=O)N(C)[C@@H](CC(C)C)C(=O)N[C@@H](C)C(=O)N[C@H](C)C(=O)N(C)[C@@H](CC(C)C)C(=O)N(C)[C@@H](CC(C)C)C(=O)N(C)[C@@H](C(C)C)C(=O)N1C,0
N[Pt]1(N)OC(=O)C2(CCC2)C(=O)O1,0
CNC[C@H](O)c1ccc(O)c(O)c1,0
O=C(O)CCCc1ccc(N(CCCl)CCCl)cc1,0
CNS(=O)(=O)Cc1ccc2[nH]cc(CCN(C)C)c2c1,0
O=c1cc2ccccc2nn1Cc1ccccc1Cl,0
CC1=C[C@@H](C)[C@@H](C)N(CC2=NCCN2)c2ccccc21,0
N#Cc1c2c(c(-c3cccs3)n([C@H]3O[C@@H](CO)[C@@H](O)[C@@H](O)[C@H]3O)c1=S)CCc1ccccc1-2,0
CCCCOC(=O)[C@@H](C)Oc1ccc(Oc2ccc(C(F)(F)F)cn2)cc1,0
C=C[C@@]1(C)OC(=O)N(c2cc(Cl)cc(Cl)c2)C1=O,0
CNC(=O)Oc1ccc(N(C)C)c(C)c1,0
COP(=S)(OC)SCN1C(=O)c2ccccc2C1=O,0
COC(=O)Nc1nc2ccc(C(=O)c3ccccc3)cc2[nH]1,0
S=C1/C(=N/c2ccccc2)N(c2ccccc2)/C(=N/c2cccc[n+]2Cc2ccccc2)N1c1ccccc1,0
CS(=O)(=O)c1c(N)c2nc(Cl)cn2c2nc3ccccc3nc12,0
COc1cc([N+](=O)[O-])c([N+](=O)[O-])cc1N,0
CC1(C)S[C@@H]2[C@H](NC(=O)[C@H](N)c3ccccc3)C(=O)N2[C@H]1C(=O)O,0
CN/C(=C\[N+](=O)[O-])NCCSCc1ccc(CN(C)C)o1,0
N[C@H](Cc1cc(I)c(Oc2cc(I)c(O)c(I)c2)c(I)c1)C(=O)O,0
CCCC[C@H](C)[C@@H](OC(=O)C[C@H](CC(=O)O)C(=O)O)[C@@H](C[C@H](C)C[C@@H](O)CCCC[C@@H](O)C[C@H](O)[C@H](C)N)OC(=O)C[C@H](CC(=O)O)C(=O)O,0
O=C(O)CN(CC(=O)O)Cc1cc2c(cc1O)Oc1cc(O)c(CN(CC(=O)O)CC(=O)O)cc1C21OC(=O)c2ccccc21,0
CCOC(=O)C1(c2ccccc2)CCN(C)CC1,0
CCCCN1C(=O)C(=C/C=C/C=C2\Oc3ccccc3N2CCCS(=O)(=O)O)C(=O)N(CCCC)C1=O,0
O=C(Nc1ccncc1)C(=O)c1cn(Cc2ccc(Cl)cc2)c2ccccc12,0
CN(C)CCCN1c2ccccc2CCc2ccccc21,0
Nc1nc(N)c2nc(-c3ccccc3)c(N)nc2n1,0
NCC1(CC(=O)O)CCCCC1,0
Cc1ccc(C)c(NC(=O)CC/C(=N/NC(=O)c2c(O)ccc3ccccc23)[C@@H](C)C(=O)c2ccc(O)cc2)c1,0
Cc1ccc(/C(=C/CN2CCCC2)c2ccccn2)cc1,0
Nc1ccn([C@@H]2CO[C@@H](CO)O2)c(=O)n1,0
CC#C[C@]1(O)CC[C@H]2[C@@H]3CCC4=CC(=O)CCC4=C3[C@@H](c3ccc(N(C)C)cc3)C[C@@]21C,0
Cc1cc(C)nc(NS(=O)(=O)c2ccc(Nc3c4ccccc4nc4c(C(=O)NNCCO)cccc34)cc2)n1,0
ClC1(Cl)[C@]2(Cl)[C@@]3(Cl)[C@]4(Cl)C(Cl)(Cl)[C@@]5(Cl)[C@](Cl)([C@]1(Cl)[C@]53Cl)[C@]24Cl,0
CCC(=O)N(c1ccccc1)C1(COC)CCN(CCn2nnn(CC)c2=O)CC1,0
CCOC(=O)[C@H]1C(=O)[C@H](C(=O)OCC)[C@@H](c2ccccc2)N(C)[C@@H]1c1ccccc1,0
Fc1ccc([C@@H]2CCNC[C@H]2COc2ccc3c(c2)OCO3)cc1,0
OCCOCCN1CCN([C@H](c2ccccc2)c2ccc(Cl)cc2)CC1,0
Cc1ncc2n1-c1ccc(Cl)cc1C(c1ccccc1F)=NC2,0
CC(C)C[C@H]1C(=O)N2CCC[C@H]2[C@@]2(O)O[C@@](NC(=O)[C@@H]3C=C4c5cccc6[nH]c(Br)c(c56)C[C@H]4N(C)C3)(C(C)C)C(=O)N12,0
CNC(=O)Oc1cccc2ccccc12,0
CC(C)=CCC/C(C)=C/CC/C(C)=C/CSC[C@H](N)C(=O)O,0
C=CCc1ccccc1OC[C@@H](O)CNC(C)C,0
CC(=O)OC[C@@H]1O[C@H](n2c3c(cc(C#N)c2=O)CCCCCC3)[C@H](OC(C)=O)[C@H](OC(C)=O)[C@@H]1OC(C)=O,0
CC(C)=CCC/C(C)=C/Cc1cc(/C=C/c2cc(O)c(CC=C(C)C)c(O)c2)cc(O)c1O,0
C#C[C@H](CC(=O)O)NC(=O)CN1CCc2ccc(N3CCNCC3)cc2C1=O,0
C[C@H](CCC(=O)NCCC[N+](C)(C)CCCS(=O)(=O)[O-])[C@H]1CC[C@H]2[C@@H]3[C@@H](O)C[C@@H]4C[C@H](O)CC[C@@]4(C)[C@H]3C[C@H](O)[C@]21C,0
CC(=O)[C@H]1CC[C@H]2[C@@H]3CCC4=CC(=O)CC[C@]4(C)[C@H]3CC[C@@]12C,0
CN(C)CCCCN1CCc2c(n(C)c3ccccc23)C1=O,0
COc1ccccc1NS(=O)(=O)c1cc(C(C)(C)C)ccc1OCCOc1ccc(C(C)(C)C)cc1S(=O)(=O)Nc1ccccc1OC,0
COc1ccccc1[C@H]1SCC(=O)N1c1ccc(-c2ccc(-n3c(-c4ccccc4)nc4ccccc4c3=O)cc2)cc1,0
CC(C)CCCCCCCCCCCCC(=O)NCC(=O)N[C@H]1[C@@H](C)O[C@H](Nc2ncnc3nc[nH]c23)[C@H](O)[C@@H]1O,0
CC(=O)O[C@H]1[C@H](O)C[C@@H](O[C@@H]2[C@@H](O)C[C@@H](O[C@H]3[C@@H](O)C[C@H](O[C@H]4CC[C@@]5(C)[C@H](CC[C@@H]6[C@H]5C[C@H](O)[C@@]5(C)[C@H](C7=CC(=O)OC7)CC[C@]65O)C4)O[C@H]3C)O[C@H]2C)O[C@@H]1C,1
CC(C)C[C@@H]1NC(=O)[C@H](CCCN)NC(=O)[C@H](C(C)C)NC(=O)[C@@H]2CCCN2C(=O)[C@@H](Cc2ccccc2)NC(=O)[C@H](CC(C)C)NC(=O)[C@H](CCCN)NC(=O)[C@H](C(C)C)NC(=O)[C@@H]2CCCN2C(=O)[C@@H](Cc2ccccc2)NC1=O,1
CC[C@H](NC(=O)[C@@H]1CCCN1C(=O)[C@@H](Cc1ccccc1)NC(=O)[C@@H](N)CC(C)C)C(=O)N[C@@H](CCCN)C(=O)N[C@@H](CC(C)C)C(=O)N[C@H](Cc1ccccc1)C(=O)N1CCC[C@H]1C(=O)N[C@@H](CC)C(=O)N[C@H](C=O)CCCN,1
COC(=O)[C@H]1[C@@H]2C[C@@H]3c4[nH]c5cc(OC)ccc5c4CCN3C[C@H]2C[C@@H](O)[C@@H]1OC,1
CC12CCC(=O)C=C1CC[C@@H]1[C@@H]2CC[C@@]2(C)C(=O)CC[C@@H]12,0
COc1cc([C@@H]2c3cc4c(cc3[C@@H](N)[C@H]3COC(=O)[C@@H]32)OCO4)cc(OC)c1OC,0
COc1cc([C@@H]2c3cc4c(cc3[C@@H](O)[C@H]3COC(=O)[C@H]23)OCO4)cc(OC)c1OC,0
COc1cc([C@@H]2c3cc4c(cc3[C@H](N(C)C)[C@H]3COC(=O)[C@@H]32)OCO4)cc(OC)c1OC,0
COc1cc([C@@H]2c3cc4c(cc3[C@@H](N(C)C(C)=O)[C@H]3COC(=O)[C@@H]32)OCO4)cc(OC)c1OC,0
Cc1cc(-c2ccco2)c(C#N)c(=S)n1[C@@H]1O[C@@H](CO)[C@H](O)[C@H](O)[C@@H]1O,0
CCOC(=O)c1c(-c2ccc(Cl)cc2)c(C#N)c(=S)n([C@@H]2O[C@@H](COC(C)=O)[C@H](OC(C)=O)[C@H](OC(C)=O)[C@@H]2OC(C)=O)c1C,0
COc1ccc(-c2c(C(C)=O)c(-c3ccccc3)n([C@H]3O[C@@H](COC(C)=O)[C@H](OC(C)=O)[C@@H](OC(C)=O)[C@H]3OC(C)=O)c(=S)c2C#N)cc1,0
CC(=O)OC[C@@H]1O[C@@H](n2c(C)c(C(C)=O)c(-c3ccco3)c(C#N)c2=S)[C@@H](OC(C)=O)[C@@H](OC(C)=O)[C@H]1OC(C)=O,0
Cc1cc(C)n([C@@H]2O[C@@H](CO)[C@H](O)[C@H](O)[C@@H]2O)c(=S)c1C#N,0
N#Cc1cc2c(n([C@@H]3O[C@@H](CO)[C@H](O)[C@H](O)[C@@H]3O)c1=S)CCCC2,0
O=c1ncccn1[C@@H]1O[C@H](CO)[C@@H](O)[C@H]1O,0
Clc1ccccc1C(c1ccccc1)(c1ccccc1)n1ccnc1,1
CCCCCCCCCCCCCCC[C@H](O)[C@H](N)CO,1
C/C=C/c1ccc2c(c1)OCO2,1
CCCCc1nc(Cl)c(CO)n1Cc1ccc(-c2ccccc2-c2nnn[nH]2)cc1,1
COC(=O)c1ccccc1-c1c2ccc(=N)cc-2oc2cc(N)ccc12,1
COc1ccc([C@@H]2Sc3ccccc3N(CCN(C)C)C(=O)[C@@H]2OC(C)=O)cc1,1
CCCCOc1cc(C(=O)NCCN(CC)CC)c2ccccc2n1,1
O=C1c2c(O)ccc(O)c2C(=O)c2c(NCCNCCO)ccc(NCCNCCO)c21,1
C=CCNc1nc(NCC=C)nc(N2CCC(NCC(c3ccc(F)cc3)c3ccc(F)cc3)CC2)n1,1
CC[C@H](C)C(=O)O[C@H]1C[C@@H](C)C=C2C=C[C@H](C)[C@H](CC[C@@H]3C[C@@H](O)CC(=O)O3)[C@H]21,1
CC(=O)OCOC(=O)CN(CC(=O)OCOC(C)=O)Cc1c(OC(C)=O)ccc2c1Oc1c(ccc(OC(C)=O)c1CN(CC(=O)OCOC(C)=O)CC(=O)OCOC(C)=O)C21OC(=O)c2ccccc21,1
COc1ccc(C[C@@H](N)C(=O)N[C@H]2[C@@H](CO)O[C@@H](n3cnc4c(N(C)C)ncnc43)[C@@H]2O)cc1,1
CCOc1ccc(-c2nc3cc(-c4nc5cc(N6CCN(C)CC6)ccc5[nH]4)ccc3[nH]2)cc1,1
OCCN(CCO)c1nc(N2CCCCC2)c2nc(N(CCO)CCO)nc(N3CCCCC3)c2n1,1
CCCNC[C@@H](O)COc1ccccc1C(=O)CCc1ccccc1,1
Cc1nccn1C[C@H]1CCc2c(c3ccccc3n2C)C1=O,1
c1ccc(P(c2ccccc2)c2ccccc2)cc1,1
COC(=O)C1=C(C)NC(C)=C(C(=O)OCCCN2CCC(c3ccccc3)(c3ccccc3)CC2)[C@@H]1c1cccc([N+](=O)[O-])c1,1
COc1ccc2cc1Oc1ccc(cc1)C[C@H]1c3c(cc4c(c3Oc3cc5c(cc3OC)CCN(C)[C@@H]5C2)OCO4)CCN1C,1
CN[C@@H](CCSC)C(=O)NC(=O)[C@H](Cc1ccccc1)NC(=O)CNC(=O)[C@@H](C)NC(=O)[C@@H](N)Cc1ccc(O)cc1,1
CC(C)(C)c1ccc([C@@H](O)CCCN2CCC(C(O)(c3ccccc3)c3ccccc3)CC2)cc1,1
CCOC(=O)C1=C(C)NC(C)=C(C(=O)OCCNC(=O)CCc2ccc(O)c(I)c2)[C@@H]1c1ccccc1C(F)(F)F,1
O=C(CCCN1CCC2(CC1)C(=O)NCN2c1ccccc1)c1ccc(F)cc1,1
CN(C)CCC=C1c2ccccc2CCc2ccccc21,1
COc1cc2c(cc1OC)CN(CCc1ccc(NC(=O)c3cccc4c(=O)c5cccc(OC)c5[nH]c34)cc1)CC2,1
CC(C)(C)NC[C@@H](O)COc1ccccc1C#N,1
Cc1nnc(SCC2=C(C(=O)O)N3C(=O)[C@@H](NC(=O)Cn4cnnn4)[C@H]3SC2)s1,1
CN(C)CCCN1c2ccccc2Sc2ccc(C(F)(F)F)cc21,1
CCN(CC)C(=O)Nc1ccc(OC[C@H](O)CNC(C)(C)C)c(C(C)=O)c1,1
COC(=O)[C@H]1[C@@H]2C[C@@H]3c4[nH]c5cc(OC)ccc5c4CCN3C[C@H]2C[C@@H](OC(=O)c2cc(OC)c(OC)c(OC)c2)[C@@H]1OC,1
CC(=O)N1CCN(c2ccc(OC[C@@H]3CO[C@](Cn4ccnc4)(c4ccc(Cl)cc4Cl)O3)cc2)CC1,1
COc1cc2nc(N3CCN(C(=O)c4ccco4)CC3)nc(N)c2cc1OC,1
Cc1cc(=O)oc2cc(O)ccc12,1
CC(C)(C)NC(=O)[C@@H]1C[C@@H]2CCCC[C@H]2CN1C[C@@H](O)[C@H](Cc1ccccc1)NC(=O)[C@H](CC(N)=O)NC(=O)c1ccc2ccccc2n1,1
CO[C@H]1/C=C/O[C@@]2(C)Oc3c(C)c(O)c4c(O)c(c(/C=N/N5CCN(C)CC5)c(O)c4c3C2=O)NC(=O)/C(C)=C\C=C\[C@H](C)[C@H](O)[C@@H](C)[C@@H](O)[C@@H](C)[C@H](OC(C)=O)[C@@H]1C,1
CN(C)CCCN1c2ccccc2Sc2ccc(Cl)cc21,1
CN1CCN(c2c(F)cc3c(=O)c(C(=O)O)cn(CCF)c3c2F)CC1,1
CN1CCN(CCCN2c3ccccc3Sc3ccc(C(F)(F)F)cc32)CC1,1
CC[C@]1(O)C[C@H]2CN(CCc3c([nH]c4ccccc34)[C@@](C(=O)OC)(c3cc4c(cc3OC)N(C)[C@H]3[C@@](O)(C(N)=O)[C@H](O)[C@@]5(CC)C=CCN6CC[C@]43[C@@H]65)C2)C1,1
C[C@H]1NC(=O)[C@@H](NC(=O)c2ncccc2O)[C@@H](C)OC(=O)[C@H](c2ccccc2)NC(=O)[C@H]2CC(=O)CCN2C(=O)[C@@H](Cc2ccc(N(C)C)cc2)N(C)C(=O)[C@H]2CCCN2C1=O,1
C[C@H]1O[C@@H](O[C@H]2[C@@H](O)C[C@H](O[C@H]3[C@@H](O)C[C@H](O[C@H]4CC[C@]5(C)[C@H]6CC[C@]7(C)[C@@H](C8=CC(=O)OC8)CC[C@]7(O)[C@@H]6CC[C@@H]5C4)O[C@@H]3C)O[C@@H]2C)C[C@H](O)[C@@H]1O,1
CC12CC[C@H](O)C[C@H]1CC[C@H]1[C@@H]2C[C@@H](O)[C@@]2(C)[C@@H](C3=CC(=O)OC3)CC[C@@]12O,1
CC[C@H]1CN2CCc3cc(OC)c(OC)cc3[C@@H]2C[C@@H]1C[C@H]1NCCc2c1[nH]c1ccc(O)cc21,1
CCC1=C[C@@H]2CN(C1)Cc1c([nH]c3ccccc13)[C@@](C(=O)OC)(c1cc3c(cc1OC)N(C)[C@H]1[C@@](O)(C(=O)OC)[C@H](OC(C)=O)[C@@]4(CC)C=CCN5CC[C@]31[C@@H]54)C2,1
O=C(O)c1cn(C2CC2)c2cc(N3CCNCC3)c(F)cc2c1=O,1
C=C1[C@@H]([C@@H](O)C[C@H](C)[C@H]2O[C@@]3(CCCCO3)CC[C@H]2C)O[C@@H]2CC[C@@]3(CC[C@H](/C=C/[C@@H](C)[C@@H]4CC(C)=C[C@@]5(O[C@H](C[C@@](C)(O)C(=O)O)CC[C@H]5O)O4)O3)O[C@H]2[C@@H]1O,1
CC(C)=CCC/C(C)=C/CC/C(C)=C/CO,0
CC1=C(C(=O)Nc2ccc(Cl)c(C(=O)OC(C)C)c2)SCCO1,0
COC(=O)[C@@H](N)CS,0
O=CN[C@@H](N1CCN([C@H](NC=O)C(Cl)(Cl)Cl)CC1)C(Cl)(Cl)Cl,0
COc1ccc(Cc2c(-c3ccc(C)cc3)nnc(O)c2[C@@H]2C(=O)N(c3ccccc3)N=C2c2ccccc2)cc1,0
CNCC[C@H](Oc1ccc(C(F)(F)F)cc1)c1ccccc1,0
Clc1cccc(Cl)c1NC1=NCCN1,0
C[C@H]1CN(c2nc(N(CCO)CC(C)(C)O)c3nc(-c4ccccc4)c(N4C[C@H](C)O[C@H](C)C4)nc3n2)C[C@@H](C)O1,0
CO[P@](=S)(Oc1cc(Cl)c(Br)cc1Cl)c1ccccc1,0
O=[P@@]1(N(CCCl)CCCl)NCCCO1,0
Nc1ccc(S(=O)(=O)Nc2ccccn2)cc1,0
CCCCC/C=C\C/C=C\C=C\C=C\[C@@H](SC[C@@H](NC(=O)CC[C@H](N)C(=O)O)C(=O)NCC(=O)O)[C@@H](O)CCCC(=O)O,0
Clc1ccc([C@@H](c2ccccc2Cl)C(Cl)Cl)cc1,0
COc1ccc(C(=O)c2c(C(C(=O)c3ccc(OC)cc3)C(=O)c3ccc(OC)cc3)n(C(=O)c3ccc(OC)cc3)c3ccccc23)cc1,0
COc1ccc2c3c([nH]c2c1)[C@H]1C[C@H]2[C@@H](CN1CC3)[C@@H](O)[C@H](OC)[C@H]2C(=O)O,0
CSc1nc(-c2ccc(C)cc2)c(C#N)c(=O)[nH]1,0
C[C@H]1C(=O)[C@H](C)[C@@H](c2ccccc2)N(C)[C@@H]1c1ccccc1,0
OC(Cn1cncn1)(Cn1cncn1)c1ccc(F)cc1F,0
CO[C@@H]1C[C@@H](C[C@H]2CC[C@H](C)[C@H]([C@@H](C)C(=O)O)O2)O[C@]2(O[C@@](C)([C@H]3CC[C@@](C)([C@@H]4O[C@@H]([C@H]5O[C@@](O)(CO)[C@H](C)C[C@@H]5C)C[C@@H]4C)O3)C[C@H]2C)[C@@H]1C,0
COc1cc2c(cc1OC)CN(CCc1ccc(NC(=O)c3cc(OC)c(OC)cc3NC(=O)c3cnc4ccccc4c3)cc1)CC2,0
CNC(=O)O/N=C/C(C)(C)S(C)(=O)=O,0
C[C@]12CCC(=O)C=C1CC[C@@H]1[C@@H]2[C@@H](O)C[C@@]2(C)[C@@H](C(=O)CO)CC[C@@H]12,1
C/C=C/[C@@H](C)[C@@H](O)[C@H]1C(=O)N[C@@H](CC)C(=O)N(C)CC(=O)N(C)[C@@H](CC(C)C)C(=O)N[C@@H](C(C)C)C(=O)N(C)[C@@H](CC(C)C)C(=O)N[C@@H](C)C(=O)N[C@H](C)C(=O)N(C)[C@H](CC(C)C)C(=O)N(C)[C@@H](CC(C)C)C(=O)N(C)[C@@H](CC(C)C)C(=O)N1C,1
COc1cccc2c1C(=O)c1c(O)c3c(c(O)c1C2=O)C[C@@](O)(C(C)=O)C[C@@H]3O[C@H]1C[C@H](N)[C@H](O)[C@H](C)O1,1
COc1cccc2c1C(=O)c1c(O)c3c(c(O)c1C2=O)C[C@@](O)(C(=O)CO)C[C@@H]3O[C@H]1C[C@H](N)[C@@H](O)[C@H](C)O1,1
CC(=O)[C@]1(O)Cc2c(O)c3c(c(O)c2[C@@H](O[C@H]2C[C@H](N)[C@H](O)[C@H](C)O2)C1)C(=O)c1ccccc1C3=O,1
CO[C@@H]1C[C@H](O[C@@H]2[C@@H](O)C[C@H](O[C@@H]3[C@@H](O)C[C@H](O[C@@H]4CC[C@@]5(C)[C@@H](CC[C@@H]6[C@@H]5C[C@@H](O)[C@@]5(C)[C@H](C7=CC(=O)OC7)CC[C@@]65O)C4)O[C@@H]3C)O[C@@H]2C)O[C@@H](C)[C@@H]1O,1
CC(=O)O[C@H]1C(=O)[C@]2(C)[C@@H](O)C[C@@H]3OC[C@@]3(OC(C)=O)[C@H]2[C@H](OC(=O)c2ccccc2)[C@@]2(O)C[C@H](OC(=O)[C@H](O)[C@H](NC(=O)c3ccccc3)c3ccccc3)C(C)=C1C2(C)C,1
CC[C@H]1OC(=O)[C@H](C)[C@@H](O[C@H]2C[C@@](C)(OC)[C@@H](O)[C@H](C)O2)[C@H](C)[C@@H](O[C@H]2O[C@@H](C)C[C@@H](N(C)C)[C@@H]2O)[C@](C)(O)C[C@@H](C)C(=O)[C@H](C)[C@@H](O)[C@]1(C)O,1
C[C@]12CC[C@@H]3c4ccc(O)cc4CC[C@H]3[C@@H]1CC[C@H]2O,1
COc1cc([C@H]2c3cc4c(cc3[C@@H](O[C@@H]3O[C@@H]5CO[C@@H](C)O[C@H]5[C@H](O)[C@H]3O)[C@H]3COC(=O)[C@H]23)OCO4)cc(OC)c1O,1
CC(C)(C(=O)O)c1ccc([C@@H](O)CCCN2CCC(C(O)(c3ccccc3)c3ccccc3)CC2)cc1,1
CCn1cc(C(=O)O)c(=O)c2cc(F)c(N3CCNCC3)cc21,1
C[C@H]1C[C@H]2[C@@H]3CC[C@](O)(C(=O)CO)[C@@]3(C)C[C@H](O)[C@@H]2[C@@]2(C)C=CC(=O)C=C12,1
CC(C)(C)NC(=O)[C@@H]1CN(Cc2cccnc2)CCN1C[C@@H](O)C[C@@H](Cc1ccccc1)C(=O)N[C@H]1c2ccccc2C[C@H]1O,1
CC[C@H](C)[C@H]1O[C@]2(CC[C@@H]1C)C[C@H]1C[C@@H](C/C=C(/C)[C@H](O[C@H]3C[C@@H](OC)[C@@H](O[C@H]4C[C@H](OC)[C@@H](O)[C@H](C)O4)[C@H](C)O3)[C@@H](C)/C=C/C=C3\CO[C@@H]4[C@H](O)C(C)=C[C@@H](C(=O)O1)[C@]34O)O2,1
CC[C@H](C)C(=O)O[C@H]1C[C@@H](O)C=C2C=C[C@H](C)[C@H](CC[C@@H](O)C[C@@H](O)CC(=O)O)[C@H]21,1
CCOC(=O)C1=C(C)NC(C)=C(C(=O)OC)[C@H]1c1cccc([N+](=O)[O-])c1,1
C=C[C@H]1CN2CC[C@@H]1C[C@@H]2[C@@H](O)c1ccnc2ccc(OC)cc12,1
C=C[C@H]1CN2CC[C@@H]1C[C@H]2[C@H](O)c1ccnc2ccc(OC)cc12,1
CO[C@H]1C[C@H]2CC[C@@H](C)[C@](O)(O2)C(=O)C(=O)N2CCCC[C@H]2C(=O)O[C@H]([C@H](C)C[C@H]2CC[C@@H](O)[C@H](OC)C2)CC(=O)[C@H](C)/C=C(\C)[C@@H](O)[C@@H](OC)C(=O)[C@H](C)C[C@H](C)/C=C\C=C\C=C\1C,1
COc1ccc(CCN(C)CCC[C@](C#N)(c2ccc(OC)c(OC)c2)C(C)C)cc1OC,1
CC(C)C[C@H](NC(=O)[C@H](Cc1c[nH]c2ccccc12)NC(=O)[C@H](CC(C)C)NC(=O)[C@H](Cc1ccccc1)NC(=O)[C@H](CC(C)C)NC(=O)[C@H](Cc1c[nH]c2ccccc12)NC(=O)[C@@H](NC(=O)[C@@H](NC(=O)[C@@H](NC(=O)[C@H](C)NC(=O)[C@@H](CC(C)C)NC(=O)[C@@H](C)NC(=O)CNC(=O)[C@@H](NC=O)C(C)C)C(C)C)C(C)C)C(C)C)C(=O)N[C@@H](Cc1c[nH]c2ccccc12)C(=O)NCCO,1
CC[C@@H]1NC(=O)[C@@H]2CCCN2C(=O)[C@@H](Cc2ccccc2)NC(=O)[C@H](CC(C)C)NC(=O)[C@H](CCCN)NC(=O)[C@H](C(C)C)NC(=O)[C@@H]2CCCN2C(=O)[C@@H](Cc2ccccc2)NC(=O)[C@H](CC(C)C)NC(=O)[C@H](CCCN)NC1=O,1
C(=N/NC1=NCCN1)\c1c2ccccc2c(/C=N/NC2=NCCN2)c2ccccc12,1
Cn1nnnc1SCC1=C(C(=O)O)N2C(=O)[C@H](NC(=O)C3SC(=C(C(N)=O)C(=O)O)S3)[C@H]2SC1,1
OCCN1CCN(CC/C=C2\c3ccccc3Sc3ccc(C(F)(F)F)cc32)CC1,1
CO[C@H](C(=O)[C@@H](O)[C@@H](C)O)[C@@H]1Cc2cc3cc(O[C@H]4C[C@@H](O[C@H]5C[C@@H](O)[C@H](O)[C@@H](C)O5)[C@H](O)[C@@H](C)O4)c(C)c(O)c3c(O)c2C(=O)[C@H]1O[C@H]1C[C@@H](O[C@H]2C[C@@H](O[C@H]3C[C@](C)(O)[C@H](O)[C@@H](C)O3)[C@@H](O)[C@@H](C)O2)[C@H](O)[C@@H](C)O1,1
CC(C)NC[C@H](O)COc1ccc(CCNC(=O)NC(C)C)cc1,1
CC(C)(C)c1ccc(C(=O)CCCN2CCC(OC(c3ccccc3)c3ccccc3)CC2)cc1,1
C[C@]12C[C@H](O)[C@H]3[C@@H](CCC4=CC(=O)C=C[C@@]43C)[C@@H]1CC[C@]2(O)C(=O)CO,0
COc1ccc2c3c([nH]c2c1)[C@H]1C[C@H]2[C@H](C[C@@H](O)[C@H](OC)[C@H]2C(=O)O)CN1CC3,0
C[C@]12CCC(=O)C=C1CC[C@@H]1[C@@H]2CC[C@@]2(C)[C@@H](C(=O)CO)CC[C@@H]12,0
COc1cc([C@H]2c3cc4c(cc3C[C@@H]3COC(=O)[C@H]32)OCO4)cc(OC)c1OC,0
CCOP(=S)(OCC)S[C@@H](CCl)N1C(=O)c2ccccc2C1=O,0
N[C@@H](Cc1ccc(N(CCCl)CCCl)cc1)C(=O)O,0
CN[C@@H]1c2cc3c(cc2[C@@H](c2cc(OC)c(OC)c(OC)c2)[C@H]2C(=O)OC[C@H]12)OCO3,0
COc1cc([C@@H]2c3cc4c(cc3[C@H](N(C)C(C)=O)[C@H]3COC(=O)[C@@H]32)OCO4)cc(OC)c1OC,0
COc1cc2c3c(n(C)c(=O)c2cc1OC)-c1cc2c(cc1C3=O)OCO2,0
CC(=O)c1c(-c2ccco2)c(C#N)c(=S)n([C@@H]2O[C@@H](CO)[C@H](O)[C@H](O)[C@@H]2O)c1C,0
CC(=O)OC[C@@H]1O[C@@H](n2c3c(cc(C#N)c2=S)CCCC3)[C@@H](OC(C)=O)[C@@H](OC(C)=O)[C@H]1OC(C)=O,0
N#Cc1cc2c(n([C@H]3O[C@@H](CO)[C@@H](O)[C@@H](O)[C@H]3O)c1=S)CCC2,0
CN(C)CCOC(c1ccccc1)c1ccccc1,0
Nc1ccn([C@@H]2O[C@H](CO)[C@@H](O)C2(F)F)c(=O)n1,0
N#Cc1c(-c2ccco2)c2c(n([C@H]3O[C@@H](CO)[C@@H](O)[C@@H](O)[C@H]3O)c1=S)CCCC2,0
C[C@]12CCC(=O)C=C1CC[C@@H]1[C@@H]2CC[C@@]2(C)[C@@H](O)CC[C@@H]12,0
N#Cc1cc2c(n([C@H]3O[C@@H](CO)[C@@H](O)[C@@H](O)[C@H]3O)c1=S)CCCCCC2,0
Cc1cc(C)nc(NS(=O)(=O)c2ccc(NC(=O)COC(=O)c3cccc4c(=O)c5ccccc5[nH]c34)cc2)n1,0
Cc1nc(N)nc(N)c1-c1ccc(Cl)c(Cl)c1,0
Nc1ccn([C@@H]2O[C@H](CO)[C@@H](O)[C@@H]2O)c(=O)n1,0
Cc1cn([C@H]2C[C@H](N=[N+]=[N-])[C@@H](CO)O2)c(=O)[nH]c1=O,0
COc1ccc([C@@H]2C(C#N)=C(S)N([C@H]3O[C@@H](COC(C)=O)[C@@H](OC(C)=O)[C@@H](OC(C)=O)[C@H]3OC(C)=O)C(c3ccccc3)=C2C(C)=O)cc1,0
Cc1cn([C@H]2C=C[C@@H](CO)O2)c(=O)[nH]c1=O,0
COc1ccc(-c2c3c(n([C@H]4O[C@@H](COC(C)=O)[C@@H](OC(C)=O)[C@@H](OC(C)=O)[C@H]4OC(C)=O)c(=S)c2C#N)CC(C)(C)CC3=O)cc1,0