Bioavailability,Structures
0.0,NCC[C@H](O)C(=O)N[C@@H]1C[C@H](N)[C@@H](O[C@H]2O[C@H](CN)CC[C@H]2N)[C@H](O)[C@H]1O[C@H]1O[C@H](CO)[C@@H](O)[C@H](N)[C@H]1O
0.0,C=CC[N@@+]12CC[C@]34c5ccccc5N5/C=C6/[C@@H]7C[C@H]8[C@@]9(CC[N@@+]8(CC=C)C/C7=C\CO)c7ccccc7N(/C=C(/[C@H]53)[C@@H](C[C@@H]41)/C(=C/CO)C2)[C@@H]69
0.0,CC(=O)OCC1=C(C(=O)O)N2C(=O)[C@@H](NC(=O)CSc3ccncc3)[C@@H]2SC1
0.0,CO/N=C(/C(=O)N[C@@H]1C(=O)N2C(C(=O)O)=C(CSc3nc(C)c(CC(=O)O)s3)CS[C@H]12)c1csc(N)n1
1.0,CN1C[C@@H](C(=O)N[C@@]2(C)O[C@]3(O)[C@H]4CCCN4C(=O)[C@@H](Cc4ccccc4)N3C2=O)C[C@@H]2c3cccc4[nH]cc(c34)C[C@@H]21
1.0,CCC(=O)N(c1ccccc1)C1(COC)CCN(CCn2c(=O)nnn2CC)CC1
1.0,CC[N+](C)(C)[C@@H](C)CC(c1ccccc1)c1ccccc1
2.0,C[C@H](Cc1ccc(O)cc1)N[C@@H](O)Cc1cc(O)cc(O)c1
3.0,CCC(C)(C)C(=O)O[C@H]1C[C@@H](C)C=C2C=C[C@H](C)[C@H](CC[C@@H]3C[C@@H](O)CC(=O)O3)[C@H]21
5.0,COc1cccc2c1C(=O)c1c(O)c3c(c(O)c1C2=O)C[C@@](O)(C(=O)CO)C[C@@H]3O[C@@H]1C[C@H](N)[C@H](O)[C@H](C)O1
5.0,CCN(CC)[C@H](C)CN1c2ccccc2Sc2ccccc21
6.6999998,CC1(C)O[C@@H]2C[C@H]3[C@@H]4C[C@H](F)C5=CC(=O)C=C[C@]5(C)[C@H]4[C@@H](O)C[C@]3(C)[C@]2(C(=O)CO)O1
8.0,CN(CCCCCCN(C)C(=O)Oc1ccc[n+](C)c1)C(=O)Oc1ccc[n+](C)c1
10.0,CCCCCc1cc(O)c2c(c1)OC(C)(C)[C@@H]1CCC(C)=C[C@H]21
15.0,CN1CCN(CCCN2c3ccccc3Sc3ccc(Cl)cc32)CC1
16.0,CCOC(=O)c1ncn2c1CN(C)C(=O)c1cc(F)ccc1-2
17.2000008,CNS(=O)(=O)Cc1ccc2[nH]cc(CCCN3CCN(c4ncncc4OC)CC3)c2c1
19.5,COC(=O)C1=C(C)NC(C)=C(C(=O)OC(C)C)[C@@H]1c1cccc2nonc12
20.0,CCCCCCC(C)(C)c1cc(O)c2c(c1)OC(C)(C)[C@@H]1CCC(=O)C[C@@H]21
22.5,Nc1nc2c(ncn2COCCO)c(=O)[nH]1
25.0,C[C@H](Cn1cnc2c(N)ncnc21)OCP(=O)(O)O
27.0,CN1Cc2c(N)cccc2[C@H](c2ccccc2)C1
28.0,CCOC(=O)[C@H](CCc1ccccc1)N[C@@H](C)C(=O)N1[C@H](C(=O)O)C[C@@H]2CCC[C@@H]21
30.0,CC(C)(Cc1c[nH]c2ccccc12)NC[C@@H](O)COc1ccccc1C#N
30.0,CC1(C)S[C@@H]2[C@H](NC(=O)Cc3ccccc3)C(=O)N2[C@H]1C(=O)O
32.0,CO/N=C(/C(=O)N[C@@H]1C(=O)N2C(C(=O)O)=C(COC(N)=O)CS[C@H]12)c1ccco1
34.0,CCC(=O)O[C@@H](O[P@@](=O)(CCCCc1ccccc1)CC(=O)N1C[C@H](C2CCCCC2)C[C@H]1C(=O)O)C(C)C
35.0,CC1(C)S[C@@H]2[C@H](NC(=O)[C@H](C(=O)O)c3ccccc3)C(=O)N2[C@H]1C(=O)O
37.0,C[C@H]1O[C@@H]1P(=O)(O)O
39.0,CN(C)Cc1nnc2n1-c1ccc(Cl)cc1C(c1ccccc1)=NC2
40.0,C[C@H](CN(C)C)CN1c2ccccc2CCc2ccccc21
40.0,CSC[C@H](NC(=O)COc1nccc2ccccc12)C(=O)N[C@@H](Cc1ccccc1)[C@H](O)C(=O)N1CSC[C@H]1C(=O)NC(C)(C)C
42.0,C=C1C[C@@H]2[C@H](CC[C@]3(C)C(=O)CC[C@@H]23)[C@@]2(C)C=CC(=O)C=C12
44.0,Cc1ncc2n1-c1ccc(Cl)cc1C(c1ccccc1F)=NC2
47.0,CC(C)(C)N1CCC(c2ccccc2)(c2ccccc2)CC1
50.0,COC(=O)C1=C(C)NC(C)=C(OC(C)=O)[C@@H]1c1ccccc1[N+](=O)[O-]
50.0,C[C@@H](CO)NC(=O)[C@@H]1C[C@@H]2c3cccc4[nH]cc(c34)C[C@H]2N(C)C1
50.0,CC(C)(S)[C@H](N)C(=O)O
52.0,CCOC(=O)C1(c2ccccc2)CCN(C)CC1
54.0,Cc1scc2c1N(C(=O)CN1CCN(C)CC1)c1ccccc1NC2=O
55.0,CC[C@H]1OC(=O)[C@H](C)[C@H](O[C@H]2C[C@@](C)(OC)[C@@H](O)[C@H](C)O2)[C@@H](C)[C@H](O[C@@H]2O[C@H](C)C[C@H](N(C)C)[C@H]2O)[C@@](C)(OC)C[C@H](C)C(=O)[C@@H](C)[C@H](O)[C@@]1(C)O
57.0,COc1ccc(CCNC[C@H](O)COc2cccc(C)c2)cc1OC
58.0,C=C1c2cccc(O)c2C(=O)[C@@H]2[C@@H]1[C@H](C)[C@H]1[C@H](N(C)C)[C@@H](O)[C@H](C(N)=O)C(=O)[C@@]1(O)[C@@H]2O
60.0,NC(=O)CCCN/C(=C1\C=C(F)C=CC1=O)c1ccc(Cl)cc1
60.0,CC(=O)C[C@@H](c1ccc([N+](=O)[O-])cc1)c1c(O)c2ccccc2oc1=O
60.0,CC(C)(C)NC[C@H](O)COc1cccc2c1SCCC2
62.0,Cc1ccc(C(=O)c2cc(O)c(O)c([N+](=O)[O-])c2)cc1
63.5,C[C@H](N[C@H](CCc1ccccc1)C(=O)O)C(=O)N1CCC[C@H]1C(=O)O
65.0,COc1ccc2c(=O)c3ccccc3oc2c1CN1CCCCC1
66.0,N[C@H](C(=O)N[C@@H]1C(=O)N2C(C(=O)O)=C(CSc3c[nH]nn3)CS[C@H]12)c1ccc(O)cc1
68.0,CCCC(CCC)C(N)=O
70.0,Cc1c(F)c(N2CCN[C@H](C)C2)cc2c1c(=O)c(C(=O)O)cn2C1CC1
74.0,CCN(CCO)CC[C@H](C)Nc1ccnc2cc(Cl)ccc12
77.0,COc1ccnc(C[S@@+]([O-])c2nc3cc(OC(F)F)ccc3[nH]2)c1OC
80.0,CCN(CC)CCCCN(C)c1ccnc2cc(Cl)ccc12
80.0,C[C@@H](C(=O)O)c1cccc(Oc2ccccc2)c1
80.0,CCN(CC)C(=S)SSC(=S)N(CC)CC
82.0,O=C(O)CCCc1ccc(N(CCCl)CCCl)cc1
83.0,CC(C)N(CC[C@@](C(N)=O)(c1ccccc1)c1cccnc1)C(C)C
84.0,C=CCN1CCC[C@@H]1CNC(=O)c1cc2nn[nH]c2cc1OC
85.0,CC(C)Nc1cccnc1N1CCN(C(=O)c2cc3cc(N)ccc3[nH]2)CC1
86.0,COc1c2c(cc(F)c1N1C[C@@H]3CCCN[C@@H]3C1)C(=O)C(C(=O)O)=C[C@@H]2NC1CC1
87.0,Cc1cccc(C)c1OC[C@@H](C)N
89.0,N[C@@H]1CN(c2c(F)cc3c(=O)c(C(=O)O)cn([C@H]4C[C@@H]4F)c3c2Cl)CC12CC2
90.0,CC1=Nc2ccc(Cl)cc2S(=O)(=O)N1
90.0,N[C@]12C[C@H]3C[C@H](C[C@H](C3)C1)C2
90.0,CCCC(=O)[C@@]1(c2ccccc2)CCC=C[C@H]1N(C)C
90.0,NS(=O)(=O)c1cc2c(cc1C(F)(F)F)N[C@@H](Cc1ccccc1)NS2(=O)=O
91.0,CCC(C(N)=O)(C(N)=O)c1ccccc1
93.0,O[C@@]1(c2ccc(Cl)cc2)c2ccccc2C2=NCCN21
93.0,CCn1cc(C(=O)O)c(=O)c2cnc(N3CCNCC3)nc21
94.0,COc1c(C)c2c(c(O)c1C/C=C(\C)CCC(=O)O)C(=O)OC2
95.0,CC[C@]1(c2ccc(N)cc2)CCC(=O)NC1=O
96.0,C[C@@H](c1ncncc1F)[C@](O)(Cn1cncn1)c1ccc(F)cc1F
97.0,CCn1cc(C(=O)O)c(=O)c2cc(F)c(N3CCN[C@H](C)C3)c(F)c21
97.0,Cc1cnc(NC(=O)C2=C(O)c3ccccc3S(=O)(=O)N2C)s1
99.0,CN1c2ccccc2N(CCCCCCC(=O)O)c2ccc(Cl)cc2S1(=O)=O
99.0,Cc1cc(=O)n(-c2ccccc2)n1C
100.0,O=NN(CCCl)C(=O)NC1CCCCC1
100.0,Cc1cc(NS(=O)(=O)c2ccc(N)cc2)no1
0.0,CCOC(=O)O[C@]1(C(=O)OCCl)CC[C@H]2[C@@H]3CCC4=CC(=O)C=C[C@]4(C)[C@@H]3[C@@H](O)C[C@@]21C
0.0,Clc1ccc([C@H](Cn2ccnc2)OCc2csc3c(Cl)cccc23)c(Cl)c1
0.0,CS(=O)(=O)CCNCc1ccc(-c2ccc3ncnc(Nc4ccc(OCc5cccc(F)c5)c(Cl)c4)c3c2)o1
0.0,Clc1ccccc1C(c1ccccc1)(c1ccccc1)n1ccnc1
0.0,CCCCC(F)(F)[C@@]1(O)CC[C@H]2[C@@H](CC(=O)[C@@H]2CCCCCCC(=O)O)O1
0.0,CCCCC(=O)OCC(=O)[C@]1(O)Cc2c(O)c3c(c(O)c2[C@@H](O[C@H]2C[C@H](NC(=O)C(F)(F)F)[C@H](O)[C@H](C)O2)C1)C(=O)c1c(OC)cccc1C3=O
0.0,CC(=O)O[C@H]1C[C@@H]2CC[C@@H]3[C@H](CC[C@@]4(C)[C@H]3C[C@H]([N+]3(C)CCCCC3)[C@@H]4OC(C)=O)[C@@]2(C)C[C@@H]1N1CCCCC1
0.0,CC(=O)O[C@H]1C[C@@H]2CC[C@@H]3[C@H](CC[C@@]4(C)[C@H]3C[C@@H]([N+]3(C)CCCCC3)[C@@H]4OC(C)=O)[C@@]2(C)C[C@@H]1[N+]1(C)CCCCC1
0.0,C[N+](C)(C)CCOC(=O)CCC(=O)OCC[N+](C)(C)C
0.0,COc1ccc(C[C@H]2c3cc(OC)c(OC)cc3CC[N@+]2(C)CCC(=O)OCCCCCOC(=O)CC[N@+]2(C)CCc3cc(OC)c(OC)cc3[C@@H]2Cc2ccc(OC)c(OC)c2)cc1OC
0.0,CC[C@]1(O)C[C@@H]2CN(CCc3c([nH]c4ccccc34)[C@@](C(=O)OC)(c3cc4c(cc3OC)N(C)[C@H]3[C@@](O)(C(=O)OC)[C@H](OC(C)=O)[C@]5(CC)C=CCN6CC[C@]43[C@@H]65)C2)C1
0.0,N=C(N)c1ccc(OCCCCCOc2ccc(C(=N)N)cc2)cc1
0.0,COc1c(C)c2c(c(O)c1C/C=C(\C)CCC(=O)OCCN1CCOCC1)C(=O)OC2
0.0,CC[C@@H]1/C=C(\C)C[C@H](C)C[C@H](OC)[C@H]2O[C@@](O)(C(=O)C(=O)N3CCCC[C@H]3C(=O)O[C@H](/C(C)=C/[C@@H]3CC[C@@H](O)[C@H](OC)C3)[C@H](C)[C@@H](O)CC1=O)[C@H](C)C[C@@H]2OC
0.0,CCN[C@@H]1C[C@H](N)[C@@H](O[C@@H]2OC(CN)=CC[C@H]2N)[C@H](O)[C@H]1O[C@H]1OC[C@](C)(O)[C@H](NC)[C@H]1O
0.0,CO[C@@H]1[C@@H](OC(N)=O)[C@@H](O)[C@H](Oc2ccc3c(=O)c(NC(=O)c4ccc(O)c(CC=C(C)C)c4)c(O)oc3c2C)OC1(C)C
0.0,COc1cccc2c1C(=O)c1c(O)c3c(c(O)c1C2=O)C[C@@](O)(CC(=O)CO)C[C@@H]3O[C@H]1C[C@H](N)[C@@H](O)[C@H](C)O1
0.0,NCC[C@@H](O)C(=O)N[C@@H]1C[C@H](N)[C@@H](O[C@H]2O[C@H](CN)[C@@H](O)[C@H](O)[C@H]2O)[C@H](O)[C@H]1O[C@H]1O[C@H](CO)[C@@H](O)[C@H](N)[C@H]1O
0.0,Nc1ncnc2c1ncn2[C@@H]1O[C@H](CO)[C@@H](O)[C@@H]1O
0.0,CC[C@@H]1CC[C@@H](N)[C@@H](O[C@H]2[C@H](O)[C@@H](O[C@H]3OC[C@](C)(O)[C@H](NC)[C@H]3O)[C@H](N)C[C@@H]2N)O1
0.0,CN[C@@H]1[C@@H](O)[C@@H](O[C@@H]2[C@@H](O)[C@H](O[C@H]3O[C@H]([C@@H](C)NC)CC[C@H]3N)[C@@H](N)C[C@H]2N)OC[C@]1(C)O
0.0,CC(=O)O[C@@]12CO[C@@H]1C[C@H](O)[C@@]1(C)C(=O)[C@H](O)C3=C(C)[C@@H](OC(=O)[C@H](O)[C@@H](NC(=O)OC(C)(C)C)c4ccccc4)C[C@@](O)([C@@H](OC(=O)c4ccccc4)[C@H]21)C3(C)C
0.0,OC[C@H]1O[C@H](OC[C@H]2O[C@H](O[C@]3(CO)O[C@H](CO)[C@@H](O)[C@@H]3O)[C@H](O)[C@@H](O)[C@@H]2O)[C@H](O)[C@@H](O)[C@H]1O
0.0,CCCN(CC)[C@@H](CC)C(=O)Nc1c(C)cccc1C
0.0,CC(C)[C@H](N)C(=O)OCCOCn1cnc2c(=O)nc(N)[nH]c21
0.0,CCCCCCCCCCCCCCCCCCCCCCO
0.0,O=C1c2c(O)ccc(O)c2C(=O)c2c(NCCNCCO)ccc(NCCNCCO)c21
0.0,CN(C)c1cc(NC(=O)CNC(C)(C)C)c(O)c2c1C[C@H]1C[C@H]3[C@H](N(C)C)C(=O)/C(=C(\N)O)C(=O)[C@@]3(O)C(=O)C1=C2O
0.0,CC[N+](C)(C)c1cccc(O)c1
0.0,CC(C)N[C@@H](O)c1ccc(O)c(O)c1
0.0,CCCCS(=O)(=O)N[C@@H](Cc1ccc(OCCCCC2CCNCC2)cc1)C(=O)O
0.0,NNC(=O)NNN1C(=O)c2cc(S(=O)(=O)O)cc3c(N)c(S(=O)(=O)O)cc(c23)C1=O
0.0,C[C@@H](O)[C@H]1C(=O)N2C(C(=O)O)=C(S[C@H]3CC[C@@H](C(=O)N(C)C)N3)[C@H](C)[C@H]12
0.0,CCOC(=O)O[C@H](C)OC1=C(C(=O)Nc2ccccn2)N(C)S(=O)(=O)c2ccccc21
0.0,CC(C)(C)C(=O)OCOC(=O)[C@H]1N2C(=O)[C@@H](/N=C/N3CCCCCC3)[C@@H]2SC1(C)C
0.0,CC(=O)OCC1=C(C(=O)O)N2C(=O)[C@@H](NC(=O)CC#N)[C@H]2SC1
0.0,CO[C@@]1(NC(=O)Cc2ccsc2)C(=O)N2C(C(=O)O)=C(COC(N)=O)CS[C@@H]21
0.0,CCN1CCN(C(=O)N[C@@H](C(=O)N[C@@H]2C(=O)N3[C@@H]2SC(C)(C)[C@@H]3C(=O)O)c2ccccc2)C(=O)C1=O
0.0,CC1(C)S[C@@H]2[C@H](NC(=O)[C@H](NC(=O)N3CCNC3=O)c3ccccc3)C(=O)N2[C@H]1C(=O)O
0.0,COc1cccc(OC)c1C(=O)N[C@@H]1C(=O)N2[C@@H]1SC(C)(C)[C@@H]2C(=O)O
0.0,CC1(C)S[C@@H]2[C@H](NC(=O)[C@@H](C(=O)O)c3ccsc3)[C@H](O)N2[C@H]1C(=O)O
0.0,CCOC(=O)n1ccn(C)c1=S
0.0,OC[C@H](S)CS
0.0,Cc1nnc(SCC2=C(C(=O)O)N3C(=O)[C@@H](NC(=O)Cn4cnnn4)[C@H]3SC2)s1
0.0,CC(C)(O/N=C(\C(=O)N[C@@H]1C(=O)N2C(C(=O)O)=C(C[n+]3ccccc3)CS[C@H]12)c1csc(N)n1)C(=O)O
0.0,CO/N=C(\C(=O)N[C@@H]1C(=O)N2C(C(=O)O)=C(COC(C)=O)CS[C@H]12)c1csc(N)n1
0.0,CO/N=C(\C(=O)N[C@@H]1C(=O)N2C(C(=O)O)=C(CSc3nc(=O)c(O)nn3C)CS[C@H]12)c1csc(N)n1
0.0,CO/N=C(/C(=O)N[C@@H]1C(=O)N2C(C(=O)O)=CCS[C@H]12)c1csc(N)n1
0.0,CC(=O)OCC1=C(C(=O)O)N2C(=O)[C@@H](NC(=O)Cc3cccs3)[C@H]2SC1
0.4,CO[C@H]1/C=C/O[C@@]2(C)Oc3c(C)c(O)c4c(O)c(c5c(nc6cc(C)ccn65)c4c3C2=O)NC(=O)/C(C)=C\C=C\[C@H](C)[C@@H](O)[C@@H](C)[C@H](O)[C@@H](C)[C@H](OC(C)=O)[C@@H]1C
1.0,Fc1ccccc1CCN1NN2C=C(Br)C=CC2=NC1=S
1.0,O=P(O)(O)C(Cl)(Cl)P(=O)(O)O
1.0,COC(=O)C1=CNC(C)=C(C(=O)O[C@H]2CCN(Cc3ccccc3)C2)[C@H]1c1cccc([N+](=O)[O-])c1
1.0,O=[N+]([O-])OCC(CO[N+](=O)[O-])O[N+](=O)[O-]
1.0,C[C@@H]1O[C@@H](O[C@H]2C[C@@H](O)[C@]3(CO)[C@H]4[C@H](O)C[C@]5(C)[C@@H](C6=CC(=O)OC6)CC[C@]5(O)[C@@H]4CC[C@]3(O)C2)[C@H](O)[C@H](O)[C@H]1O
1.0,C[C@H]1O[C@H](O[C@H]2[C@H](O)[C@@H](O)[C@@H](O[C@H]3[C@H](O)[C@@H](O)[C@H](O)O[C@@H]3CO)O[C@@H]2CO)[C@H](O)[C@@H](O)[C@@H]1N[C@H]1C=C(CO)[C@@H](O)[C@H](O)[C@H]1O
1.0,CN[C@@H]1[C@H](O[C@H]2[C@@H](O[C@H]3[C@H](O)[C@@H](O)[C@H](NC(=N)N)[C@@H](O)[C@@H]3NC(=N)N)O[C@@H](C)[C@]2(O)C=O)O[C@@H](CO)[C@H](O)[C@H]1O
1.0,CC(C)C(=O)OCC(=O)[C@@]12O[C@H](C3CCCCC3)O[C@@H]1C[C@H]1[C@@H]3CCC4=CC(=O)C=C[C@]4(C)[C@H]3[C@@H](O)C[C@@]12C
1.0,CCCC[N@+]1(C)[C@@H]2C[C@@H](OC(=O)[C@@H](CO)c3ccccc3)C[C@H]1[C@@H]1O[C@@H]12
1.0,CC(=O)Oc1ccc2c3c1O[C@H]1[C@@H](OC(C)=O)C=C[C@H]4[C@@H](C2)N(C)CC[C@@]341
1.0,CC(=O)Oc1ccc2c3c1O[C@H]1[C@@H](OC(C)=O)C=C[C@H]4[C@@H](C2)N(C)CCC[C@@]341
1.0,OC[C@H]1O[C@@H](O[C@@H]2[C@@H](CO)O[C@@](O)(CO)[C@H]2O)[C@H](O)[C@@H](O)[C@H]1O
1.0,C[C@@H]1[C@H](O)[C@@H](C)/C=C/C=C/CC/C=C\C=C\C=C\C=C\[C@H](O[C@H]2O[C@H](C)[C@@H](O)[C@H](N)[C@@H]2O)C[C@@H]2O[C@](O)(C[C@@H](O)[C@H](O)CC[C@@H](O)C[C@@H](O)C[C@@H](O)CC(=O)O[C@H]1C)C[C@H](O)[C@H]2C(=O)O
1.0,CC(=O)NC[C@H]1O[C@H](O[C@H]2[C@H](O)[C@@H](O[C@H]3O[C@H](CO)[C@@H](O)[C@H](N)[C@H]3O)[C@H](N)C[C@@H]2N)[C@H](O)[C@@H](O)[C@@H]1O
1.0,NC[C@H]1O[C@@H](O[C@@H]2[C@@H](O)[C@H](O[C@H]3O[C@H](CO)[C@@H](O)[C@H](N)[C@H]3O)[C@@H](N)C[C@H]2N)[C@H](N)C[C@@H]1O
1.0,CCCCCCCCCCC[C@@H](C[C@@H]1OC(=O)[C@H]1CCCCCC)OC(=O)[C@H](CC(C)C)NC=O
1.0,CC[N@@+]1(C)[C@@H]2C[C@H](OC(=O)[C@H](CO)c3ccccc3)C[C@H]1[C@H]1O[C@H]12
1.0,CCC(=O)N(c1ccccc1)C1CCN(CCc2ccccc2)CC1
1.0,NCCC[C@H](N)CC(=O)NC[C@@H]1NC(=O)[C@H](CO)NC(=O)[C@@H](N)CNC(=O)[C@H]([C@H]2CCNC(N)=N2)NC(=O)/C(=C/NC(N)=O)NC1=O
1.0,O=C(O)CCNC(=O)c1ccc(N/N=C2/C=CC(=O)C(C(=O)O)=C2)cc1
1.0,CC(C)(C)c1ccc([C@H](O)CCCN2CCC(C(O)(c3ccccc3)c3ccccc3)CC2)cc1
1.0,NCCCC(O)(P(=O)(O)O)P(=O)(O)O
1.0,NCCC(O)(P(=O)(O)O)P(=O)(O)O
1.0,CCCCCN(C)CCC(O)(P(=O)(O)O)P(=O)(O)O
1.0,O=P(O)(O)C(O)(Cc1cccnc1)P(=O)(O)O
1.0,O=P(O)(O)C(NC1CCCCCC1)P(=O)(O)O
1.0,CC(C)(C)S(=O)(=O)C[C@H](Cc1ccccc1)C(=O)N[C@@H](Cc1cnc[nH]1)C(=O)N[C@H](CC1CCCCC1)[C@H](O)[C@H](O)C1CC1
1.0,CCC(=O)O[C@]1(C(=O)SCF)[C@H](C)C[C@H]2[C@@H]3C[C@H](F)C4=CC(=O)C=C[C@]4(C)[C@@]3(F)[C@@H](O)C[C@@]21C
1.0,C[C@@H](O)[C@H]1C(=O)N2C(C(=O)O)=C(SCC/N=C/N)C[C@H]12
1.0,C[C@H]1[C@H](NC(=O)/C(=N\OC(C)(C)C(=O)O)c2csc(N)n2)C(=O)N1S(=O)(=O)O
1.8,CCC(=O)NCC[C@@H]1CCc2ccc3c(c21)CCO3
2.0,CN(C)C(=O)Oc1cccc([N+](C)(C)C)c1
2.0,NC[C@@H]1O[C@@H](O[C@@H]2[C@@H](O)[C@H](O[C@@H]3[C@@H](O)[C@H](N)C[C@H](N)[C@H]3O[C@H]3O[C@H](CO)[C@@H](O)[C@H](O)[C@H]3N)O[C@H]2CO)[C@H](N)[C@@H](O)[C@@H]1O
2.0,CC(=O)N[C@H]1[C@H]([C@H](O)[C@H](O)CO)OC(C(=O)O)=C[C@@H]1NC(=N)N
2.0,C[N@@+]1(CC2CC2)[C@@H]2C[C@H](OC(=O)[C@H](CO)c3ccccc3)C[C@H]1[C@H]1O[C@H]12
2.0,C=CCN1CC[C@]23c4c5ccc(O)c4O[C@H]2C(=O)CC[C@@]3(O)[C@H]1C5
2.0,CN1C[C@H](C(=O)N[C@]2(C)O[C@@]3(O)[C@@H]4CCCN4C(=O)[C@H](Cc4ccccc4)N3C2=O)C=C2c3cccc4[nH]cc(c34)C[C@H]21
2.0,NC(=O)[C@H]1CCCN1C(=O)[C@H](Cc1c[nH]cn1)NC(=O)[C@@H]1CCC(=O)N1
2.0,O=C(O)c1cc(/N=N/c2ccc(O)c(C(=O)O)c2)ccc1O
2.0,O=C(c1ccc(OCCN2CCCCC2)cc1)c1c(-c2ccc(O)cc2)sc2cc(O)ccc12
2.24,C[C@]12CC[C@H]3[C@@H](CCC4=CC(=O)CC[C@@H]43)[C@@H]1CC[C@@H]2OC(=O)CCc1ccccc1
2.5,COCCCOc1cc(C[C@@H](C[C@H](N)[C@@H](O)C[C@H](C(=O)NCC(C)(C)C(N)=O)C(C)C)C(C)C)ccc1OC
2.5,C[N+]1(C)[C@@H]2C[C@@H](OC(=O)C(O)(c3cccs3)c3cccs3)C[C@H]1[C@@H]1O[C@@H]12
2.7,OCCN1CCN(CCCN2c3ccccc3Sc3ccc(C(F)(F)F)cc32)CC1
3.0,CC(C)[N@@+]1(C)[C@@H]2CC[C@H]1C[C@H](OC(=O)[C@H](CO)c1ccccc1)C2
3.0,C[C@H]1[C@@H](O)[C@H](C)/C=C/C=C/C=C/C=C/C=C/C=C/C=C\[C@@](O)(O[C@H]2O[C@@H](C)[C@H](O)[C@@H](N)[C@@H]2O)C[C@H]2O[C@@](O)(C[C@H](O)C[C@H](O)[C@@H](O)CC[C@H](O)C[C@H](O)CC(=O)O[C@@H]1C)C[C@H](O)[C@@H]2C(=O)O
3.0,NC[C@@H]1O[C@H](CO[C@H]2[C@@H](O)[C@H](O[C@@H]3[C@@H](O)[C@H](N)C[C@H](N)[C@H]3O[C@H]3O[C@H](CN)[C@@H](O)[C@H](O)[C@H]3N)O[C@@H]2CO)[C@H](N)[C@@H](O)[C@@H]1O
3.0,O=C(O)c1cc(=O)c2c(OCC(O)COc3cccc4oc(C(=O)O)cc(=O)c34)cccc2o1
3.0,O=c1ccc2ccccc2o1
3.0,CCCc1c2oc(C(=O)O)cc(=O)c2cc2c(=O)cc(C(=O)O)n(CC)c12
3.0,C[C@H]1CC(=O)C[C@@H]2CC[C@H]3[C@@H]4CC[C@H](O)[C@@]4(C)CC[C@@H]3[C@]21C
3.0,NC[C@H](O)c1ccc(O)c(O)c1
3.0,CCCCC(=O)O[C@H]1CC[C@H]2[C@@H]3CCc4cc(O)ccc4[C@H]3CC[C@]12C
3.0,CO[C@@]1(NC(=O)[C@H](C(=O)O)c2ccc(O)cc2)C(=O)N2C(C(=O)O)=C(CSc3nnnn3C)CO[C@@H]21
3.0,O=S(=O)(O)O[C@@H]1[C@@H](OS(=O)(=O)O)[C@H](O[C@@H]2CO[C@@H](O)[C@H](OS(=O)(=O)O)[C@H]2OS(=O)(=O)O)OC[C@H]1O
3.0,CC[N+]1(CC)CCC(=C(c2ccccc2)c2ccccc2)[C@H]1C
4.0,CC(C)(C)NC(=O)[C@@H]1C[C@@H]2CCCC[C@@H]2CN1C[C@@H](O)[C@H](Cc1ccccc1)NC(=O)[C@H](CC(N)=O)NC(=O)c1ccc2ccccc2n1
4.0,C[C@]12CC[C@H]3[C@@H](CCC4=CC(=O)CC[C@@]43C)[C@@H]1CC[C@@H]2O
4.0,Nc1nc2c(ccn2COC(CO)CO)c(=O)[nH]1
4.0,Cc1ccc(/C(=C\CN2CCCC2)c2ccccn2)cc1
4.4000001,C#CCN(C)[C@H](C)Cc1ccccc1
5.0,CO[C@]12C[C@@H](COC(=O)c3cncc(Br)c3)CN(C)[C@@H]1Cc1cn(C)c3cccc2c13
5.0,COc1ccc(CCN2CCC(Nc3nc4ccccc4n3Cc3ccc(F)cc3)CC2)cc1
5.0,COC(=O)C1=C(C)NC(C)=C(C(=O)OCC(C)C)[C@@H]1c1ccccc1[N+](=O)[O-]
5.0,COc1cc2c(cc1OC)[C@@H]1CC(=O)[C@@H](CC(C)C)CN1CC2
5.0,CC[C@H](C)C(=O)O[C@H]1C[C@@H](C)C=C2C=C[C@H](C)[C@H](CC[C@@H]3C[C@@H](O)CC(=O)O3)[C@@H]21
5.0,N=C(N)c1ccc(CNC(=O)[C@@H]2CCN2C(=O)[C@H](NCC(=O)O)C2CCCCC2)cc1
5.0,C#C[C@]1(O)CC[C@H]2[C@@H]3CCC4=CCCC[C@@H]4[C@H]3C(=C)C[C@@]21CC
5.0,NC[C@@H](O)c1cccc(O)c1
5.0,C[C@]12CC[C@H]3c4ccc(O)cc4CC[C@@H]3[C@@H]1CC[C@@H]2O
5.0,CC(O)(P(=O)(O)O)P(=O)(O)O
5.0,Nc1ccn(C[C@@H](CO)OCP(=O)(O)O)c(=O)n1
5.0,CC(C)(Sc1cc(C(C)(C)C)c(O)c(C(C)(C)C)c1)Sc1cc(C(C)(C)C)c(O)c(C(C)(C)C)c1
5.0,CC1(C)S[C@H]2[C@H](/N=C/N3CCCCCC3)C(=O)N2[C@@H]1C(=O)O
5.0,CC(=O)N[C@H](CS)C(=O)O
5.5,C=C1/C(=C\C=C2/CCC[C@]3(C)[C@@H]([C@H](C)/C=C/[C@@H](O)C4CC4)CC[C@@H]23)C[C@@H](O)C[C@@H]1O
6.0,Oc1ccc([C@H]2CNCCc3c2cc(O)c(O)c3Cl)cc1
6.0,O=P(O)(O)C(Sc1ccc(Cl)cc1)P(=O)(O)O
6.0,CCN(CC)CC#CCOC(=O)[C@@](O)(c1ccccc1)C1CCCCC1
6.0,OCC(CO)N[C@H]1C[C@](O)(CO)[C@@H](O)[C@H](O)[C@H]1O
6.0,C[C@H]1CN(C[C@H](Cc2ccccc2)C(=O)NCC(=O)O)CC[C@@]1(C)c1cccc(O)c1
6.3000002,CCCCN(CCCC)CC[C@@H](O)c1cc2c(Cl)cc(Cl)cc2c2cc(C(F)(F)F)ccc12
6.5,CC(=O)O[C@H]1C(=O)[C@@]2(C)[C@H]([C@H](OC(=O)c3ccccc3)[C@]3(O)C[C@H](OC(=O)[C@H](O)[C@@H](NC(=O)c4ccccc4)c4ccccc4)C(C)=C1C3(C)C)[C@]1(OC(C)=O)CO[C@@H]1C[C@@H]2O
6.6999998,CCOC(=O)C1=C[C@]2(CC)CCCN3C=Cc4c(n1c1ccccc41)[C@@H]32
7.0,C[C@@H]1O[C@@H](O[C@@H]2C=C3CC[C@@H]4[C@H](CC[C@]5(C)[C@@H](c6ccc(=O)oc6)CC[C@]45O)[C@@]3(C)CC2)[C@H](O)[C@H](O)[C@H]1O
7.0,O=C(NCCNC[C@@H](O)COc1ccc(O)cc1)N1CCOCC1
7.0,O=C(C1CCCCC1)N1CC(=O)N2CCc3ccccc3[C@@H]2C1
7.0,Cc1ccc2c(-c3ccccc3)nc(=O)n(C(C)C)c2c1
7.0,O=C(O)C(=O)O
7.0,OC[C@@H](O)[C@@H](O)[C@H](O)[C@H](O)CO
7.0,C[C@@H](CN1CCN(CCOCCO)CC1)CN1c2ccccc2Sc2ccccc21
7.5999999,CN(C)C(=O)Oc1ccc[n+](C)c1
8.0,N#Cc1ccccc1OC[C@H](O)CNCCNC(=O)Cc1ccc(O)cc1
8.0,C=CCc1ccccc1OC[C@@H](O)CNC(C)C
8.0,COc1ccc(OC[C@H]2CN(C)CC[C@@H]2c2ccccc2)cc1
8.0,CCC1=C2Cn3c(cc4c(c3=O)COC(=O)[C@]4(O)CC)C2=N[C@H]2C=CC(OC(=O)N3CCC(N4CCCCC4)CC3)=C[C@H]12
8.0,O=c1nc(O)ccn1[C@@H]1O[C@H](CO)[C@@H](O)[C@H]1O
8.0,CCCCCCCN(CC)CCC[C@H](O)c1ccc(NS(C)(=O)=O)cc1
9.0,CC[C@@]1(c2cccc(O)c2)CCCCN(C)C1
9.0,O=C(O)P(=O)(O)O
9.0,OCCOCCN1CCN(C2=Nc3ccccc3Sc3ccccc32)CC1
10.0,CN(C)CCOC1=Cc2ccccc2Sc2ccc(Cl)cc21
10.0,CC[C@@H]1C[C@H](OC(=O)C(O)(c2ccccc2)c2ccccc2)C[C@H](C)[N+]12CCCC2
10.0,COC(=O)C1=C(C)NC(C)=C(C(=O)OC(C)(C)CN(C)CCC(c2ccccc2)c2ccccc2)[C@@H]1c1cccc([N+](=O)[O-])c1
10.0,CNC(=O)Oc1ccc2c(c1)[C@@H]1CCN(C)[C@@H]1N2C
10.0,CCOC(=O)[C@H](CCc1ccccc1)N[C@@H](C)C(=O)N1[C@H](C(=O)O)C[C@H]2CCCC[C@@H]21
10.0,CC(=O)O[C@H](CC(=O)O)C[N+](C)(C)C
10.0,CC[C@H]1OC(=O)[C@H](C)[C@@H](O[C@H]2C[C@@](C)(OC)[C@@H](O)[C@H](C)O2)[C@H](C)[C@@H](O[C@@H]2O[C@H](C)C[C@H](N(C)C)[C@H]2O)[C@](C)(O)C[C@@H](C)[C@@H]2N[C@@H](COCCOC)O[C@H]([C@H]2C)[C@]1(C)O
10.0,CN1CC[C@]23c4c5ccc(O)c4O[C@H]2C(=O)CC[C@@]3(O)[C@H]1C5
10.0,CC(C)C[C@H]1C(=O)N2CCC[C@H]2[C@]2(O)O[C@@](C)(NC(=O)[C@H]3C[C@H]4c5cccc6[nH]cc(c56)C[C@H]4N(C)C3)C(=O)N12
10.0,CC(=O)O[C@]1(C(C)=O)CC[C@H]2[C@@H]3C[C@H](C)C4=CC(=O)CC[C@]4(C)[C@H]3CC[C@@]21C
10.0,Oc1ccc2c(c1O)-c1cccc3c1[C@@H](C2)NCC3
10.0,CCN1CCN(C(=O)N[C@@H](C(=O)N[C@@H]2C(=O)N3C(C(=O)O)=C(CSc4nnnn4C)CS[C@H]23)c2ccc(O)cc2)C(=O)C1=O
11.0,COCCOC(=O)C1=C(C)NC(C)=C(C(=O)O)[C@@H]1c1cccc([N+](=O)[O-])c1
11.0,COc1ccc2c(c1)[C@@]13CCCC[C@@H]1[C@@H](C2)N(C)CC3
11.0,CCCCCNC(=N)N/N=C/c1c[nH]c2ccc(OC)cc12
11.0,COc1nc(N)nc2c1ncn2[C@@H]1O[C@H](CO)[C@@H](O)[C@@H]1O
11.0,Cc1cc(C(C)(C)C)c(O)c(C)c1CC1=NCCN1
11.0,CC(=O)NCCCS(=O)(=O)O
12.0,CC(C)c1c(C(=O)Nc2ccccc2)c(-c2ccccc2)c(-c2ccc(F)cc2)n1CC[C@H](O)C[C@@H](O)CC(=O)O
12.0,COc1ccc2c(c1)[C@H](CCNC(C)=O)C=N2
12.0,CCCNC[C@H](O)COc1ccccc1C(=O)CCc1ccccc1
12.0,CC[C@H]1C(=O)OCc2c1cc1n(c2=O)Cc2c-1nc1cc3c(cc1c2CN1CCN(C)CC1)OCCO3
12.0,CC(=O)c1cc([C@@H](O)CN[C@H](C)CCc2ccccc2)ccc1O
12.0,Nc1ncnc2c1ncn2CCOCP(=O)(O)O
12.0,S=c1nc[nH]c2nc[nH]c12
13.0,NS(=O)(=O)c1cc2c(cc1Cl)N=CNS2(=O)=O
13.0,CCOC(=O)[C@@H](CCc1ccccc1)N[C@H](C)C(=O)N1Cc2cc(OC)c(OC)cc2C[C@@H]1C(=O)O
13.0,CC[C@@H](CO)NC(=O)[C@@H]1C=C2c3cccc4c3c(cn4C)C[C@H]2N(C)C1
13.0,CCCCc1ncc(/C=C(/Cc2cccs2)C(=O)O)n1Cc1ccc(C(=O)O)cc1
14.0,COC(=O)C1=C(C#N)NC(C)=C(C(=O)OC(C)C)[C@@H]1c1cccc([N+](=O)[O-])c1
14.0,CCN(CC)C(=O)N[C@H]1C=C2c3cccc4[nH]cc(c34)C[C@@H]2N(C)C1
14.0,CN1CCN(CC(=O)N2c3ccccc3C(=O)Nc3cccnc32)CC1
14.0,CC(C)(C)NC[C@@H](O)c1cc(O)cc(O)c1
14.0,CNS(=O)(=O)Cc1ccc2[nH]cc(CCN(C)C)c2c1
14.0,CO/N=C(\C(=O)N[C@@H]1C(=O)N2C(C(=O)O)=C(/C=C\c3scnc3C)CS[C@H]12)c1csc(N)n1
15.0,CCOC(=O)C1=C(C)NC(C)=C(C(=O)OC)[C@H]1c1cccc(Cl)c1Cl
15.0,O=c1[nH]c2ccccc2n1CCCN1CCC(Nn2c(=O)[nH]c3cc(Cl)ccc32)CC1
15.0,Cc1nc(Nc2ncc(C(=O)Nc3c(C)cccc3Cl)s2)cc(N2CCN(CCO)CC2)n1
15.0,CN(C)C(=O)Oc1cc(OC(=O)N(C)C)cc([C@H](O)CNC(C)(C)C)c1
15.0,CO[C@H]1C[C@@H]2CC[C@@H](C)[C@@](O)(O2)C(=O)C(=O)N2CCCC[C@H]2C(=O)O[C@H]([C@H](C)C[C@@H]2CC[C@@H](O)[C@H](OC)C2)CC(=O)[C@H](C)/C=C(\C)[C@@H](O)[C@@H](OC)C(=O)[C@H](C)C[C@H](C)/C=C/C=C/C=C/1C
15.0,CC(=O)[C@@]1(O)CC[C@H]2[C@@H]3C[C@H](C)C4=CC(=O)CC[C@]4(C)[C@H]3CC[C@@]21C
15.0,CCCCC[C@H](O)/C=C/[C@H]1[C@H](O)CC(=O)[C@@H]1CCCCCCC(=O)O
15.0,CCCc1nc(C)c2c(=O)nc(-c3cc(S(=O)(=O)N4CCN(CC)CC4)ccc3OCC)[nH]n12
15.0,O=C(O)c1cc(/N=N/c2ccc(S(=O)(=O)Nc3ccccn3)cc2)ccc1O
15.0,Cc1nc(=O)c2cc(CN(C)c3ccc(C(=O)N[C@@H](CCC(=O)O)C(=O)O)s3)ccc2[nH]1
16.0,Oc1ccc2c3c1O[C@H]1[C@@H](O)CC[C@@]4(O)[C@@H](C2)N(CC2CCC2)CC[C@]314
16.0,CN1CC(=O)N2[C@H](c3ccc4c(c3)OCO4)c3[nH]c4ccccc4c3C[C@@H]2C1=O
16.0,CC#CC[C@@H](C)[C@@H](O)/C=C\[C@@H]1[C@H]2C/C(=C\CCCC(=O)O)C[C@H]2C[C@H]1O
16.25,CN(C)CCCN1c2ccccc2Sc2ccccc21
16.5,CCOC(=O)C1=C(C)NC(C)=C(C(=O)OC)[C@@H]1c1cccc([N+](=O)[O-])c1
17.0,C[N+]1(C)CC[C@@H](OC(=O)[C@](O)(c2ccccc2)C2CCCC2)C1
17.0,NC(=O)C(c1ccccc1)(c1ccccc1)[C@@H]1CCN(CCc2ccc3c(c2)CCO3)C1
17.0,Oc1ccc2c(c1)[C@@]13CCCC[C@@]1(O)[C@@H](C2)N(CC1CCC1)CC3
17.0,Nc1c2c(nc3ccccc13)CCCC2
17.5,CCCC(CCC)C(=O)O[C@H]1C[C@H]2CC[C@@H](C1)[N+]2(C)C
18.0,CCOC(=O)C1=C(C)NC(C)=C(C(=O)OCC)C1c1ccccc1/C=C/C(=O)OC(C)(C)C
18.0,CC[C@H](C)C(=O)O[C@H]1C[C@H](O)C=C2C=C[C@H](C)[C@H](CC[C@@H](O)C[C@@H](O)CC(=O)O)[C@H]21
18.0,O=C(NC1CCN(CCc2c[nH]c3ccccc23)CC1)c1ccccc1
18.0,CCOC(=O)[C@H](CCc1ccccc1)N[C@H]1CCc2ccccc2N(CC(=O)O)C1=O
18.0,Cc1ccc(/C(=C\CN2CCCC2)c2cccc(/C=C/C(=O)O)n2)cc1
18.0,CC(C)=CCN1CC[C@@]2(C)c3cc(O)ccc3C[C@@H]1[C@H]2C
18.5,C=CC1=C(C(=O)O)N2C(=O)[C@@H](NC(=O)/C(=N\O)c3cnc(N)s3)[C@H]2SC1
19.0,COc1ccc(CCN(C)CCC[C@](C#N)(c2cc(OC)c(OC)c(OC)c2)C(C)C)cc1OC
20.0,CCc1nn(CCCN2CCN(c3cccc(Cl)c3)CC2)c(=O)n1CCOc1ccccc1
20.0,CN[C@@]1(c2ccccc2Cl)CCCC(=O)C1
20.0,C[C@@H](NCCCc1cccc(C(F)(F)F)c1)c1cccc2ccccc12
20.0,N=C(N)NCCN1CCCCCCC1
20.0,CCOC(=O)C1(c2ccccc2)CCN(CC[C@H](O)c2ccccc2)CC1
20.0,C[C@@H]1O[C@@H](O[C@H]2[C@H](Oc3cc(O)c4c(c3)O[C@H](c3ccc(O)cc3)CC4=O)O[C@H](CO)[C@@H](O)[C@@H]2O)[C@H](O)[C@H](O)[C@H]1O
20.0,Nc1ccn([C@@H]2O[C@H](CO)[C@@H](O)[C@@H]2O)c(=O)n1
20.0,COc1ccc([C@@H]2CC(=O)c3c(O)cc(O[C@@H]4O[C@H](CO[C@@H]5O[C@@H](C)[C@H](O)[C@@H](O)[C@H]5O)[C@@H](O)[C@H](O)[C@H]4O)cc3O2)cc1O
20.0,COc1ccc2c3c1O[C@H]1[C@@H](O)CC[C@H]4[C@@H](C2)N(C)CC[C@@]341
20.0,CO[C@H]1/C=C/O[C@@]2(C)Oc3c(C)c(O)c4c(c3C2=O)C2=NC3(CCN(CC(C)C)CC3)N[C@@H]2[C@@H](NC(=O)/C(C)=C\C=C\[C@H](C)[C@H](O)[C@@H](C)[C@H](O)[C@H](C)[C@H](OC(C)=O)[C@@H]1C)C4=O
20.0,CCOC(=O)[C@H](CCc1ccccc1)N[C@@H](C)C(=O)N1C(=O)N(C)C[C@H]1C(=O)O
20.0,CC[C@@]12CCCN3CC[C@@H]4c5ccccc5N([C@H]4[C@@H]31)[C@@](O)(C(=O)OC)C2
20.0,Cc1cc(O)c2c(=O)c3c(O)cc(O)c4c5c(O)cc(O)c6c(=O)c7c(O)cc(C)c8c1c2c(c34)c(c78)c65
20.0,CC(C)c1nc(N(C)S(C)(=O)=O)nc(-c2ccc(F)cc2)c1/C=C/[C@@H](O)C[C@@H](O)CC(=O)O
20.0,CS(=O)(=O)c1ccc2c(c1)N(CCCN1CCC(C(N)=O)CC1)c1ccccc1S2
20.0,O=C(O)[C@@H](S)[C@H](S)C(=O)O
20.0,CC(=O)OC[C@H]1O[C@@H](S)[C@H](OC(C)=O)[C@@H](OC(C)=O)[C@@H]1OC(C)=O
20.0,CN(C)CCN(Cc1cccs1)c1ccccn1
21.0,CCOC(=O)CN[C@@H](C(=O)N1CC[C@H]1C(=O)NCc1ccc(C(=N)NO)cc1)C1CCCCC1
21.0,CN(C)CC(Oc1ccccc1)Oc1ccccc1
21.0,CN(N=O)C(=O)N[C@@H]1[C@@H](O)[C@H](O)[C@@H](CO)O[C@H]1O
22.0,CN1CCN2c3ccccc3Cc3ccccc3[C@H]2C1
22.0,COC(=O)Nc1nc2ccc(C(=O)c3ccccc3)cc2[nH]1
22.0,COC(=O)[C@H](c1ccccc1)[C@H]1CCCCN1
22.0,O=C1CC[C@@]2(O)[C@H]3Cc4ccc(O)c5c4[C@@]2(CCN3CC2CC2)[C@@H]1O5
22.0,O=[N+]([O-])O[C@H]1CO[C@H]2[C@@H]1OC[C@@H]2O[N+](=O)[O-]
22.0,C#C[C@@](CCC)(CCC[C@H](C)CCc1ccc(CC)c(CC)c1)c1ccc(CC)c(CC)c1
23.0,CC[N+](C)(C)Cc1ccccc1Br
23.0,O=C1C(O)=C([C@H]2CC[C@@H](c3ccc(Cl)cc3)CC2)C(=O)c2ccccc21
23.0,Cc1nnc(C(C)C)n1[C@@H]1C[C@H]2CC[C@@H](C1)N2CC[C@H](NC(=O)C1CCC(F)(F)CC1)c1ccccc1
23.0,C[C@]12C=CC(=O)C=C1CC[C@H]1[C@@H]3C[C@@H](O)[C@](O)(C(=O)CO)[C@@]3(C)C[C@H](O)[C@@]12F
23.0,CC1(C)O[C@@H]2C[C@H]3[C@@H]4CCC5=CC(=O)C=C[C@@H]5[C@@]4(F)[C@@H](O)C[C@]3(C)[C@]2(C(=O)CO)O1
23.0,COC(=O)c1c(C)cc([N+](=O)[O-])c(C(=O)OCCN(C)Cc2ccccc2)c1C1C=C(C)NC(C)=C1
23.0,CN1C[C@H](CNC(=O)OCc2ccccc2)C[C@@H]2c3cccc4c3c(cn4C)C[C@H]21
23.0,CCCCC(=O)N(Cc1ccc(-c2ccccc2-c2nnn[nH]2)cc1)[C@H](C(=O)O)C(C)C
23.0,NNc1nncc2ccccc12
24.0,CN1CC[C@]23c4c5ccc(O)c4O[C@H]2[C@@H](O)C=C[C@H]3[C@H]1C5
24.7000008,CN(C)CCO[C@@](C)(c1ccccc1)c1ccccn1
25.0,C[C@H](COc1ccccc1)N(CCCl)Cc1ccccc1
25.0,Cc1ncsc1CCCl
25.0,Clc1ccc(CO[C@H](Cn2ccnc2)c2ccc(Cl)cc2Cl)c(Cl)c1
25.0,CN(C)CCCN1c2ccccc2Sc2ccc(Cl)cc21
25.0,NS(=O)(=O)c1cc2c(cc1Cl)N=CN(CSCc1ccccc1)S2(=O)=O
25.0,CCC[C@H](N[C@@H](C)C(=O)N1[C@H](C(=O)O)C[C@@H]2CCCC[C@@H]21)C(=O)OCC
25.0,CCOc1ccc(NC(C)=O)cc1
25.0,C=CC[C@@H]1/C=C(\C)C[C@H](C)C[C@H](OC)[C@H]2O[C@@](O)(C(=O)C(=O)N3CCCC[C@H]3C(=O)O[C@H](/C(C)=C/[C@@H]3CC[C@@H](O)[C@H](OC)C3)[C@H](C)[C@@H](O)CC1=O)[C@H](C)C[C@@H]2OC
25.0,CCC(C)(C)[C@@H]1C(=O)N2CCC[C@@H]2[C@]2(O)O[C@@](NC(=O)[C@@H]3C[C@@H]4c5cccc6[nH]cc(c56)C[C@H]4N(C)C3)(C(C)C)C(=O)N12
25.0,CC(=O)[C@@H]1CC[C@@H]2[C@@H]3CCC4=CC(=O)CC[C@]4(C)[C@H]3CC[C@@]21C
25.0,CC(=O)CCCCn1c(=O)c2c(ncn2C)n(C)c1=O
25.0,O=C(O)CCCO
25.0,NCCCC[C@H](N[C@@H](CCc1ccccc1)C(=O)O)C(=O)N1CCC[C@H]1C(=O)O
25.0,CCC[C@@H](N[C@@H](C)C(=O)N1[C@H](C(=O)O)C[C@@H]2CCCC[C@@H]21)C(=O)O
25.0,Nc1ccc(O)c(C(=O)O)c1
25.0,C[C@@H](CCc1ccccc1)NC[C@H](O)c1ccc(O)c(C(N)=O)c1
25.0,CC(=O)S[C@@H]1CC2=CC(=O)CC[C@]2(C)[C@H]2CC[C@@]3(C)[C@@H](CC[C@@]34CCC(=O)O4)[C@H]12
25.0,CCC[C@@H]1C[C@H](C(=O)N[C@@H]([C@H]2O[C@H](SC)[C@H](O)[C@@H](O)[C@H]2O)[C@H](C)O)N(C)C1
25.0,C[C@H](CN1c2ccccc2Sc2ccccc21)N(C)C
26.0,CCCc1nc(C(C)(C)O)c(C(=O)OCc2oc(=O)oc2C)n1Cc1ccc(-c2ccccc2-c2nn[nH]n2)cc1
26.0,N[C@@H]1[C@@H](O)[C@H](O)[C@@H](CO)O[C@H]1O
26.0,O=C(O)[C@H](CCc1ccccc1)N[C@H]1CCCN2CCC[C@@H](C(=O)O)N2C1=O
26.0,CC(C)N[C@@H](C)[C@H](O)c1cccc2ccccc12
26.0,Cc1ccc(O)c([C@H](CCN(C(C)C)C(C)C)c2ccccc2)c1
26.0,CN(C)S(=O)(=O)c1ccc2c(c1)N(CCCN1CCC(CCO)CC1)c1ccccc1S2
27.0,CCC1=C[C@H]2CN(C1)Cc1c([nH]c3ccccc13)[C@@](C(=O)OC)(c1cc3c(cc1OC)N(C)[C@H]1[C@@](O)(C(=O)OC)[C@H](OC(C)=O)[C@]4(CC)C=CCN5CC[C@]31[C@@H]54)C2
27.0,COc1ccc(C(=O)Nc2ccccc2CC[C@@H]2CCCCN2C)cc1
27.0,CN1[C@@H]2C[C@@H](OC(=O)[C@H](CO)c3ccccc3)C[C@@H]1[C@H]1O[C@H]12
27.0,CN[C@@H]1CCc2[nH]c3ccc(C(N)=O)cc3c2C1
27.0,CCN1CC[C@H](CNC(=O)c2cc(S(N)(=O)=O)ccc2OC)C1
27.5,COc1ccc([C@@H](CN(C)C)C2(O)CCCCC2)cc1
28.0,CC(C)C[C@H]1C(=O)N2CCC[C@@H]2[C@H]2[C@H](C(C)C)[C@@H](NC(=O)[C@@H]3C=C4c5cccc6c5[C@@H](C[C@@H]4N(C)C3)[C@H](Br)N6)C(=O)N21
28.0,Cc1nc2n(c(=O)c1CCN1CCC(c3noc4cc(F)ccc34)CC1)CCC[C@H]2O
28.0,COc1ccc(Cc2nccc3cc(OC)c(OC)cc23)cc1OC
28.0,CC(=O)[C@]1(O)Cc2c(O)c3c(c(O)c2[C@@H](O[C@H]2C[C@H](N)[C@H](O)[C@H](C)O2)C1)C(=O)c1ccccc1C3=O
28.0,CO[C@]12CC[C@@]3(C[C@@H]1[C@](C)(O)C(C)(C)C)[C@H]1Cc4ccc(O)c5c4[C@@]3(CCN1CC1CC1)[C@H]2O5
28.0,CC(=O)[C@H]1CC[C@H]2[C@@H]3C=CC4=CC(=O)CC[C@]4(C)[C@H]3CC[C@]12C
29.0,CN(C)C/C=C(/c1ccc(Br)cc1)c1cccnc1
29.0,CN1[C@@H]2CC[C@H]1C[C@@H](OC(c1ccccc1)c1ccccc1)C2
29.0,O=C(O)CCCC[C@@H]1CCSS1
30.0,CN(C)[C@@H]1C(O)=C(C(N)=O)C(=O)[C@@]2(O)C(O)=C3C(=O)c4c(O)ccc(Cl)c4[C@@](C)(O)[C@H]3C[C@@H]12
30.0,CC(C)N1CCC(N(C(=O)Cc2ccccc2)c2ccc(Cl)cc2)CC1
30.0,Cc1cn(-c2cc(NC(=O)c3ccc(C)c(Nc4nccc(-c5cccnc5)n4)c3)cc(C(F)(F)F)c2)cn1
30.0,CC(C)(C)NC[C@H](O)COc1cccc2c1C[C@H](O)[C@H](O)C2
30.0,CCC(=O)O[C@](Cc1ccccc1)(c1ccccc1)[C@H](C)CN(C)C
30.0,CN(C)CCC[C@H]1c2ccccc2COc2ccccc21
30.0,COc1ccc2c(c1OC)C(=O)O[C@@H]2[C@H]1c2c(cc3c(c2OC)OCO3)CCN1C
30.0,CCN(CC)C(=O)N[C@H]1C[C@@H]2c3cccc4[nH]cc(c34)C[C@H]2N(C)C1
30.0,O[C@@](CCN1CCCCC1)(c1ccccc1)[C@@H]1C[C@H]2C=C[C@@H]1C2
30.0,C#C[C@]1(O)CC[C@@H]2[C@H]3CCC4=CCCC[C@H]4[C@@H]3CC[C@@]21C
30.0,C[C@H](NCCc1ccc(O)cc1)[C@H](O)c1ccc(O)cc1
30.0,CN(C)CC/C=C1/c2ccccc2CSc2ccccc21
30.0,CCOc1ccc2ccccc2c1C(=O)N[C@@H]1C(=O)N2[C@@H]1SC(C)(C)[C@@H]2C(=O)O
30.0,Nc1nc(=S)c2[nH]cnc2[nH]1
30.0,CN1CCC[C@H]1c1cccnc1
30.8999996,CC(C)(C)C(=O)OCOC(=O)[C@@H]1N2C(=O)[C@@H](NC(=O)[C@H](N)c3ccccc3)[C@H]2SC1(C)C
31.0,CCN(C(C)=O)c1cccc(-c2ccnc3c(C#N)cnn23)c1
32.0,Fc1ccccc1C1=NCC(=S)N(CC(F)(F)F)c2ccc(Cl)cc21
32.0,C[C@H](Cc1cc2c(c(C(N)=O)c1)N(CCCO)CC2)NCCOc1ccccc1OCC(F)(F)F
32.0,CC[C@@]1(O)C(=O)OCc2c1cc1n(c2=O)Cc2cc3c(CN(C)C)c(O)ccc3nc2-1
32.0,CC[C@H]1OC(=O)C[C@@H](O)[C@H](C)[C@@H](O[C@@H]2O[C@H](C)C[C@H](N(C)C)[C@H]2O)[C@@H](CC=O)C[C@@H](C)C(=O)/C=C\[C@]2(C)O[C@H]2[C@@H]1C
33.0,CC(C)NC[C@H](O)COc1ccc(O)cc1
33.0,COC(=O)[C@H]1[C@@H]2C[C@@H]3c4[nH]c5ccccc5c4CCN3C[C@H]2CO[C@H]1O
33.0,CN(Cc1cnc2nc(N)nc(N)c2n1)c1ccc(C(=O)N[C@@H](CCC(=O)O)C(=O)O)cc1
33.0,C#C[C@]1(O)CC[C@H]2[C@@H]3CCc4cc(O)ccc4[C@H]3[C@@H](OC)C[C@@]21C
33.0,Cc1onc(-c2ccccc2)c1C(=O)N[C@@H]1C(=O)N2[C@@H]1SC(C)(C)[C@@H]2C(=O)O
33.0,CCC(=O)c1ccc2c(c1)N(C[C@@H](C)N(C)C)c1ccccc1S2
34.0,CC[C@H]1OC(=O)[C@H](C)[C@@H](O[C@H]2C[C@@](C)(OC)[C@@H](O)[C@H](C)O2)[C@H](C)[C@@H](O[C@@H]2O[C@H](C)C[C@H](N(C)C)[C@H]2O)[C@](C)(O)C[C@@H](C)CN(C)[C@H](C)[C@@H](O)[C@]1(C)O
34.0,NC[C@H]1CC[C@H](C(=O)O)CC1
34.0,CCC(=O)C1(c2cccc(O)c2)CCN(C)CC1
34.0,CNC(=O)c1cccc2c(Nc3ccc(NS(C)(=O)=O)cc3OC)c3cccc(C)c3nc12
35.0,CCn1cc(C(=O)O)c(=O)c2cc(F)c(N3CCNCC3)cc21
35.0,COc1ccc2cc(CCC(C)=O)ccc2c1
35.0,CCCC(=O)N(C(C)=O)c1ccc(OC[C@H](O)CNC(C)C)c(C(C)=O)c1
35.0,CC[C@H]1OC(=O)[C@H](C)[C@@H](O[C@H]2C[C@@](C)(OC)[C@@H](O)[C@H](C)O2)[C@H](C)[C@@H](O[C@@H]2O[C@H](C)C[C@H](N(C)C)[C@H]2O)[C@](C)(O)C[C@@H](C)C(=O)[C@H](C)[C@@H](O)[C@]1(C)O
35.0,CO[C@@H]1[C@@H](O[C@@H]2O[C@H](C)[C@@H](O[C@H]3C[C@@](C)(O)[C@@H](O)[C@H](C)O3)[C@H](N(C)C)[C@H]2O)[C@@H](CC=O)C[C@@H](C)[C@@H](O[C@@H]2CC[C@H](N(C)C)[C@@H](C)O2)/C=C/C=C/C[C@@H](C)OC(=O)C[C@H]1O
35.0,CCN(CC)CC(=O)Nc1c(C)cccc1C
35.0,CNC[C@H](O)c1cccc(O)c1
35.0,C[C@@](N)(Cc1ccc(O)c(O)c1)C(=O)O
35.0999985,COc1ccc(CCN(C)CCC[C@](C#N)(c2ccc(OC)c(OC)c2)C(C)C)cc1OC
35.7999992,CCCCc1nc(Cl)c(CO)n1Cc1ccc(-c2ccccc2-c2nnn[nH]2)cc1
36.0,Clc1ccc2c(c1)C(N1CCNCC1)=Nc1ccccc1O2
36.0,C#CCN[C@@H]1CCc2ccccc21
36.0,CCN(CC)C(=O)[C@@H]1CN2CCc3cc(OC)c(OC)cc3[C@H]2C[C@H]1OC(C)=O
36.0,CN1CCO[C@@H](c2ccccc2)c2ccccc2C1
37.0,CN1CCC[C@@H]1CCO[C@@](C)(c1ccccc1)c1ccc(Cl)cc1
37.0,CCCC(=O)Nc1ccc(OC[C@H](O)CNC(C)C)c(C(C)=O)c1
37.0,CCC[C@@H]1O[C@@H]2C[C@H]3[C@@H]4CCC5=CC(=O)C=C[C@]5(C)[C@H]4[C@@H](O)C[C@]3(C)[C@]2(C(=O)CO)O1
37.0,CC(C)CN(C[C@@H](O)[C@H](Cc1ccccc1)NC(=O)O[C@H]1CO[C@H]2OCC[C@H]21)S(=O)(=O)c1ccc(N)cc1
38.0,COCCc1ccc(OC[C@H](O)CNC(C)C)cc1
38.0,O=c1[nH]cnc2c1ncn2[C@@H]1CC[C@H](CO)O1
38.0,C[C@@H](CCc1ccc2c(c1)OCO2)NC[C@H](O)c1ccc(O)c(C(N)=O)c1
38.0,CC(C)CCC[C@@H](C)[C@H]1CC[C@H]2[C@@H]3CC=C4C[C@@H](O)CC[C@]4(C)[C@H]3CC[C@]12C
38.0,C[C@H](CCC(=O)O)[C@H]1CC[C@H]2[C@@H]3[C@H](O)C[C@@H]4C[C@H](O)CC[C@]4(C)[C@H]3CC[C@]12C
38.0,CCCc1nn(C)c2c(=O)[nH]c(-c3cc(S(=O)(=O)N4CCN(C)CC4)ccc3OCC)nc12
38.0,CCCN1C[C@H](CSC)C[C@@H]2c3cccc4[nH]cc(c34)C[C@H]21
38.0,CCOC(=O)Nc1ccc2c(c1)N(C(=O)CCN1CCOCC1)c1ccccc1S2
39.0,CNC(=O)c1cc(Oc2ccc(NC(=O)Nc3ccc(Cl)c(C(F)(F)F)c3)cc2)ccn1
40.0,COc1cc(N)c(Cl)cc1C(=O)N[C@H]1CCN(CCCOc2ccc(F)cc2)C[C@H]1OC
40.0,OCCN1CCN(CCCN2c3ccccc3Sc3ccc(Cl)cc32)CC1
40.0,CCOC(=O)N1CCC(=C2c3ccc(Cl)cc3CCc3cccnc32)CC1
40.0,CN(C)C(=O)C(CCN1CCC(O)(c2ccc(Cl)cc2)CC1)(c1ccccc1)c1ccccc1
40.0,Cc1onc(-c2ccccc2Cl)c1C(=O)N[C@@H]1C(=O)N2[C@@H](C(=O)O)C(C)(C)S[C@@H]12
40.0,Clc1ccc([C@@H](c2ccccc2Cl)C(Cl)Cl)cc1
40.0,O=C(CCCN1CCC(n2c(=O)[nH]c3ccccc32)CC1)c1ccc(F)cc1
40.0,O=c1[nH]c2ccccc2n1C1CCN(CCC(c2ccc(F)cc2)c2ccc(F)cc2)CC1
40.0,CN(C/C=C/C#CC(C)(C)C)Cc1cccc2ccccc12
40.0,CCOC(=O)/C=C(C)/C=C/C=C(C)/C=C/c1c(C)cc(OC)c(C)c1C
40.0,CCOC(=O)[C@H](CCc1ccccc1)N[C@@H](C)C(=O)N1CCC[C@H]1C(=O)O
40.0,CCN(CC)C(=O)Nc1ccc(OC[C@@H](O)CNC(C)(C)C)c(C(C)=O)c1
40.0,C=C1CC[C@@]2(O)[C@H]3Cc4ccc(O)c5c4[C@@]2(CCN3CC2CC2)[C@H]1O5
40.0,CC1=C(/C=C\C(C)=C/C=C/C(C)=C/C(=O)O)C(C)(C)CCC1
40.0,CNC[C@H](O)C[C@]12CC[C@H](c3ccccc31)c1ccccc12
40.0,CC[C@H](NC(C)C)[C@H](O)c1ccc(O)c2[nH]c(=O)ccc12
40.0,CC(C)NC[C@H](O)c1cc(O)cc(O)c1
40.0,CSc1ccc2c(c1)N(CC[C@@H]1CCCCN1C)c1ccccc1S2
41.0,CN(C)CC/C=C1\c2ccccc2Sc2ccc(Cl)cc21
41.0,CN(C)CCN(c1ccc(Cl)cc1)c1ccccn1
41.0,N[C@H](Cc1ccc(O)c(O)c1)C(=O)O
41.0,COc1cc([C@H]2c3cc4c(cc3[C@@H](O[C@@H]3O[C@@H]5CO[C@@](C)(c6cccs6)O[C@H]5[C@H](O)[C@H]3O)[C@@H]3COC(=O)[C@@H]23)OCO4)cc(OC)c1O
42.0,CN(C)CCCN1c2ccccc2CCc2ccccc21
42.0,CCOc1nc2cccc(C(=O)O)c2n1Cc1ccc(-c2ccccc2-c2nn[nH]n2)cc1
42.0,CN1CC[C@]23c4c5ccc(O)c4O[C@H]2C(=O)CC[C@H]3[C@H]1C5
42.0,Cc1nc2c([nH]1)-c1ccccc1N(C(=O)c1ccc(NC(=O)c3ccccc3-c3ccccc3)cc1)CC2
42.0,CCN(CC)C(=O)/C(C#N)=C/c1cc(O)c(O)c([N+](=O)[O-])c1
42.0,NC(N)=Nc1nc(CSCC/C(N)=N/S(N)(=O)=O)cs1
42.5,O=C1Nc2ccc(Cl)cc2[C@@](C#CC2CC2)(C(F)(F)F)O1
42.5,COc1ccccc1OC[C@H](O)CN1CCN(CC(=O)Nc2c(C)cccc2C)CC1
42.5,COc1ccc(CCN(C)CCCC2(c3ccc(OC)c(OC)c3)S(=O)(=O)CCCS2(=O)=O)cc1OC
43.0,CO[C@H]1C[C@H](n2cnc3c(N)cc(Cl)cc32)O[C@@H]1CO
43.0,O=C(CCCCCCC(=O)Nc1ccccc1)NO
43.0,CCCc1nc2c(n1Cc1ccc(-c3ccccc3C(=O)O)cc1)=C[C@H](c1nc3ccccc3n1C)CC=2C
44.0,CN[C@H]1CC[C@@H](c2ccc(Cl)c(Cl)c2)c2ccccc21
44.0,CC1=NNC2=CN=C(c3ccccc3Cl)c3cc(Cl)ccc3N21
44.0,C=CCOc1ccccc1OC[C@H](O)CNC(C)C
44.0,C[C@H](N[C@H](CCc1ccccc1)C(=O)O)C(=O)N1[C@H](C(=O)O)C[C@@H]2CCC[C@@H]21
44.0,CC(C)(C)NC[C@H](O)c1ccc(O)c(CO)c1
45.0,COc1cc(NCc2cnc3nc(N)nc(N)c3c2C)cc(OC)c1OC
45.0,CN(C)CCc1c[nH]c2ccc(C[C@H]3COC(=O)N3)cc12
45.0,Cc1c(C)c2c(c(C)c1O)C[C@](C)(COc1ccc(C[C@H]3SC(=O)NC3=O)cc1)CO2
46.0,CCCCc1oc2ccccc2c1C(=O)c1cc(I)c(OCCN(CC)CC)c(I)c1
46.0,CCc1cccc2c1CC([C@@H](O)CNC(C)(C)C)=C2
47.0,CC[C@@H](OC(C)=O)C(C[C@@H](C)N(C)C)(c1ccccc1)c1ccccc1
47.0,CN(C)CCc1c[nH]c2ccc(Cn3cncn3)cc12
47.0,C=CC1=C(C(=O)O)N2C(=O)[C@@H](NC(=O)/C(=N/C(=O)CC(=O)O)c3cnc(N)s3)[C@H]2SC1
47.5,COC1=CC(=O)C[C@@H](C)[C@@]12Oc1c(Cl)c(OC)cc(OC)c1C2=O
48.0,CC(C)(C)NC[C@H](O)c1ccccc1Cl
48.0,CN(C)CCC=C1c2ccccc2CCc2ccccc21
48.0,CCN1CCC[C@H]1CNC(=O)c1cc(S(=O)(=O)CC)c(N)cc1OC
49.0,COc1nc(C(Cl)(Cl)Cl)c(Cl)c(OC)c1Cl
49.0,OCCN1CCN(CC/C=C2/c3ccccc3Sc3ccc(Cl)cc32)CC1
50.0,O=C1CN=C(c2ccccc2)c2cc(Cl)ccc2N1
50.0,NC(N)=NC(=O)c1nc(Cl)c(N)nc1N
50.0,Nc1nc(Cl)nc2c1ncn2[C@@H]1O[C@H](CO)[C@@H](O)[C@@H]1F
50.0,COc1ccc(-c2nc(-c3ccc(F)cc3F)[nH]c2-c2ccc(OC)cc2)cc1
50.0,O[C@H](CNC[C@@H](O)[C@H]1CCc2cc(F)ccc2O1)[C@@H]1CCc2cc(F)ccc2O1
50.0,O=C(c1ccc(F)cc1)C1CCN(CCn2c(=O)[nH]c3ccccc3c2=O)CC1
50.0,O=C1[C@H](CC[C@H](O)c2ccc(F)cc2)[C@@H](c2ccc(O)cc2)N1c1ccc(F)cc1
50.0,Fc1ccc([C@@H]2CCNC[C@H]2COc2ccc3c(c2)OCO3)cc1
50.0,N[C@@H]1C[C@@H]1c1ccccc1
50.0,CN1[C@@H]2CC[C@H]1C[C@H](OC(=O)[C@@H](CO)c1ccccc1)C2
50.0,COc1cc2c(c(OC)c1OC)-c1ccc(OC)c(=O)cc1[C@@H](NC(C)=O)CC2
50.0,COC(=O)[C@@H]1[C@@H]2C[C@H]3C4=Nc5c(OC)cccc5[C@@H]4CCN3C[C@H]2C[C@H](OC(=O)c2cc(OC)c(OC)c(OC)c2)[C@H]1OC
50.0,CCOCCn1c(N2CCCN(C)CC2)nc2ccccc21
50.0,OC[C@]1(O)OC[C@@H](O)[C@H](O)[C@@H]1O
50.0,CC[C@H]1OC(=O)[C@H](C)[C@@H](O[C@@H]2C[C@@](C)(OC)[C@@H](O)[C@H](C)O2)[C@H](C)[C@@H](O[C@@H]2O[C@H](C)C[C@H](N(C)C)[C@H]2O)[C@](C)(O)C[C@@H](C)/C(=N\OCOCCOC)[C@H](C)[C@@H](O)[C@]1(C)O
50.0,COc1ccc2c3c1O[C@H]1[C@@H](O)C=C[C@H]4[C@@H](C2)N(C)CC[C@@]341
50.0,Cc1nc(C)c2c(n1)N(Cc1ccc(-c3ccccc3-c3nn[nH]n3)cc1)C(=O)CC2
50.0,OCCN(CCO)c1nc(N2CCCCC2)c2nc(N(CCO)CCO)nc(N3CCCCC3)c2n1
50.0,Cn1c(=O)c2c(ncn2CCCNC[C@H](O)c2cc(O)cc(O)c2)n(C)c1=O
50.0,C[C@@H](N)C(=O)N[C@H](C)P(=O)(O)O
50.0,CN1CCC[C@@H]1Cc1c[nH]c2ccc(CCS(=O)(=O)c3ccccc3)cc12
50.0,NS(=O)(=O)c1cc2c(cc1C(F)(F)F)NCNS2(=O)=O
50.0,COc1ccccc1Oc1c(NS(=O)(=O)c2ccc(C(C)(C)C)cc2)nc(-c2ncccn2)nc1OCCO
50.0,Cc1c(O)cccc1C(=O)N[C@@H](CSc1ccccc1)[C@H](O)CN1C[C@H]2CCCC[C@H]2C[C@H]1C(=O)NC(C)(C)C
50.0,CCOC(=O)[C@H](CCc1ccccc1)N[C@@H](C)C(=O)N1CC2(C[C@H]1C(=O)O)SCCS2
50.0,COc1ccc2c(c1)N(C[C@@H](C)CN(C)C)c1ccccc1S2
50.0,OCCN1CCN(CC/C=C2\c3ccccc3Sc3ccc(C(F)(F)F)cc32)CC1
50.0,CN1CCN2c3ncccc3Cc3ccccc3[C@H]2C1
50.0,COCC1=C(C(=O)O[C@H](C)OC(=O)OC(C)C)N2C(=O)[C@@H](NC(=O)/C(=N\OC)c3csc(N)n3)[C@H]2SC1
50.0,CNCC[C@H](Oc1cccc2ccccc12)c1cccs1
51.0,CN(C)CCCN1c2ccccc2CCc2ccc(Cl)cc21
51.0,CNCCC=C1c2ccccc2CCc2ccccc21
51.0,CN(C)CCCOC1(Cc2ccccc2)CCCCCC1
51.0,C#C[C@]1(O)CC[C@H]2[C@@H]3CCc4cc(O)ccc4[C@H]3CC[C@@]21C
51.0,NC1=Nc2nc(N)c(-c3ccccc3)nc2[C@@H](N)N1
52.0,CN(C)C(=N)NC(=N)N
52.0,COc1cc([C@@H]2c3cc4c(cc3[C@@H](O[C@@H]3O[C@@H]5CO[C@@H](C)O[C@H]5[C@H](O)[C@H]3O)[C@H]3COC(=O)[C@H]23)OCO4)cc(OC)c1O
52.0,C[C@H](N[C@@H](CCc1ccccc1)C(=O)O)C(=O)N1c2ccccc2CC[C@H]1C(=O)O
52.0,COCCCOc1ccnc(C[S@+]([O-])c2nc3ccccc3[nH]2)c1C
52.0,CNCc1ccc(CSCCN/C(=N/[N+](=O)[O-])NC)o1
53.0,COCCCC/C(=N\OCCN)c1ccc(C(F)(F)F)cc1
53.0,O=c1[nH]cnc2[nH]ncc12
53.0,N[C@@H](CCS)C(=O)O
54.0,O=C(O)Cc1ccccc1Nc1ccc(Cl)cc1Cl
54.0,CSc1ccc(C(=O)c2[nH]c(=O)[nH]c2C)cc1
54.5,CCN(CC)CCNC(=O)c1c(C)[nH]c(/C=C2\C(=O)Nc3ccc(F)cc32)c1C
55.0,CC[C@H](C)n1ncn(-c2ccc(N3CCN(c4ccc(OC[C@H]5CO[C@@](Cn6cncn6)(c6ccc(Cl)cc6Cl)O5)cc4)CC3)cc2)c1=O
55.0,CN1CCN(C2=Nc3cc(Cl)ccc3Nc3ccccc32)CC1
55.0,NCCC[C@@](N)(C(=O)O)C(F)F
55.0,NC(N)=N/C(N)=N/CCc1ccccc1
55.0,CN(C)CCC=C1c2ccccc2C=Cc2ccccc21
55.0,CCOC(=O)[C@H](CCc1ccccc1)N[C@@H](C)C(=O)N(CC(=O)O)C1Cc2ccccc2C1
55.0,CC(C)(C)NC[C@@H](O)COc1ccc(NC(=O)NC2CCCCC2)cc1
55.0,COc1cc2nc(N(C)CCCNC(=O)[C@H]3CCCO3)nc(N)c2cc1OC
55.0,CC(=O)NO
55.0,Cc1cccc(C)c1NC(=O)[C@H]1CCCCN1C
55.0,Cc1[nH]cnc1CN1CCc2c(c3ccccc3n2C)C1=O
55.0,CCCNC(Cc1cccc2c1CC(=O)N2)NCCC
55.0,CC(=O)c1ccc2c(c1)N(CCCN(C)C)c1ccccc1S2
56.0,CCOc1cc(CC(=O)N[C@@H](CC(C)C)c2ccccc2N2CCCCC2)ccc1C(=O)O
56.0,Cc1cccc(N2C[C@H](CO)OC2=O)c1
57.0,CC(C)/N=c1/cc2n(-c3ccc(Cl)cc3)c3ccccc3nc-2cc1Nc1ccc(Cl)cc1
57.0,COC(=O)[C@@H]1[C@H]2CC[C@@H](C[C@H]1OC(=O)c1ccccc1)N2C
57.0,CC[C@H]1OC(=O)[C@H](C)C(=O)[C@H](C)[C@@H](O[C@@H]2O[C@H](C)C[C@H](N(C)C)[C@H]2O)[C@](C)(OC)C[C@@H](C)C(=O)[C@H](C)[C@H]2N(CCCCn3cnc(-c4cccnc4)c3)C(=O)O[C@]12C
57.0,C[C@H](N/C(=N\C#N)Nc1ccncc1)C(C)(C)C
57.5,Nc1nc(F)nc2c1ncn2[C@@H]1O[C@H](COP(=O)(O)O)[C@@H](O)[C@@H]1O
58.0,COc1cc(=N)cnn1-c1ccccc1
58.0,CCOC(=O)[C@H](C)C[C@@H](C)C(=O)N1c2ccccc2C[C@H]1C(=O)O
58.0,CCOc1ccc(/C=C2\NCCc3cc(OCC)c(OCC)cc32)cc1OCC
58.0,CC(C)NC[C@@H](O)COc1ccc(CC(N)=O)cc1
58.0,CO[C@H]1O[C@@H]2O[C@@]3(C)CC[C@H]4[C@H](C)CC[C@@H]([C@H]1C)[C@@]24OO3
58.0,CN(C)[C@@H]1C(O)=C(C(N)=O)C(=O)[C@@]2(O)C(=O)C3=C(O)c4c(O)cccc4[C@@](C)(O)[C@H]3[C@H](O)[C@@H]12
59.0,COc1cc(C)c(/C=C/C(C)=C/C=C/C(C)=C/C(=O)O)c(C)c1C
59.0,C#Cc1cccc(Nc2ncnc3cc(OCCOC)c(OCCOC)cc23)c1
59.0999985,COc1cc(NS(=O)(=O)c2ccc(N)cc2)nc(OC)n1
60.0,CC1(C)[C@H](C(=O)OCc2cccc(Oc3ccccc3)c2)[C@@H]1C=C(Cl)Cl
60.0,COc1cc2ncnc(Nc3ccc(F)c(Cl)c3)c2cc1OCCCN1CCOCC1
60.0,O=C(CCCN1CCC(O)(c2cccc(Cl)c2)CC1)c1ccc(F)cc1
60.0,O=C1Cc2cc(CCN3CCN(c4nsc5ccccc45)CC3)c(Cl)cc2N1
60.0,NS(=O)(=O)c1cc2c(cc1Cl)N[C@@H](C(Cl)Cl)NS2(=O)=O
60.0,CC(C)/N=C(N)/N=C(\N)Nc1ccc(Cl)cc1
60.0,Cc1onc(-c2c(F)cccc2Cl)c1C(=O)N[C@H]1C(=O)N2[C@H]1SC(C)(C)[C@@]2(C)C(=O)O
60.0,Cc1c(Cl)cccc1Nc1ccccc1C(=O)O
60.0,CNCC[C@H](Oc1ccc(C(F)(F)F)cc1)c1ccccc1
60.0,C=C(Nc1cc(C(F)(F)F)ccc1C(F)(F)F)[C@@H]1CC[C@@H]2[C@H]3CC[C@@H]4NC(=O)C=C[C@@]4(C)[C@@H]3CC[C@]21C
60.0,O=C(O)c1cn(C2CC2)c2nc(N3CCCCC3)c(F)cc2c1=O
60.0,COCc1c(C(C)C)nc(C(C)C)c(/C=C/[C@@H](O)C[C@@H](O)CC(=O)O)c1-c1ccc(F)cc1
60.0,O=[N+]([O-])OCC(CO[N+](=O)[O-])(CO[N+](=O)[O-])CO[N+](=O)[O-]
60.0,NC(=O)c1ncn([C@H]2O[C@H](CO)[C@@H](O)[C@H]2O)n1
60.0,COc1ccc2c3c1O[C@H]1C(=O)CC[C@@]4(O)[C@@H](C2)N(C)CC[C@]314
60.0,CN1[C@@H]2CCC[C@@H]1CC(NC(=O)c1nn(C)c3ccccc13)C2
60.0,CCOC(=O)[C@H](CCc1ccccc1)N[C@@H]1CCCN2CCC[C@@H](C(=O)O)N2C1=O
60.0,NCC1(C(=O)O)CCCCC1
60.0,NCC(=O)CCC(=O)O
60.0,CC[C@@H](CO)NC(=O)[C@@H]1C=C2c3cccc4[nH]cc(c34)C[C@H]2N(C)C1
60.0,C/N=C(\NC#N)NCCSCc1nc[nH]c1C
60.0,CN(C)c1ccc(CSCCNC(=O)c2ccc[n+]([O-])c2)o1
60.0,Cn1cnc([N+](=O)[O-])c1Sc1ncnc2nc[nH]c12
60.0,CC1(C)S[C@H]2[C@@H](NC(=O)COc3ccccc3)C(=O)N2[C@@H]1C(=O)O
60.0,Cc1cc2c(s1)Nc1ccccc1N=C2N1CCN(C)CC1
60.0,CN1CCC(=C2c3ccccc3CC(=O)c3sccc32)CC1
61.0,COc1cc2c(N)nc(N3CCN(C(=O)OCC(C)(C)O)CC3)nc2c(OC)c1OC
61.0,CC(C)COC[C@@H](CN1CCCC1)N(Cc1ccccc1)c1ccccc1
61.0,CC(C)[C@@H](N)C(=O)OC[C@@H](CO)OCn1cnc2c(=O)nc(N)[nH]c21
61.0,C=C1/C(=C\C=C2/CCC[C@]3(C)[C@@H]([C@@H](C)CCCC(C)(C)O)CC[C@@H]23)C[C@@H](O)C[C@@H]1O
61.0,CC(C)(C)NC[C@H](O)COc1nsnc1N1CCOCC1
62.0,CC(C)(O)c1ccccc1CC[C@@H](SCC1(CC(=O)O)CC1)c1cccc(/C=C\c2ccc3ccc(Cl)cc3n2)c1
62.0,Cn1c2c(c3ccccc31)C(=O)[C@H](Cn1ccnc1)CC2
62.0,O=S(=O)(O)CCS
62.0,CC1(C)S[C@@H]2[C@H](NC(=O)[C@H](N)c3ccccc3)C(=O)N2[C@H]1C(=O)O
62.5,C[C@@H](O[C@H]1OCCN(Cc2nc(=O)[nH][nH]2)[C@H]1c1ccc(F)cc1)c1cc(C(F)(F)F)cc(C(F)(F)F)c1
63.0,C=CCNc1nc(NCC=C)nc(N2CCN(C(c3ccc(F)cc3)c3ccc(F)cc3)CC2)n1
63.0,CNCC[C@@H](Oc1ccccc1C)c1ccccc1
63.0,CN(C)CCCO[C@@H]1[C@H]2OC(C)(C)O[C@H]2O[C@@H]1[C@H](O)CO
63.0,COc1cc2nc(N3CCN(C(=O)[C@@H]4COc5ccccc5O4)CC3)nc(N)c2cc1OC
63.0,CC(C)(C)NC(=O)[C@H]1CC[C@H]2[C@@H]3CC[C@@H]4NC(=O)C=C[C@]4(C)[C@H]3CC[C@]12C
63.0,C[C@H](S)C(=O)NCC(=O)O
64.0,NS(=O)(=O)c1cc([C@@]2(O)NC(=O)c3ccccc32)ccc1Cl
64.0,COC(=O)N[C@H](C(=O)N[C@@H](Cc1ccccc1)[C@@H](O)CN(Cc1ccc(-c2ccccn2)cc1)NC(=O)[C@@H](NC(=O)OC)C(C)(C)C)C(C)(C)C
64.0,CCN1C[C@@H](CCN2CCOCC2)C(c2ccccc2)(c2ccccc2)C1=O
64.0,C#C[C@]1(O)CC[C@@H]2[C@H]3CCC4=CC(=O)CC[C@H]4[C@@H]3CC[C@@]21C
64.0,Nc1nc2ccc(OC(F)(F)F)cc2s1
65.0,Cc1ccccc1N1C(=O)c2cc(S(N)(=O)=O)c(Cl)cc2N[C@H]1C
65.0,CN(c1nccc(=O)[nH]1)C1CCN(c2nc3ccccc3n2Cc2ccc(F)cc2)CC1
65.0,N[C@H](Cc1cc(I)c(Oc2cc(I)c(O)c(I)c2)c(I)c1)C(=O)O
65.0,COc1cc(OC)c(C(=O)CCCN2CCCC2)c(OC)c1
65.0,C=CCN1C[C@H](C(=O)N(CCCN(C)C)C(=O)NCC)C[C@@H]2c3cccc4[nH]cc(c34)C[C@H]21
65.0,CC(C)(C)NC(=O)[C@@H]1CN(Cc2cccnc2)CCN1C[C@@H](O)C[C@@H](Cc1ccccc1)C(=O)N[C@H]1c2ccccc2C[C@H]1O
65.0,c1ccc([C@H]2CN3CCSC3=N2)cc1
65.0,CCOc1ccc2nc(S(N)(=O)=O)sc2c1
65.0999985,Cc1ccc(Cl)c(Nc2ccccc2C(=O)O)c1Cl
66.0,CNC/C=C(\c1ccc(Br)cc1)c1cccnc1
66.0,CN(C)[C@@H]1C(O)=C(C(N)=O)C(=O)[C@@]2(O)C(O)=C3C(=O)c4c(O)ccc(Cl)c4[C@@H](O)[C@H]3C[C@@H]12
66.0,Cc1nc2n(c(=O)c1CCN1CCC(c3noc4cc(F)ccc34)CC1)CCCC2
66.0,CN1[C@@H]2CC[C@@H]1CC(OC(=O)c1cn(C)c3ccccc13)C2
67.0,Nc1c(CC(=O)O)cccc1C(=O)c1ccc(Br)cc1
67.0,CN[C@@H](C)Cc1ccccc1
67.5,CCN(CC)CCNC(=O)c1cc(Br)c(N)cc1OC
67.5,Cc1onc(-c2c(Cl)cccc2Cl)c1C(=O)N[C@@H]1C(=O)N2[C@@H](C(=O)O)C(C)(C)S[C@@H]12
68.0,CNCCC[C@]12CC[C@H](c3ccccc31)c1ccccc12
68.0,CC(=O)Oc1ccccc1C(=O)O
68.0,COc1ccc(OC)c(Cc2cnc3c(C)c(N)nc(N)c3n2)c1
68.0,Cc1cn([C@@H]2C[C@@H](O)[C@H](CO)O2)c(=O)[nH]c1=O
68.0,CC(=O)OCC(=O)[C@@]12N=C(C)O[C@@H]1C[C@H]1[C@@H]3CCC4=CC(=O)C=C[C@]4(C)[C@H]3[C@@H](O)C[C@@]12C
68.0,NC(N)=NCCC[C@@H](N)C(=O)O
68.0,COc1cc2nc(N3CCN(C(=O)c4ccco4)CC3)nc(N)c2cc1OC
69.0,COC(=O)[C@@H]1CC2=CC(=O)CC[C@]2(C)[C@@]23O[C@@H]2C[C@@]2(C)[C@@H](CC[C@@]24CCC(=O)O4)[C@H]13
69.0,C#C[C@]1(O)CC[C@H]2[C@@H]3CC[C@H]4CC(=O)CCC4=C3[C@@H](c3ccc(N(C)C)cc3)C[C@@]21C
69.0,CNS(=O)(=O)CCc1ccc2[nH]c(C3CCN(C)CC3)cc2c1
69.0,C[C@@H](CS)C(=O)N1CCC[C@@H]1C(=O)O
70.0,Cc1nnc2n1-c1sc(Br)cc1C(c1ccccc1Cl)=NC2
70.0,N[C@@H](CCC(=O)O)c1ccc(Cl)cc1
70.0,O=C(NC[C@@H]1CCCCN1)c1cc(OCC(F)(F)F)ccc1OCC(F)(F)F
70.0,CCN(CC)C[C@@H](O)CNC(=O)c1c(OC)c2ccccc2n1-c1ccccc1
70.0,CC(C)NC[C@H](O)COc1cccc2c1N(C(=O)c1cccnc1)CCC2
70.0,CC(=O)O[C@H]1C[C@@H](O[C@H]2[C@@H](O)C[C@@H](O[C@H]3[C@@H](O)C[C@H](O[C@H]4CC[C@@]5(C)[C@H](CC[C@@H]6[C@@H]5CC[C@]5(C)[C@@H](C7=CC(=O)OC7)CC[C@]65O)C4)O[C@@H]3C)O[C@@H]2C)O[C@H](C)[C@H]1O
70.0,C[C@H]1O[C@@H](O[C@H]2[C@@H](O)C[C@H](O[C@H]3[C@@H](O)C[C@H](O[C@H]4CC[C@@]5(C)[C@H](CC[C@@H]6[C@@H]5C[C@@H](O)[C@]5(C)[C@@H](C7=CC(=O)OC7)CC[C@]65O)C4)O[C@@H]3C)O[C@@H]2C)C[C@H](O)[C@@H]1O
70.0,CCOc1ccccc1OC[C@H]1COCCN1
70.0,CO[C@H]1/C=C\O[C@@]2(C)Oc3c(C)c(O)c4c(O)c(c(/C=N/N5CCN(C)CC5)c(O)c4c3C2=O)NC(=O)/C(C)=C/C=C/[C@H](C)[C@H](O)[C@@H](C)[C@@H](O)[C@@H](C)[C@H](OC(C)=O)[C@@H]1C
70.0,CO[C@H]1/C=C/O[C@@]2(C)Oc3c(C)c(O)c4c(O)c(c(/C=N/N5CCN(C6CCCC6)CC5)c(O)c4c3C2=O)NC(=O)/C(C)=C\C=C\[C@H](C)[C@H](O)[C@@H](C)[C@@H](O)[C@@H](C)[C@H](OC(C)=O)[C@@H]1C
70.0,NC(=O)N1c2ccccc2C=Cc2ccccc21
70.0,O=C1C=CC=C/C1=C1\N/C(=C2/C=CC=CC2=O)N(c2ccc(C(=O)O)cc2)N1
70.0,CCCCC1=NC2(CCCC2)C(=O)N1Cc1ccc(-c2ccccc2-c2nn[nH]n2)cc1
70.0,N[C@H](Cc1c[nH]c2ccc(O)cc12)C(=O)O
70.0,CN(C)CCc1c[nH]c2ccc(CS(=O)(=O)N3CCCC3)cc12
70.0,COc1ccc2[nH]c([S@@+]([O-])Cc3ncc(C)c(OC)c3C)nc2c1
70.0,CS(=O)(=O)OCCCCOS(C)(=O)=O
70.0,CC1(C)O[C@@H]2[C@H]3OC(C)(C)O[C@]3(COS(N)(=O)=O)OC[C@H]2O1
70.0,O=C1CN(/N=C/c2ccc(-c3ccc([N+](=O)[O-])cc3)o2)C(=O)N1
70.0,CC(=O)Oc1ccccc1C(=O)Nc1ncc([N+](=O)[O-])s1
70.0,CN/C(=C\[N+](=O)[O-])NCCSCc1csc(CN(C)C)n1
71.0,N[C@H](Cc1ccc(N(CCCl)CCCl)cc1)C(=O)O
71.0,NS(=O)(=O)c1cc(Cl)cc(NCc2ccco2)c1C(=O)O
71.0,NS(=O)(=O)c1cc2c(cc1Cl)NCNS2(=O)=O
71.0,CO/N=C1/CN(c2nc3c(cc2F)c(=O)c(C(=O)O)cn3C2CC2)C[C@H]1CN
71.0,C=C1/C(=C\C=C2/CCC[C@]3(C)[C@@H]([C@H](C)CCCC(C)C)CC[C@@H]23)C[C@@H](O)C[C@@H]1O
71.0,CC(C)(C)NC[C@@H](O)c1ccc(O)c(C(=O)O)c1
72.0,c1ccc(C2(N3CCCCC3)CCCCC2)cc1
72.0,CCN(C)C(=O)Oc1cccc([C@H](C)N(C)C)c1
72.0,CN(C)CCOC(c1ccccc1)c1ccccc1
72.0,CC1=CC[C@@H](C(C)(C)O)C[C@@H]1O
72.0,C[C@H](/C=C/[C@H](C)C(C)(C)O)[C@H]1CC[C@H]2/C(=C/C=C3C[C@@H](O)C[C@H](O)C3)CCC[C@]12C
72.5,COc1cccc([C@@]2(O)CCCC[C@@H]2CN(C)C)c1
73.0,Cc1cccc(C)c1NC(=O)c1cc(S(N)(=O)=O)c(Cl)cc1O
73.0,CC[C@]1(c2ccccc2)C(=O)NC(=O)N(C)C1=O
73.0,CC(C)[C@H]1CC[C@@H](C(=O)N[C@H](Cc2ccccc2)C(=O)O)CC1
73.5,C1CCC(C(C[C@H]2CCCCN2)C2CCCCC2)CC1
74.0,O=[P@@]1(N(CCCl)CCCl)NCCCO1
74.0,O=C1NCCN1CCN1CCC(c2cn(-c3ccc(F)cc3)c3ccc(Cl)cc23)CC1
74.0,Cc1ccc(Nc2c(F)cccc2Cl)c(CC(=O)O)c1
74.0,CCOC(=O)C1=C(COCCN)NC(C)=C(C(=O)OC)[C@@H]1c1ccccc1Cl
75.0,O=C1CN2Cc3c(ccc(Cl)c3Cl)N=C2N1
75.0,CCN(CC)Cc1cc(Nc2ccnc3cc(Cl)ccc23)ccc1O
75.0,O=C(NCCN1CCOCC1)c1ccc(Cl)cc1
75.0,CN1CCN(C(=O)O[C@H]2c3nccnc3C(=O)N2c2ccc(Cl)cn2)CC1
75.0,NC(N)=N/N=C/c1c(Cl)cccc1Cl
75.0,CN1C(=O)[C@@H](O)N=C(c2ccccc2Cl)c2cc(Cl)ccc21
75.0,CCC(=O)O[C@]1(CCN(C)CCCc2nc3ccccc3[nH]2)CCc2cc(F)ccc2[C@@H]1C(C)C
75.0,C[C@H](N)Cc1ccccc1
75.0,O=C(O[C@H]1C[C@@H]2C[C@@H]3C[C@H](C1)N2CC3=O)c1c[nH]c2ccccc12
75.0,CCOC(=O)C1=C[C@H](OC(CC)CC)[C@@H](NC(C)=O)[C@H](N)C1
75.0,CC(C)(C)NC[C@H](O)COc1cccc2c1CCCC2=O
75.0,O=C(NCCO[N+](=O)[O-])c1cccnc1
75.0,COc1ccc([C@@H]2CNC(=O)C2)cc1OC1CCCC1
75.0,N/N=c1/cc2c(n[nH]1)CCN(C(=O)c1ccccc1)C2
75.0,Nc1nc2ncc(CNc3ccc(C(=O)N[C@H](CCC(=O)O)C(=O)O)cc3)nc2c(=O)[nH]1
75.0,O[C@@](CCN1CCCC1)(c1ccccc1)C1CCCCC1
76.0,CCN(CC)CCNC(=O)c1cc(Cl)c(N)cc1OC
76.0,C=C[C@H]1CN2CC[C@H]1C[C@@H]2[C@@H](O)c1ccnc2ccc(OC)cc12
76.0,C[C@]12CCC(=O)C=C1[C@@H]1C[C@@H]1[C@H]1[C@@H]3[C@@H]4C[C@@H]4[C@@]4(CCC(=O)O4)[C@@]3(C)CC[C@@H]12
76.0,C#C[C@]1(O)CC[C@H]2[C@@H]3CCC4=CC(=O)CC[C@@H]4[C@H]3C(=C)C[C@@]21CC
77.0,Nc1c(Br)cc(Br)cc1CN[C@H]1CC[C@@H](O)CC1
77.0,CC(=O)OCC(CCn1cnc2cnc(N)nc21)COC(C)=O
77.0,Nc1nc(=O)c2ncn(CCC(CO)CO)c2[nH]1
77.0,CN(C)[C@@H]1C(O)=C(C(N)=O)C(=O)[C@@]2(O)C(=O)C3=C(O)c4c(O)cccc4[C@@](C)(O)[C@@H]3C[C@@H]12
77.0,CC[C@H](CO)NCCN[C@H](CC)CO
77.5,CN(Cc1cc(Br)cc(Br)c1N)C1CCCCC1
78.0,C[C@@H]1C[C@@H]2[C@@H]3CCC4=CC(=O)C=C[C@]4(C)[C@@]3(F)[C@@H](O)C[C@]2(C)[C@@]1(O)C(=O)CO
78.0,COc1ccccc1N1CCN(CCCNc2cc(=O)n(C)c(=O)n2C)CC1
78.0,O=C1CN=C(c2ccccc2)c2cc([N+](=O)[O-])ccc2N1
78.0,O=C(O)CCC(=O)c1ccc(-c2ccccc2)cc1
78.0,O=C(O)CCCc1ccccc1
78.0,CN1CCC(=C2c3ccccc3CCc3sccc32)CC1
79.0,NC(=O)NO
80.0,COc1ccc(Cl)cc1C(=O)NCCc1cccc(S(=O)(=O)NC(=O)NC2CCCCC2)c1
80.0,OCCOCCN1CCN([C@H](c2ccccc2)c2ccc(Cl)cc2)CC1
80.0,CN1CCN(C(=O)O[C@H]2c3nccnc3C(=O)N2c2ccc(Cl)cn2)CC1
80.0,Clc1ccccc1CN1CCc2sccc2C1
80.0,O[C@@H](c1cc(C(F)(F)F)nc2c(C(F)(F)F)cccc12)[C@@H]1CCCCN1
80.0,Cc1oncc1C(=O)Nc1ccc(C(F)(F)F)cc1
80.0,CN(C)CCC[C@@]1(c2ccc(F)cc2)OCc2cc(C#N)ccc21
80.0,C#Cc1ccc2c(c1)CO[C@]2(CCCN(C)C)c1ccc(F)cc1
80.0,CN1C(=O)CN=C(c2ccccc2F)c2cc([N+](=O)[O-])ccc21
80.0,COc1cc(C(=O)NCc2ccc(OCCN(C)C)cc2)cc(OC)c1OC
80.0,N[C@@H]1CONC1=O
80.0,COc1ccc2c3c1O[C@H]1C(=O)CC[C@H]4[C@@H](C2)N(C)CC[C@]314
80.0,NNC(=O)c1ccncc1
80.0,CCCC[C@](C)(O)C/C=C\[C@H]1[C@H](O)CC(=O)[C@@H]1CCCCCCC(=O)OC
80.0,Cn1c(=O)c2c(ncn2CCO)n(C)c1=O
80.0,CCC[C@@H](C)C1(CC)C(=O)NC(=O)NC1=O
80.0,CCO
80.0,Cc1cccc(Nc2ccncc2S(=O)(=O)NC(=O)NC(C)C)c1
80.0,NC(=O)C[S@@+]([O-])C(c1ccccc1)c1ccccc1
80.0,Nc1ccn([C@H]2CO[C@H](CO)S2)c(=O)n1
80.0,CCc1cc(C(N)=S)ccn1
80.0,CC(C)(C#N)c1cc(Cn2cncn2)cc(C(C)(C)C#N)c1
81.0,O=c1n(CCCN2CCN(c3cccc(Cl)c3)CC2)nc2ccccn12
81.0,NC(N)=NC(=O)Cc1c(Cl)cccc1Cl
81.0,CCc1[nH]c(=O)[nH]c1C(=O)c1ccncc1
81.0,Cc1ccnc(NS(=O)(=O)c2ccc(N)cc2)n1
81.0,Cc1cnc(C[S@@+]([O-])c2nc3ccccc3[nH]2)cc1OCC(F)(F)F
82.0,O=C(N[C@@H](CO)[C@@H](O)c1ccc([N+](=O)[O-])cc1)C(Cl)Cl
82.0,C[C@@H](CC(c1ccccc1)c1ccccc1)NC(C)(C)C
82.0,Cc1cc2c(OC[C@@H](O)CNC(C)C)cccc2[nH]1
82.0,Cc1cn([C@@H]2C=C[C@H](CO)O2)c(=O)nc1N
82.0,C[C@]12C=CC(=O)C=C1CC[C@@H]1[C@@H]2[C@@H](O)C[C@@]2(C)[C@H]1CC[C@]2(O)C(=O)CO
82.0,C[C@H]1C[C@@H]2[C@H]([C@@H](O)C[C@@]3(C)[C@H]2CC[C@]3(O)C(=O)CO)[C@@]2(C)C=CC(=O)C=C12
82.5,CNCCCN1c2ccccc2CCc2ccccc21
82.5,Nc1nc(/C(=C/CC(=O)O)C(=O)N[C@@H]2C(=O)N3C(C(=O)O)=CCS[C@H]23)cs1
83.0,CCN(CC)CCN1C(=O)CN=C(c2ccccc2F)c2cc(Cl)ccc21
83.0,CCN[C@@H](C)Cc1cccc(C(F)(F)F)c1
83.0,CCN(CC)CCNC(=O)c1ccc(N)cc1
83.0,CCN(CC)CCNC(=O)c1ccc(NC(C)=O)cc1
83.0,Nc1nc(NC2CC2)c2ncn([C@H]3C=C[C@@H](CO)C3)c2n1
83.0,C[C@@H]1CCC[C@H](C)N1CCC[C@](O)(c1ccccc1)c1ccccn1
83.0,Cc1onc(-c2ccccc2)c1-c1ccc(S(N)(=O)=O)cc1
83.0,CCc1ccc(CCOc2ccc(C[C@@]3(C=O)CNC(=O)S3)cc2)nc1
84.0,O=C1CN=C(c2ccccn2)c2cc(Br)ccc2N1
84.0,Nc1nc(=O)[nH]cc1F
84.0,C=C(N(CC)CC)[C@@]1(c2ccccc2)C[C@H]1CN
84.0,O=C1NS(=O)(=O)c2ccccc21
85.0,C[C@@H](N)Cc1cccc(C(F)(F)F)c1
85.0,O=C(O)c1cc(-c2ccc(F)cc2F)ccc1O
85.0,NC(=O)c1cn(Cc2c(F)cccc2F)nn1
85.0,CNCCCC1c2ccccc2C=Cc2ccccc21
85.0,CCN(CC)CCCN(c1ccccc1)C1Cc2ccccc2C1
85.0,COc1cccc(C(=O)CCN[C@H](C)[C@H](O)c2ccccc2)c1
85.0,CC(C)NC[C@@H](O)COc1ccc(CCOCC2CC2)cc1
85.0,NC(N)=NC[C@@H]1COC2(CCCCC2)O1
85.0,CC[C@@H](C(=O)O)c1ccc(N2Cc3ccccc3C2=O)cc1
85.0,C[C@@H]1CC(=O)NN=C1c1ccc(NN=C(C#N)C#N)cc1
85.0,CC(C)Cc1ccc([C@H](C)C(=O)O)cc1
85.0,C[C@@H](C(=O)O)c1cccc(C(=O)c2ccccc2)c1
85.0,N#C[C@@H]1CCCN1C(=O)CN[C@@]12C[C@@H]3C[C@@H](C[C@@](O)(C3)C1)C2
85.0,CN[C@@H](C)[C@H](O)c1ccccc1
85.0,CCCCNC(=O)NS(=O)(=O)c1ccc(C)cc1
85.0,COc1cc(C)c([S@@+](C)[O-])cc1OC
85.0,CCCc1cc(=O)[nH]c(=S)[nH]1
86.0,c1ccc(C2(c3ccccc3)C[C@H]2C2=NCCN2)cc1
86.0,Cc1[nH]c(=O)c(C#N)cc1-c1ccncc1
86.0,NC1=NC(=O)N([C@@H]2CS[C@H](CO)O2)CC1
86.5,Cc1cc(C)nc(NS(=O)(=O)c2ccc(N)cc2)n1
87.0,CCC[C@@H]1C[C@@H](C(=O)N[C@@H]([C@H]2O[C@H](SC)[C@H](O)[C@@H](O)[C@H]2O)[C@H](C)Cl)N(C)C1
87.0,O=C1CCc2ccc(OCCCCN3CCN(c4cccc(Cl)c4Cl)CC3)cc2N1
87.0,N[C@@H](CC(=O)N1CCn2c(nnc2C(F)(F)F)C1)Cc1cc(F)c(F)cc1F
87.0,CCn1cc(C(=O)O)c(=O)c2cc(F)c(N3CCNCC3)nc21
87.0,CN(C)CCCOc1nn(Cc2ccccc2)c2ccccc12
87.0,O=C1CN(/N=C/c2ccc([N+](=O)[O-])o2)C(=O)N1
88.0,Cc1nnc2n1-c1ccc(Cl)cc1C(c1ccccc1)=NC2
88.0,COc1nc(C)nc(Cl)c1NC1=NCCN1
88.0,CC(C)NC[C@@H](O)COc1cccc2[nH]ccc12
88.0,CC(C)(C)NC[C@H](O)COc1cccc2c1CCC(=O)N2
88.0,Nc1ccn([C@H]2CC[C@@H](CO)O2)c(=O)n1
88.0,CC(=O)Nc1ccc(O)cc1
88.0,CC1=C(CC(=O)O)c2cc(F)ccc2/C1=C/c1ccc([S@+](C)[O-])cc1
89.0,CN(C)CC[C@H](c1ccc(Br)cc1)c1ccccn1
89.0,Oc1c(Cl)cc(Cl)c2cccnc12
89.0,O=[N+]([O-])OC[C@@H](O)CO
90.0,CCN1CCC[C@H]1CNC(=O)c1c(OC)ccc(Br)c1OC
90.0,CN(C(=O)C(Cl)Cl)c1ccc(O)cc1
90.0,N[C@H](C(=O)N[C@@H]1C(=O)N2C(C(=O)O)=C(Cl)CS[C@H]12)c1ccccc1
90.0,CCN(CC)CCOc1ccc(/C(=C(/Cl)c2ccccc2)c2ccccc2)cc1
90.0,N[C@@H]1CCN(c2c(F)cc3c(=O)c(C(=O)O)cn(C4CC4)c3c2Cl)C1
90.0,C[C@H]1Nc2ccccc2[C@@H]1NC(=O)c1ccc(Cl)cc1S(N)(=O)=O
90.0,CN1C(=O)CC(=O)N(c2ccccc2)c2cc(Cl)ccc21
90.0,O=C(O)COCCN1CCN([C@H](c2ccccc2)c2ccc(Cl)cc2)CC1
90.0,C[C@@H](Oc1c(Cl)cccc1Cl)C1=NCCN1
90.0,CC(C)C(=O)Nc1ccc([N+](=O)[O-])c(C(F)(F)F)c1
90.0,O=C1CCCC(=O)C1C(=O)c1ccc(C(F)(F)F)cc1[N+](=O)[O-]
90.0,O=c1[nH]c(=O)n([C@H]2C[C@H](O)[C@@H](CO)O2)cc1F
90.0,C[C@@H]1C[C@H]2[C@@H]3C[C@H](F)C4=CC(=O)C=C[C@]4(C)[C@H]3[C@@H](O)C[C@]2(C)[C@H]1C(=O)CO
90.0,OC(Cn1cncn1)(Cn1cncn1)c1ccc(F)cc1F
90.0,CCn1cc(C(=O)O)c(=O)c2cc(F)c(N3CCN(C)CC3)cc21
90.0,CCOC(=O)Nc1ccc(NCc2ccc(F)cc2)nc1N
90.0,O=C(O[C@H]1CN2CCC1CC2)N1CCc2ccccc2[C@@H]1c1ccccc1
90.0,NC(=O)OCC(COC(N)=O)c1ccccc1
90.0,CC(C)NC[C@@H](O)COc1ccc(COCCOC(C)C)cc1
90.0,Cc1cccc(OC[C@@H](O)CNC(C)C)c1
90.0,Cc1ccccc1[C@@H](OCCN(C)C)c1ccccc1
90.0,O=C1NCC2(CCN(CCc3ccccc3)CC2)O1
90.0,COc1cc2nc(N3CCN(C(=O)[C@@H]4CCCO4)CC3)nc(N)c2cc1OC
90.0,CCc1cccc2c1N[C@@H]1[C@@H]2CCOC1(CC(=O)O)CC(=O)O
90.0,NC(=O)N1c2ccccc2[C@H]2O[C@H]2c2ccccc21
90.0,NC(=O)c1cnccn1
90.0,Cn1c(=O)c2c(ncn2C[C@H](O)CO)n(C)c1=O
90.0,O=C1NNC(=O)C1(c1ccccc1)c1ccccc1
90.0,CCCC[C@H]1C(=O)C(=O)N(c2ccccc2)N1c1ccccc1
90.0,CC(C)C[C@H](CN)CC(=O)O
90.0,Cc1cccc(Nc2ccccc2C(=O)O)c1C
90.0,Cc1cnc(C(=O)O)c[n+]1[O-]
90.0,N[C@@H](C(=O)O)[C@@H](O)c1ccc(O)c(O)c1
90.0,CCCCNc1cc(C(=O)O)cc(S(N)(=O)=O)c1Oc1ccccc1
90.0,Nc1ccc(S(=O)(=O)Nc2ncccn2)cc1
90.0,CC1=C(C(=O)O)N2C(=O)[C@@H](NC(=O)[C@H](N)c3ccccc3)[C@@H]2SC1
90.0,C/C=C/C1=C(C(=O)O)N2C(=O)[C@@H](NC(=O)[C@H](N)c3ccc(O)cc3)[C@H]2SC1
90.0,C[C@H](C(=O)O)c1ccc(C(=O)c2ccccc2)s1
90.0,Cc1ccsc1C(=CCCN1CCC[C@H](C(=O)O)C1)c1sccc1C
91.0,CN1C(=O)[C@@H](O)N=C(c2ccccc2)c2cc(Cl)ccc21
91.0,O=C(O)[C@@H]1N=C(c2ccccc2)c2cc(Cl)ccc2NC1(O)O
91.0,N[C@@H]1[C@H]2CN(c3nc4c(cc3F)c(=O)c(C(=O)O)cn4-c3ccc(F)cc3F)C[C@@H]12
91.0,CC(=O)O[C@H]1C[C@@]2(C)[C@@H](C[C@@H](O)[C@@H]3[C@@]4(C)CC[C@@H](O)[C@@H](C)[C@@H]4CC[C@@]32C)/C1=C(\CCC=C(C)C)C(=O)O
92.0,O=[P@@]1(NCCCl)OCCCN1CCCl
92.0,C[C@@H]1CN(c2c(F)c(N)c3c(=O)c(C(=O)O)cn(C4CC4)c3c2F)C[C@H](C)N1
92.0,C[C@@H](C(=O)O)c1ccc(-c2cccc(F)c2)cc1
92.0,CCC(=O)C(C[C@@H](C)N(C)C)(c1ccccc1)c1ccccc1
92.0,CCC1(c2ccccc2)C(=O)NCNC1=O
92.0,NS(=O)(=O)c1cc(C(=O)O)cc(N2CCCC2)c1Oc1ccccc1
92.0,C[C@H](C(=O)O)c1cccc(C(=O)c2cccs2)c1
92.5,NCCNCCNCCN
93.0,Clc1ccc2c(c1)C(c1ccccc1)=NCc1nncn1-2
93.0,O=C1Nc2ccc(Cl)cc2C(c2ccccc2Cl)=N[C@@H]1O
93.0,Nc1nc(=O)n([C@@H]2CC[C@H](CO)O2)cc1F
93.0,COc1ccc(OC)c([C@H](O)CNC(=O)CN)c1
93.0,CC(C)(C)NC[C@H](O)COc1ccccc1C1CCCC1
93.0,CC(=O)C[C@H](c1ccccc1)c1c(O)c2ccccc2oc1=O
93.0,C#C[C@]1(O)C=CC2[C@@H]3CCC4=CC(=O)CC[C@@H]4[C@H]3CC[C@]21CC
93.0,CC[C@@]1(C)CC(=O)NC1=O
93.0,Nc1cc(-c2ccncc2)c[nH]c1=O
93.0,Cc1cccc2c1NC(=O)c1cccnc1N2C1CC1
93.0,C[C@H]1c2cccc(O)c2C(=O)C2=C(O)[C@@]3(O)C(=O)C(C(N)=O)=C(O)[C@H](N(C)C)[C@H]3[C@H](O)[C@H]21
93.0,CS(=O)(=O)c1ccc(C2=C(c3ccccc3)C(=O)OC2)cc1
93.0,Nc1ccc(S(=O)(=O)c2ccc(O)cc2)cc1
93.0,CC1(C)S[C@@H]2[C@H](NC(=O)[C@@H](N)c3ccc(O)cc3)C(=O)N2[C@H]1C(=O)O
93.0,Cn1cc[nH]c1=S
93.0,CCCN[C@H]1CCc2nc(N)sc2C1
93.5,O=C(O)Cc1nn(-c2ccc(F)cc2)cc1-c1ccc(Cl)cc1
94.0,N[C@@H](CN[C@@H]1C(=O)N2C(C(=O)O)=C(Cl)CC[C@H]12)c1ccccc1
94.0,CCOc1ccccc1O[C@H](c1ccccc1)[C@H]1CNCCO1
94.0,C[C@]12CCC3=C4CCC(=O)C=C4CC[C@H]3[C@@H]1CC[C@]2(O)CC#N
94.0,C#C[C@]1(O)CC[C@H]2[C@@H]3CCC4=CC(=O)CC[C@@H]4[C@H]3C=C[C@@]21CC
94.0,CC1=C(C(=O)O)N2C(=O)[C@@H](NC(=O)[C@@H](N)C3=CCC=CC3)[C@H]2SC1
95.0,N#CCCN1C(=O)[C@@H](O)N=C(c2ccccc2F)c2cc(Cl)ccc21
95.0,CCCNC(=O)NS(=O)(=O)c1ccc(Cl)cc1
95.0,Clc1cccc(Cl)c1N=C1NCCN1
95.0,C[C@H]1CN(c2cc3c(cc2F)c(=O)c(C(=O)O)cn3-c2ccc(F)cc2F)CCN1
95.0,C[C@H]1O[C@@H](O[C@H]2[C@@H](O)C[C@H](O[C@H]3[C@@H](O)C[C@H](O[C@H]4CC[C@@]5(C)[C@H](CC[C@@H]6[C@@H]5CC[C@]5(C)[C@@H](C7=CC(=O)OC7)CC[C@]65O)C4)O[C@@H]3C)O[C@@H]2C)C[C@H](O)[C@@H]1O
95.0,N=C1Cc2ccccc2N(C(N)=O)c2ccccc21
95.0,Cc1ccc(C(=O)c2ccc(CC(=O)O)n2C)cc1
95.0,CN1C(=O)C(C)(C2=CCCCC2)C(=O)N=C1O
95.0,CC[C@]1(CCC(C)C)C(=O)N=C(O)N=C1O
95.0,C[C@H](N)[C@H](O)c1ccccc1
95.0,Cc1cnc(C(=O)NCCc2ccc(S(=O)(=O)NC(=O)NC3CCCCC3)cc2)cn1
95.0,CC(C)NC[C@H](O)COc1cccc(NS(C)(=O)=O)c1
95.0,CC1=C(C(=O)O)N2C(=O)[C@@H](NC(=O)[C@@H](N)c3ccc(O)cc3)[C@H]2SC1
95.0,Nc1nc(N2CCCCC2)cc[n+]1[O-]
96.0,CC[C@@H]([C@H](C)O)n1ncn(-c2ccc(N3CCN(c4ccc(OC[C@@H]5CO[C@@](Cn6cncn6)(c6ccc(F)cc6F)C5)cc4)CC3)cc2)c1=O
96.0,COc1c(N2CCN[C@H](C)C2)c(F)cc2c(=O)c(C(=O)O)cn(C3CC3)c12
96.0,COc1cc(N[C@H](C)CCCN)c2ncccc2c1
96.0,Cn1c(=O)c2[nH]cnc2n(C)c1=O
96.0,Cn1nnc2c(C(N)=O)n[nH]c2c1=O
96.0,CCn1cc(C(=O)O)c(=O)c2ccc(C)nc21
96.0,CN(CCOc1ccc(NS(C)(=O)=O)cc1)CCc1ccc(NS(C)(=O)=O)cc1
96.0,CCN(CC)c1cc(C)nc2ncnn12
96.0,Cc1nsc(NS(=O)(=O)c2ccc(N)cc2)c1C
97.0,O=C1Nc2ccc(Cl)cc2C(c2ccccc2)=N[C@H]1O
97.0,C[C@]12COC(=O)C[C@@H]1CC[C@@H]1[C@@H]2CC[C@@]2(C)[C@H]1CC[C@]2(C)O
97.0,C[C@H](O)Cn1cnc2c1c(=O)n(C)c(=O)n2C
97.0,CN1C(=O)CC[C@H]1c1cccnc1
97.0,O=C1c2cccc3c2[C@H](CCC3)CN1[C@@H]1CN2CCC1CC2
97.0,O=C1c2ccccc2C(=O)C1c1ccccc1
97.0,CN(C)c1ccc(O)c2c1C[C@H]1C[C@H]3[C@H](N(C)C)C(O)=C(C(N)=O)C(=O)[C@@]3(O)C(O)=C1C2=O
97.0,CCCCN1C[C@H](O)[C@@H](O)[C@H](O)[C@H]1CO
97.0,Cc1ccc(S(=O)(=O)NC(=O)NN2C[C@H]3CCC[C@H]3C2)cc1
97.0,CS(=O)(=O)OC[C@@H](O)[C@@H](O)COS(C)(=O)=O
97.5999985,Nc1nnc(-c2cccc(Cl)c2Cl)c(N)n1
98.0,O=C1CN=C(c2ccccc2Cl)c2cc([N+](=O)[O-])ccc2N1
98.0,COc1cc(Cc2cnc(N)nc2N)cc(OC)c1OC
98.0,Cc1ccc(C)c(OCCCC(C)(C)C(=O)O)c1
98.0,Cc1ccc(NC(=O)c2ccc(CN3CCN(C)CC3)cc2)cc1Nc1nccc(-c2cccnc2)n1
98.0,Cn1c(=O)c2c(ncn2C)n(C)c1=O
98.0,CCS(=O)(=O)CCn1c([N+](=O)[O-])cnc1C
98.0,O=C(O)CCc1nc(-c2ccccc2)c(-c2ccccc2)o1
99.0,CC(C)(Oc1ccc([C@@H]2CC2(Cl)Cl)cc1)C(=O)O
99.0,CNC1=Nc2ccc(Cl)cc2C(c2ccccc2)=[N+]([O-])C1
99.0,CN1CCC[C@@H](N2N[C@H](Cc3ccc(Cl)cc3)c3ccccc3C2=O)CC1
99.0,CC(C)(Oc1ccc(CCNC(=O)c2ccccc2)cc1)C(=O)O
99.0,COc1ccc2cc([C@H](C)C(=O)O)ccc2c1
99.0,O=C1OC2(c3ccc(O)cc3Oc3cc(O)ccc32)c2ccccc21
99.0,C[C@H](CN1CCOCC1)C(C(=O)N1CCCC1)(c1ccccc1)c1ccccc1
99.0,O=[N+]([O-])O[C@H]1CO[C@H]2[C@@H]1OC[C@H]2O
99.0,OC[C@H]1O[C@H](O)[C@H](O)[C@@H](O)[C@@H]1O
99.0,CC(=O)Nc1ccc([C@@H](O)CNC(C)C)cc1
99.0,Cc1ncc([N+](=O)[O-])n1CCO
99.0,O=C(O)c1ccccc1O
99.0,CN1C(C(=O)Nc2ccccn2)=C(O)c2ccccc2S1(=O)=O
99.0,O=C(O)CCCC[C@@H]1SC[C@@H]2NC(=O)N[C@@H]21
99.0,CN(CCOc1ccc(C[C@@H]2SC(=O)NC2=O)cc1)c1ccccn1
99.0,S=C=Nc1cccc2ccccc12
99.0,CN(C)CC[C@@H](c1ccccc1)c1ccccn1
99.0,CC(=O)Nc1nnc(S(N)(=O)=O)s1
100.0,CC(=O)[C@@]1(O)CC[C@H]2[C@@H]3C=C(Cl)C4=CC(=O)[C@@H]5C[C@@H]5[C@]4(C)[C@H]3CC[C@@]21C
100.0,O=[P@]1(N(CCCl)CCCl)OCCCN1CCCl
100.0,CN(C)CCOc1ccc(/C(=C(/CCCl)c2ccccc2)c2ccccc2)cc1
100.0,Cc1ccc(-c2ncc(Cl)cc2-c2ccc(S(C)(=O)=O)cc2)cn1
100.0,CC(C)(C)NC[C@H](O)c1cc(Cl)c(N)c(Cl)c1
100.0,NS(=O)(=O)c1cc2c(cc1Cl)N[C@@H](CN1CCCC1)NS2(=O)=O
100.0,CN1C(=O)CN=C(c2ccccc2)c2cc(Cl)ccc21
100.0,COc1ccc2c(c1)c(CC(=O)O)cn2C(=O)c1ccc(Cl)cc1
100.0,CN1C(=O)CCS(=O)(=O)[C@@H]1c1ccc(Cl)cc1
100.0,CC1(C)NC(=O)N(c2ccc([N+](=O)[O-])c(C(F)(F)F)c2)C1=O
100.0,CCCCCOC(=O)Nc1nc(=O)n([C@@H]2O[C@H](C)[C@@H](O)[C@H]2O)cc1F
100.0,C[C@]1(O)CC[C@H]2[C@@H]3CCC4=CC(=O)CC[C@]4(C)[C@@]3(F)[C@@H](O)C[C@@]21C
100.0,CC(=O)NC[C@H]1CN(c2ccc(N3CCOCC3)c(F)c2)C(=O)O1
100.0,C[C@H]1COc2c(N3CCN(C)CC3)c(F)cc3c(=O)c(C(=O)O)cn1c23
100.0,C[C@@H]1CN([C@H]2CC[C@@](C#N)(c3ccc(F)cc3)CC2)CC[C@]1(C(=O)O)c1ccccc1
100.0,C[C@]12C[C@@H]3C[C@](C)(C1)C[C@@](N)(C3)C2
100.0,COc1cc2c(cc1OC)C(=O)[C@H](CC1CCN(Cc3ccccc3)CC1)C2
100.0,CC(C)CC[C@@H](O)COc1ccc(OCCOCC2CC2)cc1
100.0,COc1ccc([C@]2(C#N)CC[C@H](C(=O)O)CC2)cc1OC1CCCC1
100.0,COc1ccc2c3c1O[C@H]1C[C@@H](O)C=C[C@@]31CCN(C)C2
100.0,Cc1cccc(C)c1NC(=O)[C@@H](C)N
100.0,C#C[C@]1(O)CC[C@H]2[C@@H]3CCC4=CC(=O)CC[C@@H]4[C@H]3CC[C@@]21CC
100.0,CC[C@@H](C(N)=O)N1CCCC1=O
100.0,C=C1[C@H](CO)[C@@H](O)C[C@@H]1n1cnc2c(=O)nc(N)[nH]c21
100.0,CCC1(c2ccccc2)C(=O)NC(=O)NC1=O
100.0,CCCC(CCC)C(=O)O
100.0,C=C[C@@H](N)CCC(=O)O
100.0,O=C(c1ccccc1)c1ccc2n1CC[C@@H]2C(=O)O
100.0,CN[C@@H](C)[C@@H](O)c1ccccc1
100.0,O[C@](CCN1CCCCC1)(c1ccccc1)C1CCCCC1
100.0,CCC#CC[C@H](C)[C@H](O)C#C[C@@H]1[C@H]2C/C(=C\COCC(=O)O)C[C@H]2C[C@H]1O
100.0,CCCN(CCC)S(=O)(=O)c1ccc(C(=O)O)cc1
100.0,NS(=O)(=O)Cc1noc2ccccc12
100.0,CCOc1ccccc1OCCN[C@@H](C)Cc1ccc(OC)c(S(N)(=O)=O)c1
100.0,COc1ccccc1OCCNC[C@@H](O)c1ccc(C)cc1S(N)(=O)=O
100.0,CCC1=C(C)CN(C(=O)NCCc2ccc(S(=O)(=O)NC(=O)N[C@H]3CC[C@H](C)CC3)cc2)C1=O
100.0,CCCN1C[C@@H](NS(=O)(=O)N(CC)CC)C[C@@H]2Cc3c(O)cccc3C[C@H]21
100.0,C[C@H]([C@@](O)(Cn1cncn1)c1ccc(F)cc1F)S(C)(=O)=O
100.0,CCO[C@@H](Cc1ccc(OCCc2ccc(OS(C)(=O)=O)cc2)cc1)C(=O)O
100.0,NCCCNCCSP(=O)(O)O
100.0,CCCc1cc(C(N)=S)ccn1
100.0,N#Cc1ccc(C(c2ccc(C#N)cc2)n2cncn2)cc1
0.0,CCN(CC)CCOC(=O)c1ccc(N)cc1
0.0,N=C(N)NCCCC[C@@H]1NC(=O)CCSSC[C@@H](C(N)=O)NC(=O)[C@@H]2CCCN2C(=O)[C@H](Cc2c[nH]c3ccccc23)NC(=O)[C@H](CC(=O)O)NC(=O)CNC1=O
1.0,NC(=N\CCCCCC/N=C(N)/N=C(\N)Nc1ccc(Cl)cc1)/N=C(\N)Nc1ccc(Cl)cc1
3.9000001,O=C1CC2(CCCC2)CC(=O)N1CCCCN1CCN(c2ncccn2)CC1
10.0,NS(=O)(=O)c1cc(-c2nnn[nH]2)c(NCc2cccs2)cc1Cl
11.5,O=NN(CCCl)C(=O)NCCCl
13.0,CNCCCCOc1ccccc1Cc1ccccc1
21.0,Clc1ccc2nsnc2c1NC1=NCCN1
24.0,CC(C)n1c(/C=C/[C@@H](O)C[C@@H](O)CC(=O)O)c(-c2ccc(F)cc2)c2ccccc21
25.0,COc1ccccc1OCCNC[C@@H](O)OCc1cccc2[nH]c3ccccc3c12
49.0,CC[C@@]1(O)C(=O)CCc2c1cc1n(c2=O)Cc2cc3c(N)cccc3nc2-1
70.0,C[C@]12C=CC(=O)C=C1CC[C@@H]1[C@@H]2C(=O)C[C@@]2(C)[C@H]1CC[C@]2(O)C(=O)CO
70.0,CC(C)c1nc(CN(C)C(=O)N[C@H](C(=O)N[C@@H](Cc2ccccc2)C[C@H](O)[C@H](Cc2ccccc2)NC(=O)OCc2cncs2)C(C)C)cs1
72.0,CCCN(CCC)C(=O)Cc1c(-c2ccc(C)cc2)nc2ccc(C)cn12
75.0,O=C(CCCN1CC=C(n2c(=O)[nH]c3ccccc32)CC1)c1ccc(F)cc1
75.0,O=C(O)[C@H]1/C(=C\CO)O[C@@H]2CC(=O)N21
100.0,O=C(OCCN1CCN(c2cccc(C(F)(F)F)c2)CC1)c1ccccc1Nc1ccnc2cc(C(F)(F)F)ccc12
100.0,O=C1C(O)=C(O)O[C@@H]1[C@@H](O)CO
100.0,CN(C)[C@@H]1C(O)=C(C(=O)NCN[C@@H](CCCCN)C(=O)O)C(=O)[C@@]2(O)C(O)=C3C(=O)c4c(O)cccc4[C@@](C)(O)[C@@H]3C[C@@H]12
100.0,CN1C(C(=O)Nc2ccccn2)=Cc2sccc2S1(=O)=O
